concept_id,concept_name,aliases,concept_type,definition,chapter,section,page,chunk_id,evidence
C0001,Ck-12 Marks,,Component,,,,1,d1c600874cac4b918e51b4c6e5a8342f,
C0002,Sconyers Zahner,,Component,,,,1,d1c600874cac4b918e51b4c6e5a8342f,
C0003,Cifarelli Gloag Greenberg Jordan,,Component,,,,1,d1c600874cac4b918e51b4c6e5a8342f,
C0004,Jim Sconyers,,Component,"Printed: May 10, 2012  /lexboo<  next generation textbtwks  Authors  Victor Cifarelli, Andrew Gloag, Dan Greenberg, Lori Jordan, Jim Sconyers, Bill Zahner  Editor  Annamaria Farbizio  www.ckl2.org  Contents  1 Basics of Geometry 1",,,1,1c4458d9b1de499abd5af7effdc39749,"Printed: May 10, 2012  /lexboo<  next generation textbtwks  Authors  Victor Cifarelli, Andrew Gloag, Dan Greenberg, Lori Jordan, Jim Sconyers, Bill Zahner  Editor  Annamaria Farbizio  www.ckl2.org  Contents  1 Basics of Geometry 1"
C0005,Dan Greenberg,,Component,"Printed: May 10, 2012  /lexboo<  next generation textbtwks  Authors  Victor Cifarelli, Andrew Gloag, Dan Greenberg, Lori Jordan, Jim Sconyers, Bill Zahner  Editor  Annamaria Farbizio  www.ckl2.org  Contents  1 Basics of Geometry 1",,,1,1c4458d9b1de499abd5af7effdc39749,"Printed: May 10, 2012  /lexboo<  next generation textbtwks  Authors  Victor Cifarelli, Andrew Gloag, Dan Greenberg, Lori Jordan, Jim Sconyers, Bill Zahner  Editor  Annamaria Farbizio  www.ckl2.org  Contents  1 Basics of Geometry 1"
C0006,Annamaria Farbizio,,Component,"Printed: May 10, 2012  /lexboo<  next generation textbtwks  Authors  Victor Cifarelli, Andrew Gloag, Dan Greenberg, Lori Jordan, Jim Sconyers, Bill Zahner  Editor  Annamaria Farbizio  www.ckl2.org  Contents  1 Basics of Geometry 1",,,1,1c4458d9b1de499abd5af7effdc39749,"Printed: May 10, 2012  /lexboo<  next generation textbtwks  Authors  Victor Cifarelli, Andrew Gloag, Dan Greenberg, Lori Jordan, Jim Sconyers, Bill Zahner  Editor  Annamaria Farbizio  www.ckl2.org  Contents  1 Basics of Geometry 1"
C0007,Victor Cifarelli,,Component,"Printed: May 10, 2012  /lexboo<  next generation textbtwks  Authors  Victor Cifarelli, Andrew Gloag, Dan Greenberg, Lori Jordan, Jim Sconyers, Bill Zahner  Editor  Annamaria Farbizio  www.ckl2.org  Contents  1 Basics of Geometry 1",,,1,1c4458d9b1de499abd5af7effdc39749,"Printed: May 10, 2012  /lexboo<  next generation textbtwks  Authors  Victor Cifarelli, Andrew Gloag, Dan Greenberg, Lori Jordan, Jim Sconyers, Bill Zahner  Editor  Annamaria Farbizio  www.ckl2.org  Contents  1 Basics of Geometry 1"
C0008,Andrew Gloag,,Component,"Printed: May 10, 2012  /lexboo<  next generation textbtwks  Authors  Victor Cifarelli, Andrew Gloag, Dan Greenberg, Lori Jordan, Jim Sconyers, Bill Zahner  Editor  Annamaria Farbizio  www.ckl2.org  Contents  1 Basics of Geometry 1",,,1,1c4458d9b1de499abd5af7effdc39749,"Printed: May 10, 2012  /lexboo<  next generation textbtwks  Authors  Victor Cifarelli, Andrew Gloag, Dan Greenberg, Lori Jordan, Jim Sconyers, Bill Zahner  Editor  Annamaria Farbizio  www.ckl2.org  Contents  1 Basics of Geometry 1"
C0009,Lori Jordan,,Component,"Printed: May 10, 2012  /lexboo<  next generation textbtwks  Authors  Victor Cifarelli, Andrew Gloag, Dan Greenberg, Lori Jordan, Jim Sconyers, Bill Zahner  Editor  Annamaria Farbizio  www.ckl2.org  Contents  1 Basics of Geometry 1",,,1,1c4458d9b1de499abd5af7effdc39749,"Printed: May 10, 2012  /lexboo<  next generation textbtwks  Authors  Victor Cifarelli, Andrew Gloag, Dan Greenberg, Lori Jordan, Jim Sconyers, Bill Zahner  Editor  Annamaria Farbizio  www.ckl2.org  Contents  1 Basics of Geometry 1"
C0010,Bill Zahner,,Component,"Printed: May 10, 2012  /lexboo<  next generation textbtwks  Authors  Victor Cifarelli, Andrew Gloag, Dan Greenberg, Lori Jordan, Jim Sconyers, Bill Zahner  Editor  Annamaria Farbizio  www.ckl2.org  Contents  1 Basics of Geometry 1",,,1,1c4458d9b1de499abd5af7effdc39749,"Printed: May 10, 2012  /lexboo<  next generation textbtwks  Authors  Victor Cifarelli, Andrew Gloag, Dan Greenberg, Lori Jordan, Jim Sconyers, Bill Zahner  Editor  Annamaria Farbizio  www.ckl2.org  Contents  1 Basics of Geometry 1"
C0011,Creative Commons Attribution,,Component,,,,1,1c4458d9b1de499abd5af7effdc39749,
C0012,Proof,,Theory,"mZl + mZ2 + mZ3 = 180°  mlM + mlA + mlT = 180°  82° + 27° + mlT = 180°  109° + mlT = 180°  mlT = 71°  Even thought Investigation 4-1 is a way to show that the angles in a triangle add up to 180°, it is not a  proof.",Chapter 4,4.1 Triangle Sums,63,31fa0b0f08704fc7ae1d317035480481,"mZl + mZ2 + mZ3 = 180°  mlM + mlA + mlT = 180°  82° + 27° + mlT = 180°  109° + mlT = 180°  mlT = 71°  Even thought Investigation 4-1 is a way to show that the angles in a triangle add up to 180°, it is not a  proof."
C0013,Perpendicular,,Component,Definition of perpendicular lines  Definition of a right angle  Corresponding Angles Postulate  Transitive PoE  Congruent Linear Pairs  Vertical Angles Theorem  Definition of right angle  Definition of perpendicular lines,Chapter 3,3.4 Properties of Perpendicular Lines,54,8658d6e107ce495fb0a60b485399a6db,Definition of perpendicular lines  Definition of a right angle  Corresponding Angles Postulate  Transitive PoE  Congruent Linear Pairs  Vertical Angles Theorem  Definition of right angle  Definition of perpendicular lines
C0014,Parallel,,Component,TA= yj(2 - 8) 2 + (4 - 0) 2  = ^(-6) 2 + 4 2  = V36 + 16 = V52  RP= ^(6 -0) 2 + (4-0)<  = V6 2 + 4 2  = V36 + 16 = V52  Midsegment of a Trapezoid  Midsegment (of a trapezoid): A line segment that connects the midpoints of the non-parallel sides.,Chapter 6,6.5 Trapezoids and Kites,109,ea550e8d57ab4b69b7cf2ba5bcf50cb6,TA= yj(2 - 8) 2 + (4 - 0) 2  = ^(-6) 2 + 4 2  = V36 + 16 = V52  RP= ^(6 -0) 2 + (4-0)<  = V6 2 + 4 2  = V36 + 16 = V52  Midsegment of a Trapezoid  Midsegment (of a trapezoid): A line segment that connects the midpoints of the non-parallel sides.
C0015,Congruence,,Component,"187  www.ckl2.org  Side- Angle-Side (SAS) Triangle Congruence Postulate: If two sides and the included angle in one  triangle are congruent to two sides and the included angle in another triangle, then the two triangles are  congruent.",Chapter 4,4.3 Triangle Congruence using SSS and SAS,70,cf35341bfcec44f4997c2ed86106c7a2,"187  www.ckl2.org  Side- Angle-Side (SAS) Triangle Congruence Postulate: If two sides and the included angle in one  triangle are congruent to two sides and the included angle in another triangle, then the two triangles are  congruent."
C0016,Similarity,,Component,"SAS Similarity Theorem: If two sides in one triangle are proportional to two sides in another triangle  and the included angle in both are congruent, then the two triangles are similar.",Chapter 6,7.4 Similarity by SSS and SAS,122,ddbc3ca865734f3492f1bc43d2961eee,"SAS Similarity Theorem: If two sides in one triangle are proportional to two sides in another triangle  and the included angle in both are congruent, then the two triangles are similar."
C0017,Triangle,,Component,"Triangle is congruent to two sides of  another triangle, but the third side of the first triangle is longer than the third side of the second triangle,  then the included angle of the first triangle is greater in measure than the included angle of the second  triangle",Chapter 5,5.5 Extension: Indirect Proof,96,0c0068263ed94e9d9d1e806543efdcbc,"Solution: The SSS Inequality Theorem says: ""If two sides of a triangle are congruent to two sides of  another triangle, but the third side of the first triangle is longer than the third side of the second triangle,  then the included angle of the first triangle is greater in measure than the included angle of the second  triangle."" First, assume the opposite of the conclusion."
C0018,Trigonometry,,Component,Trigonometry: The study of the relationships between the sides and angles of right triangles.,Chapter 8,"8.5 Tangent, Sine and Cosine",141,6823043e78f349feb4644b7776c95bb6,Trigonometry: The study of the relationships between the sides and angles of right triangles.
C0019,Right Triangle,"Right Angle, Right Angles",Component,"381  www.ckl2.org  Converse of the Pythagorean Theorem  Pythagorean Theorem Converse: If the square of the longest side of a triangle is equal to the sum of  the squares of the other two sides, then the triangle is a right triangle.",Chapter 8,8.2 Converse of the Pythagorean Theorem,134,68f45000426a480da64aebbdad664f3c,"381  www.ckl2.org  Converse of the Pythagorean Theorem  Pythagorean Theorem Converse: If the square of the longest side of a triangle is equal to the sum of  the squares of the other two sides, then the triangle is a right triangle."
C0020,Right Triangle Trigonometry,,Component,Right Triangle Trigonometry  Chapter 8 takes a look at right triangles.,Chapter 8,7.9 Study Guide,131,5eadfad97f6d44a98f7c29ac03f76d71,Right Triangle Trigonometry  Chapter 8 takes a look at right triangles.
C0021,Area,,Component,"""•"" — '-^cylinder T '-^hemisphere T"" ^base circle  = 7T77Z H — 4nr + /rr  2  = 7r(6)(13) + 2^6 2 + 7r6 2  = 78?r + 72/r + 36tt  186/r in 1  'LA"" stands for lateral area.",Chapter 11,11.6 Surface Area and Volume of Spheres,193,2d9048cac5d04ca1a4d6952812ee11fa,"""•"" — '-^cylinder T '-^hemisphere T"" ^base circle  = 7T77Z H — 4nr + /rr  2  = 7r(6)(13) + 2^6 2 + 7r6 2  = 78?r + 72/r + 36tt  186/r in 1  'LA"" stands for lateral area."
C0022,Perimeter,,Component,Table 7.5:  Stage  Stage 1  Stage 2  Number of Edges 3  Edge Length 1  Perimeter 3  12  i  3  4  48  l  9  f = 5.3  The Cantor Set  The Cantor set is another fractal that consists of dividing a segment into thirds and then erasing the middle  third.,Chapter 6,7.7 Extension : Self-Similarity,129,63c5e8c6dc5a4d9a95f824f37cf8db28,Table 7.5:  Stage  Stage 1  Stage 2  Number of Edges 3  Edge Length 1  Perimeter 3  12  i  3  4  48  l  9  f = 5.3  The Cantor Set  The Cantor set is another fractal that consists of dividing a segment into thirds and then erasing the middle  third.
C0023,Surface Area,Surface Areas,Component,"Surface Area of a Sphere  The best way to understand the surface area of a sphere is to watch the link by Russell Knightley, http :  //www .",Chapter 11,11.6 Surface Area and Volume of Spheres,193,57a241df9b13419493811e59aa2a6994,"Surface Area of a Sphere  The best way to understand the surface area of a sphere is to watch the link by Russell Knightley, http :  //www ."
C0024,Volume,,Component,"B = -(9)(8 + 4) = 9(6) = 54 cm 2  V = 54(15) = 810 cm 3  Volume of a Cylinder  If we use the formula for the volume of a prism, V = Bh, we can find the volume of a cylinder.",Chapter 11,11.4 Volume of Prisms and Cylinders,189,7666dfe536324386a32455de3fcda752,"B = -(9)(8 + 4) = 9(6) = 54 cm 2  V = 54(15) = 810 cm 3  Volume of a Cylinder  If we use the formula for the volume of a prism, V = Bh, we can find the volume of a cylinder."
C0025,Rigid Transformations,Rigid Transformation,Component,"Rigid Transformations  The final chapter of Geometry transforms a figure by moving, flipping, or rotating it.",Chapter 12,11.9 Study Guide,198,deb2fbbc7df94d218c1769b6dd1363ec,"Rigid Transformations  The final chapter of Geometry transforms a figure by moving, flipping, or rotating it."
C0026,Plane,,Component,"o  regular  tetrahedron  ^#  cube regular regular regular  octahedron dodecagon icosahedron  Cross-Sections  One way to ""view"" a three-dimensional figure in a two-dimensional plane, like in this text, is to use  cross-sections.",Chapter 11,11.1 Exploring Solids,181,25cf41f3253b4de0924757aeaf73b2c5,"o  regular  tetrahedron  ^#  cube regular regular regular  octahedron dodecagon icosahedron  Cross-Sections  One way to ""view"" a three-dimensional figure in a two-dimensional plane, like in this text, is to use  cross-sections."
C0027,Point,,Component,Center  Chord  Secant  Point of Tangency  Homework:  2 nd Section: Properties of Arcs  Central Angle  £  Arc  Semicircle  Minor Arc  Major Arc  Congruent Arcs  Arc Addition Postulate  Homework:  3 rd Section: Properties of Chords,Chapter 9,9.9 Study Guide,165,997e5dea7eec457ab14b180f2a633e33,Center  Chord  Secant  Point of Tangency  Homework:  2 nd Section: Properties of Arcs  Central Angle  £  Arc  Semicircle  Minor Arc  Major Arc  Congruent Arcs  Arc Addition Postulate  Homework:  3 rd Section: Properties of Chords
C0028,Angle,,Component,Solution:  mlACB + 115° = 180° because they are a linear pair  mlACB = 65°  mlA + 65° + 79° = 180° by the Triangle Sum Theorem  mlA = 36°  Remote Interior Angles: The two angles in a triangle that are not adjacent to the indicated exterior  angle.,Chapter 4,4.1 Triangle Sums,64,253c4efe913948b585d0e1e57125d70b,Solution:  mlACB + 115° = 180° because they are a linear pair  mlACB = 65°  mlA + 65° + 79° = 180° by the Triangle Sum Theorem  mlA = 36°  Remote Interior Angles: The two angles in a triangle that are not adjacent to the indicated exterior  angle.
C0029,Line,,Component,TA= yj(2 - 8) 2 + (4 - 0) 2  = ^(-6) 2 + 4 2  = V36 + 16 = V52  RP= ^(6 -0) 2 + (4-0)<  = V6 2 + 4 2  = V36 + 16 = V52  Midsegment of a Trapezoid  Midsegment (of a trapezoid): A line segment that connects the midpoints of the non-parallel sides.,Chapter 6,6.5 Trapezoids and Kites,109,ea550e8d57ab4b69b7cf2ba5bcf50cb6,TA= yj(2 - 8) 2 + (4 - 0) 2  = ^(-6) 2 + 4 2  = V36 + 16 = V52  RP= ^(6 -0) 2 + (4-0)<  = V6 2 + 4 2  = V36 + 16 = V52  Midsegment of a Trapezoid  Midsegment (of a trapezoid): A line segment that connects the midpoints of the non-parallel sides.
C0030,Studying,,Component,"If you played with these blocks, then you have been ""studying"" geometry since you were a child.",Chapter 1,"1.1 Points, Lines, and Planes",3,f4d1cf7bcccb449a92bab58a6d2b4e18,"If you played with these blocks, then you have been ""studying"" geometry since you were a child."
C0031,Review Queue,,Component,"www.ckl2.org  480  Yukon, M  m  K Beijing,  ^China  Canadak""  V*  A^-^  V  Cape Horn""  ki  ^Jakarta,  Indonesia  Moon  Segments from Chords  In the Review Queue above, we have two chords that intersect inside a circle.",Chapter 9,"9.6 Segments of Chords, Secants, and Tangents",160,d7399769c07d46cbb248f63536f4317d,"www.ckl2.org  480  Yukon, M  m  K Beijing,  ^China  Canadak""  V*  A^-^  V  Cape Horn""  ki  ^Jakarta,  Indonesia  Moon  Segments from Chords  In the Review Queue above, we have two chords that intersect inside a circle."
C0032,Building Blocks,,Component,1 www.ckl2.org  Building Blocks  Point: An exact location in space.,Chapter 1,"1.1 Points, Lines, and Planes",3,f4d1cf7bcccb449a92bab58a6d2b4e18,1 www.ckl2.org  Building Blocks  Point: An exact location in space.
C0033,Octagon,,Component,(n - 2) X 180°  ^ = 135°  n  180°n - 360° = 135°n  -360° = -45°?i  n = 8 The polygon is an octagon.,Chapter 6,6.1 Angles in Polygons,98,2c834a24560c45f1bfffa562fe1b972a,(n - 2) X 180°  ^ = 135°  n  180°n - 360° = 135°n  -360° = -45°?i  n = 8 The polygon is an octagon.
C0034,Know What,,Component,443 www.ckl2.org  (4x+15)°  (6x +3)°  Solution:  mAB + mAD + mDB = 360°  (4* + 15)° + 92° + (6x + 3)° = 360°  10x+110° = 360°  lOx = 250°  x = 25°  Know What?,Chapter 9,9.2 Properties of Arcs,152,68450838d0864d068d9668503785bcda,443 www.ckl2.org  (4x+15)°  (6x +3)°  Solution:  mAB + mAD + mDB = 360°  (4* + 15)° + 92° + (6x + 3)° = 360°  10x+110° = 360°  lOx = 250°  x = 25°  Know What?
C0035,ABC,,Component,"(a) Planes ABC and EFG  (b) Planes ABC and CDH  (c) B~D and CG  Parallel Line Postulate  Parallel Postulate: For any line and a point not on the line, there is one line parallel to this line through  the point.",Chapter 3,3.1 Lines and Angles,44,423c38bffe0f49e7a853018602dad580,"(a) Planes ABC and EFG  (b) Planes ABC and CDH  (c) B~D and CG  Parallel Line Postulate  Parallel Postulate: For any line and a point not on the line, there is one line parallel to this line through  the point."
C0036,Say It,,Component,Table 1.6:  Label It  Say It  AB  mAB  The distance between A and B  The measure of AB  Ruler Postulate  Ruler Postulate: The distance between two points is the absolute value of the difference between the  numbers shown on the ruler.,Chapter 1,1.2 Segments and Distance,7,56444947afb7419d8089e1f7b7752f5b,Table 1.6:  Label It  Say It  AB  mAB  The distance between A and B  The measure of AB  Ruler Postulate  Ruler Postulate: The distance between two points is the absolute value of the difference between the  numbers shown on the ruler.
C0037,Learning Objectives,,Component,"Learning Objectives  • Use the converses of the Corresponding Angles Postulate, Alternate Interior Angles Theorem, Alter-  nate Exterior Angles Theorem, and the Consecutive Interior Angles Theorem to show that lines are  parallel.",Chapter 3,3.3 Proving Lines Parallel,50,487200eeecb942a7a2b70521175a3159,"Learning Objectives  • Use the converses of the Corresponding Angles Postulate, Alternate Interior Angles Theorem, Alter-  nate Exterior Angles Theorem, and the Consecutive Interior Angles Theorem to show that lines are  parallel."
C0038,Label It,,Component,Table 1.6:  Label It  Say It  AB  mAB  The distance between A and B  The measure of AB  Ruler Postulate  Ruler Postulate: The distance between two points is the absolute value of the difference between the  numbers shown on the ruler.,Chapter 1,1.2 Segments and Distance,7,56444947afb7419d8089e1f7b7752f5b,Table 1.6:  Label It  Say It  AB  mAB  The distance between A and B  The measure of AB  Ruler Postulate  Ruler Postulate: The distance between two points is the absolute value of the difference between the  numbers shown on the ruler.
C0039,San Diego,,Component,Here is a picture of the support beams for the Coronado Bridge in San Diego.,Chapter 3,3.3 Proving Lines Parallel,50,487200eeecb942a7a2b70521175a3159,Here is a picture of the support beams for the Coronado Bridge in San Diego.
C0040,Basics Now,,Component,"Beyond the Basics Now we can use point, line, and plane to define new terms.",Chapter 1,"1.1 Points, Lines, and Planes",4,687b0ac858c54623adafabea92c853be,"Beyond the Basics Now we can use point, line, and plane to define new terms."
C0041,Line Segment,,Component,TA= yj(2 - 8) 2 + (4 - 0) 2  = ^(-6) 2 + 4 2  = V36 + 16 = V52  RP= ^(6 -0) 2 + (4-0)<  = V6 2 + 4 2  = V36 + 16 = V52  Midsegment of a Trapezoid  Midsegment (of a trapezoid): A line segment that connects the midpoints of the non-parallel sides.,Chapter 6,6.5 Trapezoids and Kites,109,ea550e8d57ab4b69b7cf2ba5bcf50cb6,TA= yj(2 - 8) 2 + (4 - 0) 2  = ^(-6) 2 + 4 2  = V36 + 16 = V52  RP= ^(6 -0) 2 + (4-0)<  = V6 2 + 4 2  = V36 + 16 = V52  Midsegment of a Trapezoid  Midsegment (of a trapezoid): A line segment that connects the midpoints of the non-parallel sides.
C0042,BDG,,Component,,Chapter 1,"1.1 Points, Lines, and Planes",4,687b0ac858c54623adafabea92c853be,
C0043,Label It Say It,,Component,"www.ckl2.org  356  Table 7.3:  Label It Say It  ' ""prime"" (copy of the original)  A' ""a prime"" (copy of point A)  A"" ""a double prime"" (second copy)",Chapter 6,7.6 Similarity Transformations,126,44f7a469a43d4867a6d69c55805332a7,"www.ckl2.org  356  Table 7.3:  Label It Say It  ' ""prime"" (copy of the original)  A' ""a prime"" (copy of point A)  A"" ""a double prime"" (second copy)"
C0044,Ray,,Component,"Theorem 7-8: If a ray bisects an angle of a triangle, then it divides the opposite side into segments that  are proportional to the lengths of the other two sides.",Chapter 6,7.5 Proportionality Relationships,125,49bab8537f3b4140bb6be9dac4c13ffb,"Theorem 7-8: If a ray bisects an angle of a triangle, then it divides the opposite side into segments that  are proportional to the lengths of the other two sides."
C0045,Theorem,,Formula,Solution:  mlACB + 115° = 180° because they are a linear pair  mlACB = 65°  mlA + 65° + 79° = 180° by the Triangle Sum Theorem  mlA = 36°  Remote Interior Angles: The two angles in a triangle that are not adjacent to the indicated exterior  angle.,Chapter 4,4.1 Triangle Sums,64,253c4efe913948b585d0e1e57125d70b,Solution:  mlACB + 115° = 180° because they are a linear pair  mlACB = 65°  mlA + 65° + 79° = 180° by the Triangle Sum Theorem  mlA = 36°  Remote Interior Angles: The two angles in a triangle that are not adjacent to the indicated exterior  angle.
C0046,Postulate,,Formula,"187  www.ckl2.org  Side- Angle-Side (SAS) Triangle Congruence Postulate: If two sides and the included angle in one  triangle are congruent to two sides and the included angle in another triangle, then the two triangles are  congruent.",Chapter 4,4.3 Triangle Congruence using SSS and SAS,70,cf35341bfcec44f4997c2ed86106c7a2,"187  www.ckl2.org  Side- Angle-Side (SAS) Triangle Congruence Postulate: If two sides and the included angle in one  triangle are congruent to two sides and the included angle in another triangle, then the two triangles are  congruent."
C0047,Line Investigation,,Component,Investigation 1-1: Line Investigation  1.,Chapter 1,"1.1 Points, Lines, and Planes",5,23bf365bbe1b4073a6833f017110d516,Investigation 1-1: Line Investigation  1.
C0048,Redraw Example,,Component,"Example 6b: Redraw Example 6a, so that it looks different but is still true.",Chapter 1,"1.1 Points, Lines, and Planes",5,6c4bf2b56cce4033850965d6007e3cc0,"Example 6b: Redraw Example 6a, so that it looks different but is still true."
C0049,Octa,,Component,"In Latin, ""octo"" or ""octa"" means 8, so octagon,  literally means ""8-sided figure."" An octagon in real-life would be a stop sign.",Chapter 1,"1.1 Points, Lines, and Planes",5,7971c7f43c214ecd9e9c9b681da6e36e,"In Latin, ""octo"" or ""octa"" means 8, so octagon,  literally means ""8-sided figure."" An octagon in real-life would be a stop sign."
C0050,Octo,,Component,"In Latin, ""octo"" or ""octa"" means 8, so octagon,  literally means ""8-sided figure."" An octagon in real-life would be a stop sign.",Chapter 1,"1.1 Points, Lines, and Planes",5,7971c7f43c214ecd9e9c9b681da6e36e,"In Latin, ""octo"" or ""octa"" means 8, so octagon,  literally means ""8-sided figure."" An octagon in real-life would be a stop sign."
C0051,Revisited The,"Revisited It, Revisited To, Revisited You",Component,"Revisited The series of events is as follows:  If the man raises his spoon, then it pulls a string, which tugs the spoon back, then it throws a cracker into  the air, the bird will eat it and turns the pedestal.",Chapter 1,2.2 Conditional Statements,29,98c8d7eac4ca4aaaa0e5ea9d98ccb264,"Revisited The series of events is as follows:  If the man raises his spoon, then it pulls a string, which tugs the spoon back, then it throws a cracker into  the air, the bird will eat it and turns the pedestal."
C0052,Review Questions,,Component,"Revisited  a) (x,v) -> (x-84,v + 187)  b) (jt,y) -> (x-39,y + 108)  619  www.cki2.0rg  c) (x,y) -> (x-123,y + 295)  d) (x,y) -» (x + 39,y-108)  Review Questions  • Questions 1-13 are similar to Example 1.",Chapter 12,12.2 Translations,202,cbc7c79c61c1405eabdec41820d1652a,"Revisited  a) (x,v) -> (x-84,v + 187)  b) (jt,y) -> (x-39,y + 108)  619  www.cki2.0rg  c) (x,y) -> (x-123,y + 295)  d) (x,y) -» (x + 39,y-108)  Review Questions  • Questions 1-13 are similar to Example 1."
C0053,Line Ab,,Component,"AB could be read ""line AB"" or ""line BAP  Review Queue Answers  1.",Chapter 1,"1.1 Points, Lines, and Planes",6,cc0f9aa2f66643fc9f7dfba517d21634,"AB could be read ""line AB"" or ""line BAP  Review Queue Answers  1."
C0054,BAP,,Component,"AB could be read ""line AB"" or ""line BAP  Review Queue Answers  1.",Chapter 1,"1.1 Points, Lines, and Planes",6,cc0f9aa2f66643fc9f7dfba517d21634,"AB could be read ""line AB"" or ""line BAP  Review Queue Answers  1."
C0055,Ray Ab,,Component,"AB could be read ""ray AB"" or ""ray ""fiA.""  25.",Chapter 1,"1.1 Points, Lines, and Planes",6,cc0f9aa2f66643fc9f7dfba517d21634,"AB could be read ""ray AB"" or ""ray ""fiA.""  25."
C0056,Review Queue Answers,Review Queue Answer,Component,mlABC = \mAC  All radii are congruent  Definition of an isosceles triangle  Arc Addition Postulate  Distributive PoE  www.ckl2.org  468  Review Queue Answers  1.,Chapter 9,9.4 Inscribed Angles,157,0c236d6e47384f1d980a24d4121bcf7b,mlABC = \mAC  All radii are congruent  Definition of an isosceles triangle  Arc Addition Postulate  Distributive PoE  www.ckl2.org  468  Review Queue Answers  1.
C0057,Measuring Distances,,Component,,Chapter 1,1.2 Segments and Distance,6,abfac2f5fe644b48a69d84ff6a46c193,
C0058,SCALE,,Component,"cP  centimeter  The two rulers above are NOT DRAWN TO SCALE, which means that the measured length is not  the distance apart that it is labeled.",Chapter 1,1.2 Segments and Distance,6,80150bffab5e421f923d727921bb0029,"cP  centimeter  The two rulers above are NOT DRAWN TO SCALE, which means that the measured length is not  the distance apart that it is labeled."
C0059,USE,,Component,DO NOT USE THE EDGE OF THE RULER.,Chapter 1,1.2 Segments and Distance,6,80150bffab5e421f923d727921bb0029,DO NOT USE THE EDGE OF THE RULER.
C0060,EDGE,,Component,DO NOT USE THE EDGE OF THE RULER.,Chapter 1,1.2 Segments and Distance,6,80150bffab5e421f923d727921bb0029,DO NOT USE THE EDGE OF THE RULER.
C0061,DRAWN,,Component,"cP  centimeter  The two rulers above are NOT DRAWN TO SCALE, which means that the measured length is not  the distance apart that it is labeled.",Chapter 1,1.2 Segments and Distance,6,80150bffab5e421f923d727921bb0029,"cP  centimeter  The two rulers above are NOT DRAWN TO SCALE, which means that the measured length is not  the distance apart that it is labeled."
C0062,RULER,,Component,DO NOT USE THE EDGE OF THE RULER.,Chapter 1,1.2 Segments and Distance,6,80150bffab5e421f923d727921bb0029,DO NOT USE THE EDGE OF THE RULER.
C0063,Absolute Value,,Component,Table 1.6:  Label It  Say It  AB  mAB  The distance between A and B  The measure of AB  Ruler Postulate  Ruler Postulate: The distance between two points is the absolute value of the difference between the  numbers shown on the ruler.,Chapter 1,1.2 Segments and Distance,7,56444947afb7419d8089e1f7b7752f5b,Table 1.6:  Label It  Say It  AB  mAB  The distance between A and B  The measure of AB  Ruler Postulate  Ruler Postulate: The distance between two points is the absolute value of the difference between the  numbers shown on the ruler.
C0064,Ruler Postulate,,Formula,Table 1.6:  Label It  Say It  AB  mAB  The distance between A and B  The measure of AB  Ruler Postulate  Ruler Postulate: The distance between two points is the absolute value of the difference between the  numbers shown on the ruler.,Chapter 1,1.2 Segments and Distance,7,56444947afb7419d8089e1f7b7752f5b,Table 1.6:  Label It  Say It  AB  mAB  The distance between A and B  The measure of AB  Ruler Postulate  Ruler Postulate: The distance between two points is the absolute value of the difference between the  numbers shown on the ruler.
C0065,NOTE,,Component,"NOTE: We label a line segment, AB and the distance between A and B is shown below, m means measure.",Chapter 1,1.2 Segments and Distance,7,56444947afb7419d8089e1f7b7752f5b,"NOTE: We label a line segment, AB and the distance between A and B is shown below, m means measure."
C0066,Segment Addition Postulate,Segment Additional Postulate,Formula,"A  Solution: AD _L FC  mlADB = mlBDC = mlFDE = 45°  AD = DE  FD = DB = DC  mlADF = mlADC = 90°  Angle Addition Postulate  Like the Segment Addition Postulate, there is an Angle Addition Postulate.",Chapter 1,1.3 Angles and Measurement,12,510cf28c81974093a9b6e35fb669e6ce,"A  Solution: AD _L FC  mlADB = mlBDC = mlFDE = 45°  AD = DE  FD = DB = DC  mlADF = mlADC = 90°  Angle Addition Postulate  Like the Segment Addition Postulate, there is an Angle Addition Postulate."
C0067,Algebra Connection For,"Algebra Connection, Algebra Connection Find, Algebra Connection If, Algebra Connection The",Component,The  proportion is:  www.ckl2.org  350  9 _ 21  x ~ 14  21x = 126  x = 6  Example 9: Algebra Connection Find the value of x that would make the proportion true.,Chapter 6,7.5 Proportionality Relationships,126,6f7e7f9ddb6849bf81a6b0adc57c3a92,The  proportion is:  www.ckl2.org  350  9 _ 21  x ~ 14  21x = 126  x = 6  Example 9: Algebra Connection Find the value of x that would make the proportion true.
C0068,TTT,,Component,1 2 3 4  1JTJ  TTT  cm  23456789 10  13.,Chapter 1,1.2 Segments and Distance,9,40ed8aaf54a241bebf23e5955dd5cce4,1 2 3 4  1JTJ  TTT  cm  23456789 10  13.
C0069,AMI,,Component,"(c) If HM = 18 cm and HA = 29 cm, what is AMI  17.",Chapter 1,1.2 Segments and Distance,9,40ed8aaf54a241bebf23e5955dd5cce4,"(c) If HM = 18 cm and HA = 29 cm, what is AMI  17."
C0070,One Angle,,Component,"www.ckl2.org  18  Two Rays = One Angle  In #1 above, the figure was a ray.",Chapter 1,1.3 Angles and Measurement,9,b87496da8c4a465ea53055b3f3c56c13,"www.ckl2.org  18  Two Rays = One Angle  In #1 above, the figure was a ray."
C0071,Vertex,,Component,"269 www.ckl2.ors  As you can see, there are two sets of exterior angles for any vertex on a polygon, one going around clockwise  (1 st hexagon), and the other going around counter-clockwise (2 nd hexagon).",Chapter 6,6.1 Angles in Polygons,98,2c8e5a4a2d6e4e18a773a44da7a10c45,"269 www.ckl2.ors  As you can see, there are two sets of exterior angles for any vertex on a polygon, one going around clockwise  (1 st hexagon), and the other going around counter-clockwise (2 nd hexagon)."
C0072,SIDE,,Component,"Always use three letters to name an angle, Z  SIDE- VERTEX-SIDE.",Chapter 1,1.3 Angles and Measurement,9,b87496da8c4a465ea53055b3f3c56c13,"Always use three letters to name an angle, Z  SIDE- VERTEX-SIDE."
C0073,Castle,,Component,"Using a protractor, find the measure of the three outlined angles in the ""castle"" to the right.",Chapter 1,1.3 Angles and Measurement,9,b87496da8c4a465ea53055b3f3c56c13,"Using a protractor, find the measure of the three outlined angles in the ""castle"" to the right."
C0074,CBA,,Component,Table 1.7:  Label It  Say It  lABC  ICBA  Angle ABC  Angle CBA  The vertex is B and the sides are BA and BC.,Chapter 1,1.3 Angles and Measurement,9,b87496da8c4a465ea53055b3f3c56c13,Table 1.7:  Label It  Say It  lABC  ICBA  Angle ABC  Angle CBA  The vertex is B and the sides are BA and BC.
C0075,ICBA,,Component,Table 1.7:  Label It  Say It  lABC  ICBA  Angle ABC  Angle CBA  The vertex is B and the sides are BA and BC.,Chapter 1,1.3 Angles and Measurement,9,b87496da8c4a465ea53055b3f3c56c13,Table 1.7:  Label It  Say It  lABC  ICBA  Angle ABC  Angle CBA  The vertex is B and the sides are BA and BC.
C0076,Two Rays,,Component,"www.ckl2.org  18  Two Rays = One Angle  In #1 above, the figure was a ray.",Chapter 1,1.3 Angles and Measurement,9,b87496da8c4a465ea53055b3f3c56c13,"www.ckl2.org  18  Two Rays = One Angle  In #1 above, the figure was a ray."
C0077,Protractor Postulate,,Formula,"Just like the Ruler Postulate for line segments, there is a Protractor Postulate for angles.",Chapter 1,1.3 Angles and Measurement,10,89f24f6c73344fb0b355eeb8d8bed5fc,"Just like the Ruler Postulate for line segments, there is a Protractor Postulate for angles."
C0078,Angle Addition Postulate,Area Addition Postulate,Formula,"A  Solution: AD _L FC  mlADB = mlBDC = mlFDE = 45°  AD = DE  FD = DB = DC  mlADF = mlADC = 90°  Angle Addition Postulate  Like the Segment Addition Postulate, there is an Angle Addition Postulate.",Chapter 1,1.3 Angles and Measurement,12,510cf28c81974093a9b6e35fb669e6ce,"A  Solution: AD _L FC  mlADB = mlBDC = mlFDE = 45°  AD = DE  FD = DB = DC  mlADF = mlADC = 90°  Angle Addition Postulate  Like the Segment Addition Postulate, there is an Angle Addition Postulate."
C0079,Open,,Component,"A protractor is a measuring device that measures how ""open"" an angle is.",Chapter 1,1.3 Angles and Measurement,10,f1116aea7e684fe0b7b05c3862789e5a,"A protractor is a measuring device that measures how ""open"" an angle is."
C0080,IXUY,,Component,"U' u» Z  So, the three angles can be labeled, IXUY (or lYUX), lYUZ (or IZUY), and IXUZ (or iZUX).",Chapter 1,1.3 Angles and Measurement,10,f1116aea7e684fe0b7b05c3862789e5a,"U' u» Z  So, the three angles can be labeled, IXUY (or lYUX), lYUZ (or IZUY), and IXUZ (or iZUX)."
C0081,IZUY,,Component,"U' u» Z  So, the three angles can be labeled, IXUY (or lYUX), lYUZ (or IZUY), and IXUZ (or iZUX).",Chapter 1,1.3 Angles and Measurement,10,f1116aea7e684fe0b7b05c3862789e5a,"U' u» Z  So, the three angles can be labeled, IXUY (or lYUX), lYUZ (or IZUY), and IXUZ (or iZUX)."
C0082,Protractor,,Component,"Protractor is measuring device that measures how ""open"" an angle is",Chapter 1,1.3 Angles and Measurement,10,f1116aea7e684fe0b7b05c3862789e5a,"A protractor is a measuring device that measures how ""open"" an angle is."
C0083,IXUZ,,Component,"U' u» Z  So, the three angles can be labeled, IXUY (or lYUX), lYUZ (or IZUY), and IXUZ (or iZUX).",Chapter 1,1.3 Angles and Measurement,10,f1116aea7e684fe0b7b05c3862789e5a,"U' u» Z  So, the three angles can be labeled, IXUY (or lYUX), lYUZ (or IZUY), and IXUZ (or iZUX)."
C0084,IRST,,Component,Example 5: Use a protractor to measure IRST below.,Chapter 1,1.3 Angles and Measurement,10,b6dfa340f5eb493c8fe33e1fb63296be,Example 5: Use a protractor to measure IRST below.
C0085,Classifying Angles,,Component,Classifying Angles  Angles can be grouped into four different categories.,Chapter 1,1.3 Angles and Measurement,10,1b1b8eb1b6d040e49c97c4284d5eae44,Classifying Angles  Angles can be grouped into four different categories.
C0086,Straight Angle,,Component,"Straight Angle: An angle that measures exactly 180°  180°  Right Angle: An angle that measures exactly 90°  21  www.ckl2.org  90°  < *  This half-square marks right, or 90°, angles.",Chapter 1,1.3 Angles and Measurement,10,1b1b8eb1b6d040e49c97c4284d5eae44,"Straight Angle: An angle that measures exactly 180°  180°  Right Angle: An angle that measures exactly 90°  21  www.ckl2.org  90°  < *  This half-square marks right, or 90°, angles."
C0087,Square,,Component,"381  www.ckl2.org  Converse of the Pythagorean Theorem  Pythagorean Theorem Converse: If the square of the longest side of a triangle is equal to the sum of  the squares of the other two sides, then the triangle is a right triangle.",Chapter 8,8.2 Converse of the Pythagorean Theorem,134,68f45000426a480da64aebbdad664f3c,"381  www.ckl2.org  Converse of the Pythagorean Theorem  Pythagorean Theorem Converse: If the square of the longest side of a triangle is equal to the sum of  the squares of the other two sides, then the triangle is a right triangle."
C0088,Obtuse Angles,,Component,"z,-Jr  Obtuse Angles: Angles that measure between 90° and 180°.",Chapter 1,1.3 Angles and Measurement,10,1b1b8eb1b6d040e49c97c4284d5eae44,"z,-Jr  Obtuse Angles: Angles that measure between 90° and 180°."
C0089,Acute Angles,,Component,Acute Angles: Angles that measure between 0° and 90°.,Chapter 1,1.3 Angles and Measurement,10,1b1b8eb1b6d040e49c97c4284d5eae44,Acute Angles: Angles that measure between 0° and 90°.
C0090,TUV,,Component,"So, the angle can be /.TUV or IVUT.",Chapter 1,1.3 Angles and Measurement,11,94588ad04ff3498d951d5a3d8953ceae,"So, the angle can be /.TUV or IVUT."
C0091,IVUT,,Component,"So, the angle can be /.TUV or IVUT.",Chapter 1,1.3 Angles and Measurement,11,94588ad04ff3498d951d5a3d8953ceae,"So, the angle can be /.TUV or IVUT."
C0092,Construction,,Component,"Anytime  we use a compass and ruler to draw geometric figures, it is called a construction.",Chapter 1,1.3 Angles and Measurement,12,7bddacf32bff49019ed45a1685a7ca4b,"Anytime  we use a compass and ruler to draw geometric figures, it is called a construction."
C0093,Segment Markings,,Component,Angle Markings  not equal  equal angles  same arc  marks  one arc with a  hashmark for both  >  Segment Markings  not equal  different hash marks  one hash mark two hash marks  • — | • h • •-,Chapter 1,1.3 Angles and Measurement,12,7bddacf32bff49019ed45a1685a7ca4b,Angle Markings  not equal  equal angles  same arc  marks  one arc with a  hashmark for both  >  Segment Markings  not equal  different hash marks  one hash mark two hash marks  • — | • h • •-
C0094,Marking Angles,,Component,"html  www.ckl2.org  24  Marking Angles and Segments in a Diagram  With all these segments and angles, we need to have different ways to label equal angles and segments.",Chapter 1,1.3 Angles and Measurement,12,7bddacf32bff49019ed45a1685a7ca4b,"html  www.ckl2.org  24  Marking Angles and Segments in a Diagram  With all these segments and angles, we need to have different ways to label equal angles and segments."
C0095,Arc,,Component,Center  Chord  Secant  Point of Tangency  Homework:  2 nd Section: Properties of Arcs  Central Angle  £  Arc  Semicircle  Minor Arc  Major Arc  Congruent Arcs  Arc Addition Postulate  Homework:  3 rd Section: Properties of Chords,Chapter 9,9.9 Study Guide,165,997e5dea7eec457ab14b180f2a633e33,Center  Chord  Secant  Point of Tangency  Homework:  2 nd Section: Properties of Arcs  Central Angle  £  Arc  Semicircle  Minor Arc  Major Arc  Congruent Arcs  Arc Addition Postulate  Homework:  3 rd Section: Properties of Chords
C0096,Mouth,,Component,"Open (or close) the ""mouth"" of the compass so that you can draw an arc that  intersects the other side and the arc drawn in #2.",Chapter 1,1.3 Angles and Measurement,12,7bddacf32bff49019ed45a1685a7ca4b,"Open (or close) the ""mouth"" of the compass so that you can draw an arc that  intersects the other side and the arc drawn in #2."
C0097,Angle Markings,,Component,Angle Markings  not equal  equal angles  same arc  marks  one arc with a  hashmark for both  >  Segment Markings  not equal  different hash marks  one hash mark two hash marks  • — | • h • •-,Chapter 1,1.3 Angles and Measurement,12,7bddacf32bff49019ed45a1685a7ca4b,Angle Markings  not equal  equal angles  same arc  marks  one arc with a  hashmark for both  >  Segment Markings  not equal  different hash marks  one hash mark two hash marks  • — | • h • •-
C0098,Construction Copy,,Component,"Construction Copy the angle you made from #12, using a compass and a ruler.",Chapter 1,1.3 Angles and Measurement,12,57d01c2bca994705b06b3e16bb205fdc,"Construction Copy the angle you made from #12, using a compass and a ruler."
C0099,Revisited Using,"Revisited Find, Revisited In",Component,"Revisited Using a protractor, the measurement marked in the red triangle is 90°, the  measurement in the blue triangle is 45° and the measurement in the orange square is 90°.",Chapter 1,1.3 Angles and Measurement,12,57d01c2bca994705b06b3e16bb205fdc,"Revisited Using a protractor, the measurement marked in the red triangle is 90°, the  measurement in the blue triangle is 45° and the measurement in the orange square is 90°."
C0100,IQOP,,Component,S is in the interior of  IQOP.,Chapter 1,1.3 Angles and Measurement,13,7bde8538ca6d457aa54af0d4540c1aec,S is in the interior of  IQOP.
C0101,Algebra Connection Solve,,Component,Find mlS OP  Algebra Connection Solve for x.,Chapter 1,1.3 Angles and Measurement,13,7bde8538ca6d457aa54af0d4540c1aec,Find mlS OP  Algebra Connection Solve for x.
C0102,IROS,,Component,"""V  In Exercises 24-29, use the following information: Q is in the interior of IROS .",Chapter 1,1.3 Angles and Measurement,13,7bde8538ca6d457aa54af0d4540c1aec,"""V  In Exercises 24-29, use the following information: Q is in the interior of IROS ."
C0103,IROT,,Component,"S is in the interior of IROT and mlROT = 160°, mlSOT = 100°, and  mlROQ = mlQOS = mlPOT.",Chapter 1,1.3 Angles and Measurement,13,7bde8538ca6d457aa54af0d4540c1aec,"S is in the interior of IROT and mlROT = 160°, mlSOT = 100°, and  mlROQ = mlQOS = mlPOT."
C0104,Angle Bisector,Angle Bisectors,Component,a _ 2  9 ~ 3  3a = 18  a = 6  2 _ 4  3 ~ b  2b = 12  b = 6  2 _ 3  3 ~ c  2c = 9  c = 4.5  Proportions with Angle Bisectors  The last proportional relationship we will explore is how an angle bisector intersects the opposite side of  a triangle.,Chapter 6,7.5 Proportionality Relationships,125,f18667873fb643f8b8998c0972998f47,a _ 2  9 ~ 3  3a = 18  a = 6  2 _ 4  3 ~ b  2b = 12  b = 6  2 _ 3  3 ~ c  2c = 9  c = 4.5  Proportions with Angle Bisectors  The last proportional relationship we will explore is how an angle bisector intersects the opposite side of  a triangle.
C0105,Bisector,,Component,a _ 2  9 ~ 3  3a = 18  a = 6  2 _ 4  3 ~ b  2b = 12  b = 6  2 _ 3  3 ~ c  2c = 9  c = 4.5  Proportions with Angle Bisectors  The last proportional relationship we will explore is how an angle bisector intersects the opposite side of  a triangle.,Chapter 6,7.5 Proportionality Relationships,125,f18667873fb643f8b8998c0972998f47,a _ 2  9 ~ 3  3a = 18  a = 6  2 _ 4  3 ~ b  2b = 12  b = 6  2 _ 3  3 ~ c  2c = 9  c = 4.5  Proportions with Angle Bisectors  The last proportional relationship we will explore is how an angle bisector intersects the opposite side of  a triangle.
C0106,Midpoint Postulate,,Formula,Midpoint Postulate: Any line segment will have exactly one midpoint.,Chapter 1,1.4 Midpoints and Bisectors,13,57ff6c9a0498419a866adf24a156ab08,Midpoint Postulate: Any line segment will have exactly one midpoint.
C0107,Slope,,Component,"/  \t  iv.iii^5i  A P *  -2.-3IS  r v r*ti  >10 -8 -6 -4 -1\  _JL_ r J J l\l  ^ ^^.-ir  1 ,_-!::  ^  A 1  Slope of 5C  Slope of AD  5-(-i)  1-4  3-(~5)  -3-1  -2- - -2  -3 — L  -2- - -2  -4 — Z  BC\\AD, so ABCD is a trapezoid.",Chapter 6,6.5 Trapezoids and Kites,110,1e7a1444849141a697cfe272361a98f3,"/  \t  iv.iii^5i  A P *  -2.-3IS  r v r*ti  >10 -8 -6 -4 -1\  _JL_ r J J l\l  ^ ^^.-ir  1 ,_-!::  ^  A 1  Slope of 5C  Slope of AD  5-(-i)  1-4  3-(~5)  -3-1  -2- - -2  -3 — L  -2- - -2  -4 — Z  BC\\AD, so ABCD is a trapezoid."
C0108,Angle Bisector Postulate,,Formula,BD is the angle bisector of lABC  lABD = IDBC  1  mlABD = -mlABC  2  Angle Bisector Postulate: Every angle has exactly one angle bisector.,Chapter 1,1.4 Midpoints and Bisectors,15,ba9e8e2de5d14e9a860707b10fe9ba45,BD is the angle bisector of lABC  lABD = IDBC  1  mlABD = -mlABC  2  Angle Bisector Postulate: Every angle has exactly one angle bisector.
C0109,Midpoint,,Component,"2TT www.ckl2.org  Ai  -  """"f ^fc  PCIJ5 *  *S^ r *L  \ ^ i "" \  \  st J^$t  ^ X-  ji_^___^  >o -j -i -i A  -S ) J if  * V  P*  m ± + m X  ir  - ""-a^  LA -mO-i-  +1-  t3±I*L  Tr  J  i* -JH  ^ I &| 2  V  Solution: Find the midpoint of each diagonal.",Chapter 6,6.2 Properties of Parallelograms,101,354041427ba947a094f85d4f18477075,"2TT www.ckl2.org  Ai  -  """"f ^fc  PCIJ5 *  *S^ r *L  \ ^ i "" \  \  st J^$t  ^ X-  ji_^___^  >o -j -i -i A  -S ) J if  * V  P*  m ± + m X  ir  - ""-a^  LA -mO-i-  +1-  t3±I*L  Tr  J  i* -JH  ^ I &| 2  V  Solution: Find the midpoint of each diagonal."
C0110,Transamerica Building,,Component,Revisited The image to the right is an outline of the Transamerica Building from earlier  in the lesson.,Chapter 1,1.4 Midpoints and Bisectors,15,ca4d2d208b3c457e98a9f2c3e3c1eb98,Revisited The image to the right is an outline of the Transamerica Building from earlier  in the lesson.
C0111,San Francisco,,Component,"The distances between San Francisco, S , Paso Robles, P, and Ukiah, U, are given in miles  the graph.",Chapter 12,12.2 Translations,200,e25ae2a6a7f74c8fb3484e7077bc39fe,"The distances between San Francisco, S , Paso Robles, P, and Ukiah, U, are given in miles  the graph."
C0112,Pyramid,,Component,"8 2 + 24 2 = I 2  640 = I 2  1= V640 = 8VlO  Surface Area of a Regular Pyramid  Using the slant height, which is labeled /, the area of each triangular face is A  Example 2: Find the surface area of the pyramid from Example 1.",Chapter 11,11.3 Surface Area of Pyramids and Cones,185,48d0ec06a55142248d164b8ebc90d1f9,"8 2 + 24 2 = I 2  640 = I 2  1= V640 = 8VlO  Surface Area of a Regular Pyramid  Using the slant height, which is labeled /, the area of each triangular face is A  Example 2: Find the surface area of the pyramid from Example 1."
C0113,Coordinate Plane,,Component,"Slope in the Coordinate Plane  Recall from Algebra I, two points (xi,yi) and (x2,y2) have a slope of m = ( x 2 _ y *y  Different Types of Slope:  143  www.ckl2.org  Positive  'tVt I '  «*flf  yi  r l/f '  2_L  J J  r _J  /  ""  -V|0.",Chapter 3,3.4 Properties of Perpendicular Lines,56,8729b41097404e8e98a3e2cddf352c4b,"Slope in the Coordinate Plane  Recall from Algebra I, two points (xi,yi) and (x2,y2) have a slope of m = ( x 2 _ y *y  Different Types of Slope:  143  www.ckl2.org  Positive  'tVt I '  «*flf  yi  r l/f '  2_L  J J  r _J  /  ""  -V|0."
C0114,Midpoint Formula,,Formula,"Midpoint Formula  When points are plotted in the coordinate plane, we can use a formula to find the midpoint between them.",Chapter 1,1.4 Midpoints and Bisectors,14,2b3cbd62716d407e8086277cbc0637b0,"Midpoint Formula  When points are plotted in the coordinate plane, we can use a formula to find the midpoint between them."
C0115,Segment Bisectors,Segment Bisector,Component,Segment Bisectors  Segment Bisector: A bisector cuts a line segment into two congruent parts and passes through the  midpoint.,Chapter 1,1.4 Midpoints and Bisectors,14,1bc16c025b3b4935be4458b0b297de84,Segment Bisectors  Segment Bisector: A bisector cuts a line segment into two congruent parts and passes through the  midpoint.
C0116,Perpendicular Bisector,Perpendicular Bisectors,Component,"Given: Isosceles ACIS , with base angles IC and IS  10 is the angle bisector of iCIS  Prove: 10 is the perpendicular bisector of CS  I  www.ckl2.org  218  Table 4.24:  Statement  Reason  1.",Chapter 4,4.5 Isosceles and Equilateral Triangles,80,a29cb4d138fe43fd9b77e3affe3e4f94,"Given: Isosceles ACIS , with base angles IC and IS  10 is the angle bisector of iCIS  Prove: 10 is the perpendicular bisector of CS  I  www.ckl2.org  218  Table 4.24:  Statement  Reason  1."
C0117,Perpendicular Bisector Postulate,,Formula,"AB = BC  AC ±DE  -  B  4e  Perpendicular Bisector Postulate: For every line segment, there is one perpendicular bisector.",Chapter 1,1.4 Midpoints and Bisectors,14,053895c7ad7f41e29b2dd1118a1053e2,"AB = BC  AC ±DE  -  B  4e  Perpendicular Bisector Postulate: For every line segment, there is one perpendicular bisector."
C0118,Congruent Angles,Congruent Triangles,Component,Symbols Toolbox  Congruent Triangles and their corresponding parts  LCJLDJJ^-G ^JS<BP  ACAT=ADOG ACAT=ADOG  i i  L ^~ L0 CT=DG,Chapter 4,4.6 Chapter 4 Review,80,c739fbd8d81e4214ba44d882f918e017,Symbols Toolbox  Congruent Triangles and their corresponding parts  LCJLDJJ^-G ^JS<BP  ACAT=ADOG ACAT=ADOG  i i  L ^~ L0 CT=DG
C0119,Algebra Connection What,,Component,Example 3: Algebra Connection What value of x would make ABCD a parallelogram?,Chapter 6,6.3 Proving Quadrilaterals are Parallelograms,103,a40e8ee7d08a4a6f866aa4b2874388ed,Example 3: Algebra Connection What value of x would make ABCD a parallelogram?
C0120,IDBC,,Component,BD is the angle bisector of lABC  lABD = IDBC  1  mlABD = -mlABC  2  Angle Bisector Postulate: Every angle has exactly one angle bisector.,Chapter 1,1.4 Midpoints and Bisectors,15,ba9e8e2de5d14e9a860707b10fe9ba45,BD is the angle bisector of lABC  lABD = IDBC  1  mlABD = -mlABC  2  Angle Bisector Postulate: Every angle has exactly one angle bisector.
C0121,ICIE,,Component,,Chapter 1,1.4 Midpoints and Bisectors,15,ca4d2d208b3c457e98a9f2c3e3c1eb98,
C0122,ITRA,,Component,,Chapter 1,1.4 Midpoints and Bisectors,15,ca4d2d208b3c457e98a9f2c3e3c1eb98,
C0123,ITRC,,Component,,Chapter 1,1.4 Midpoints and Bisectors,15,ca4d2d208b3c457e98a9f2c3e3c1eb98,
C0124,IRAN,,Component,,Chapter 1,1.4 Midpoints and Bisectors,15,ca4d2d208b3c457e98a9f2c3e3c1eb98,
C0125,ISOT,,Component,"Solution: Yes, OP is the angle bisector of ISOT from the markings in the picture.",Chapter 1,1.4 Midpoints and Bisectors,15,ca4d2d208b3c457e98a9f2c3e3c1eb98,"Solution: Yes, OP is the angle bisector of ISOT from the markings in the picture."
C0126,LTCR,,Component,,Chapter 1,1.4 Midpoints and Bisectors,15,ca4d2d208b3c457e98a9f2c3e3c1eb98,
C0127,ITS,,Component,,Chapter 1,1.4 Midpoints and Bisectors,15,ca4d2d208b3c457e98a9f2c3e3c1eb98,
C0128,IIEC,,Component,,Chapter 1,1.4 Midpoints and Bisectors,15,ca4d2d208b3c457e98a9f2c3e3c1eb98,
C0129,ITCI,,Component,,Chapter 1,1.4 Midpoints and Bisectors,15,ca4d2d208b3c457e98a9f2c3e3c1eb98,
C0130,Rectangle,,Component,Table 6.15:  Opposite Diagonals Diagonals Opposite Opposite  sides || bisect each _L sides = angles =  other  Consecutive  Angles add  up to 180°  Trapezoid  Isosceles  Trapezoid  Kite  Parallelogram  Rectangle  Rhombus  Square  1.,Chapter 6,6.6 Chapter 6 Review,112,fd8796ab2d184c01b7d3bac61fac2f08,Table 6.15:  Opposite Diagonals Diagonals Opposite Opposite  sides || bisect each _L sides = angles =  other  Consecutive  Angles add  up to 180°  Trapezoid  Isosceles  Trapezoid  Kite  Parallelogram  Rectangle  Rhombus  Square  1.
C0131,FECA,,Component,How many copies of triangle AHB can fit inside rectangle FECA without overlapping?,Chapter 1,1.4 Midpoints and Bisectors,16,192636a8459a4703bd3fc203c79c3931,How many copies of triangle AHB can fit inside rectangle FECA without overlapping?
C0132,Construction Using,,Component,"Construction Using your protractor, draw an angle that is 110°.",Chapter 1,1.4 Midpoints and Bisectors,16,192636a8459a4703bd3fc203c79c3931,"Construction Using your protractor, draw an angle that is 110°."
C0133,AHB,,Component,How many copies of triangle AHB can fit inside rectangle FECA without overlapping?,Chapter 1,1.4 Midpoints and Bisectors,16,192636a8459a4703bd3fc203c79c3931,How many copies of triangle AHB can fit inside rectangle FECA without overlapping?
C0134,Vertical Angles Theorem,Vertical Angle Theorem,Formula,a) Zl and Z5  b) Zl and Z4  c) Z2 and Z6  d) Z6 and Z7  k  Solution:  a) and  b) Same Angles Complements Theorem  c) Vertical Angles Theorem  d) Vertical Angles Theorem followed by the Transitive Property  Example 3: Write a two-column proof.,Chapter 1,2.5 Proofs about Angle Pairs and Segments,40,5b3dc25dc3cf46e5952984bb9b439369,a) Zl and Z5  b) Zl and Z4  c) Z2 and Z6  d) Z6 and Z7  k  Solution:  a) and  b) Same Angles Complements Theorem  c) Vertical Angles Theorem  d) Vertical Angles Theorem followed by the Transitive Property  Example 3: Write a two-column proof.
C0135,Linear Pair Postulate,,Formula,mZl+mZ3 + mZ2= 180°  Given  Alternate Interior Angles Theorem  = angles have = measures  Linear Pair Postulate  Angle Addition Postulate  Substitution PoE  Substitution PoE,Chapter 4,4.1 Triangle Sums,63,31fa0b0f08704fc7ae1d317035480481,mZl+mZ3 + mZ2= 180°  Given  Alternate Interior Angles Theorem  = angles have = measures  Linear Pair Postulate  Angle Addition Postulate  Substitution PoE  Substitution PoE
C0136,Supplementary,,Component,"125 www.ckl2.org  Converse of the Same Side Interior Angles Theorem: If two lines are cut by a transversal and the  same side interior angles are supplementary, then the lines are parallel.",Chapter 3,3.3 Proving Lines Parallel,52,3005a114296b4b879b01de1886cc4d0a,"125 www.ckl2.org  Converse of the Same Side Interior Angles Theorem: If two lines are cut by a transversal and the  same side interior angles are supplementary, then the lines are parallel."
C0137,Vertical Angles,,Component,a) Zl and Z5  b) Zl and Z4  c) Z2 and Z6  d) Z6 and Z7  k  Solution:  a) and  b) Same Angles Complements Theorem  c) Vertical Angles Theorem  d) Vertical Angles Theorem followed by the Transitive Property  Example 3: Write a two-column proof.,Chapter 1,2.5 Proofs about Angle Pairs and Segments,40,5b3dc25dc3cf46e5952984bb9b439369,a) Zl and Z5  b) Zl and Z4  c) Z2 and Z6  d) Z6 and Z7  k  Solution:  a) and  b) Same Angles Complements Theorem  c) Vertical Angles Theorem  d) Vertical Angles Theorem followed by the Transitive Property  Example 3: Write a two-column proof.
C0138,Linear Pair,Linear Pairs,Component,Solution:  mlACB + 115° = 180° because they are a linear pair  mlACB = 65°  mlA + 65° + 79° = 180° by the Triangle Sum Theorem  mlA = 36°  Remote Interior Angles: The two angles in a triangle that are not adjacent to the indicated exterior  angle.,Chapter 4,4.1 Triangle Sums,64,253c4efe913948b585d0e1e57125d70b,Solution:  mlACB + 115° = 180° because they are a linear pair  mlACB = 65°  mlA + 65° + 79° = 180° by the Triangle Sum Theorem  mlA = 36°  Remote Interior Angles: The two angles in a triangle that are not adjacent to the indicated exterior  angle.
C0139,Complementary Angles,,Component,"Learning Objectives  • Recognize complementary angles supplementary angles, linear pairs, and vertical angles.",Chapter 1,1.5 Angle Pairs,16,71d9059b01d6497e98aa58c4c99a579e,"Learning Objectives  • Recognize complementary angles supplementary angles, linear pairs, and vertical angles."
C0140,Complementary,,Component,"Adjacent Complementary Angles If complementary angles are adjacent, their nonadjacent sides are  perpendicular rays.",Chapter 3,3.4 Properties of Perpendicular Lines,54,1c323343f1fa4ea7a3eaed663b63b1ca,"Adjacent Complementary Angles If complementary angles are adjacent, their nonadjacent sides are  perpendicular rays."
C0141,Supplementary Angles,,Component,mlGHI = 8(5°) + 9° = 49°  mUKL = 7(5°) + 6° = 41°  Supplementary Angles  Supplementary: Two angles that add up to 180°.,Chapter 1,1.5 Angle Pairs,17,514b5c0b13aa4c8cbd281213eeed13a2,mlGHI = 8(5°) + 9° = 49°  mUKL = 7(5°) + 6° = 41°  Supplementary Angles  Supplementary: Two angles that add up to 180°.
C0142,IPQS,,Component,IPQS is NOT adjacent because they overlap,Chapter 1,1.5 Angle Pairs,17,f7c889b43b0540fe803343fe7faca541,IPQR and IPQS are NOT adjacent because they overlap.
C0143,Adjacent Angles,,Component,"Linear Pairs  Adjacent Angles: Two angles that have the same vertex, share a side, and do not overlap.",Chapter 1,1.5 Angle Pairs,17,f7c889b43b0540fe803343fe7faca541,"Linear Pairs  Adjacent Angles: Two angles that have the same vertex, share a side, and do not overlap."
C0144,IPQR,,Component,IPQR and IPQS are NOT adjacent because they overlap.,Chapter 1,1.5 Angle Pairs,17,f7c889b43b0540fe803343fe7faca541,IPQR and IPQS are NOT adjacent because they overlap.
C0145,IPS,,Component,P S  IPS Q and IQSR are a linear pair.,Chapter 1,1.5 Angle Pairs,17,f7c889b43b0540fe803343fe7faca541,P S  IPS Q and IQSR are a linear pair.
C0146,IQSR,,Component,SR = QE  IQSR = IRSE = IQRS  IS RE  SA=AR = QA= AE  All the bisected angles are 45°.,Chapter 6,"6.4 Rectangles, Rhombuses and Squares",106,e87cb546ac6b42b3b2267ab29016d866,SR = QE  IQSR = IRSE = IQRS  IS RE  SA=AR = QA= AE  All the bisected angles are 45°.
C0147,Vertical Angle Relationships,,Component,Investigation 1-6: Vertical Angle Relationships  1.,Chapter 1,1.5 Angle Pairs,18,8ba51c19091547fb8a70b9debd940193,Investigation 1-6: Vertical Angle Relationships  1.
C0148,SEE,,Component,"N  NE>  NNE  NNW  NEE-*,  22.5°  SEE**  yC"" SWW  se'  SSE  ssw  w  Review Questions  • Questions 1 and 2 are similar to Examples 1, 2, and 3.",Chapter 1,1.5 Angle Pairs,18,1593a55fcf53471c95941db5ca070149,"N  NE>  NNE  NNW  NEE-*,  22.5°  SEE**  yC"" SWW  se'  SSE  ssw  w  Review Questions  • Questions 1 and 2 are similar to Examples 1, 2, and 3."
C0149,SSE,,Component,"N  NE>  NNE  NNW  NEE-*,  22.5°  SEE**  yC"" SWW  se'  SSE  ssw  w  Review Questions  • Questions 1 and 2 are similar to Examples 1, 2, and 3.",Chapter 1,1.5 Angle Pairs,18,1593a55fcf53471c95941db5ca070149,"N  NE>  NNE  NNW  NEE-*,  22.5°  SEE**  yC"" SWW  se'  SSE  ssw  w  Review Questions  • Questions 1 and 2 are similar to Examples 1, 2, and 3."
C0150,SWW,,Component,"N  NE>  NNE  NNW  NEE-*,  22.5°  SEE**  yC"" SWW  se'  SSE  ssw  w  Review Questions  • Questions 1 and 2 are similar to Examples 1, 2, and 3.",Chapter 1,1.5 Angle Pairs,18,1593a55fcf53471c95941db5ca070149,"N  NE>  NNE  NNW  NEE-*,  22.5°  SEE**  yC"" SWW  se'  SSE  ssw  w  Review Questions  • Questions 1 and 2 are similar to Examples 1, 2, and 3."
C0151,LABC,,Component,"Symbol Toolbox  < — > — > —  AB,AB,AB - Line, ray, line segment  lABC - Angle with vertex B  mAB or AB - Distance between A and B  mlABC - Measure of LABC  J.",Chapter 1,1.7 Chapter 1 Review,22,0c73031026ea4a948f0aa9c9f6b3486e,"Symbol Toolbox  < — > — > —  AB,AB,AB - Line, ray, line segment  lABC - Angle with vertex B  mAB or AB - Distance between A and B  mlABC - Measure of LABC  J."
C0152,NEE,,Component,"N  NE>  NNE  NNW  NEE-*,  22.5°  SEE**  yC"" SWW  se'  SSE  ssw  w  Review Questions  • Questions 1 and 2 are similar to Examples 1, 2, and 3.",Chapter 1,1.5 Angle Pairs,18,1593a55fcf53471c95941db5ca070149,"N  NE>  NNE  NNW  NEE-*,  22.5°  SEE**  yC"" SWW  se'  SSE  ssw  w  Review Questions  • Questions 1 and 2 are similar to Examples 1, 2, and 3."
C0153,NNW,,Component,"N  NE>  NNE  NNW  NEE-*,  22.5°  SEE**  yC"" SWW  se'  SSE  ssw  w  Review Questions  • Questions 1 and 2 are similar to Examples 1, 2, and 3.",Chapter 1,1.5 Angle Pairs,18,1593a55fcf53471c95941db5ca070149,"N  NE>  NNE  NNW  NEE-*,  22.5°  SEE**  yC"" SWW  se'  SSE  ssw  w  Review Questions  • Questions 1 and 2 are similar to Examples 1, 2, and 3."
C0154,NNE,,Component,"N  NE>  NNE  NNW  NEE-*,  22.5°  SEE**  yC"" SWW  se'  SSE  ssw  w  Review Questions  • Questions 1 and 2 are similar to Examples 1, 2, and 3.",Chapter 1,1.5 Angle Pairs,18,1593a55fcf53471c95941db5ca070149,"N  NE>  NNE  NNW  NEE-*,  22.5°  SEE**  yC"" SWW  se'  SSE  ssw  w  Review Questions  • Questions 1 and 2 are similar to Examples 1, 2, and 3."
C0155,Pentagon,,Component,"Examples include: stop sign (8), table top (4), the Pentagon (5), snow crystals (6), bee hive combs  (6), soccer ball pieces (5 and 6)  3.",Chapter 1,1.6 Classifying Polygons,21,60c51d3ff6c94428be77c377f8feec58,"Examples include: stop sign (8), table top (4), the Pentagon (5), snow crystals (6), bee hive combs  (6), soccer ball pieces (5 and 6)  3."
C0156,Polygon,,Component,89° + (5x - 8)° + (3x + 4)° + 51° = 360°  8x = 224°  x = 28°  Exterior Angles in Convex Polygons  An exterior angle is an angle that is formed by extending a side of the polygon (Chapter 4).,Chapter 6,6.1 Angles in Polygons,98,2c8e5a4a2d6e4e18a773a44da7a10c45,89° + (5x - 8)° + (3x + 4)° + 51° = 360°  8x = 224°  x = 28°  Exterior Angles in Convex Polygons  An exterior angle is an angle that is formed by extending a side of the polygon (Chapter 4).
C0157,Obtuse Triangle,Obtuse Triangles,Component,Identifying Acute and Obtuse Triangles  We can extend the converse of the Pythagorean Theorem to determine if a triangle is an obtuse or acute  triangle.,Chapter 8,8.2 Converse of the Pythagorean Theorem,135,55721c901bc94a0d9871f2a9cea95e66,Identifying Acute and Obtuse Triangles  We can extend the converse of the Pythagorean Theorem to determine if a triangle is an obtuse or acute  triangle.
C0158,Equiangular Triangle,,Component,Equiangular Triangle: When all the angles in a triangle are congruent.,Chapter 1,1.6 Classifying Polygons,19,45b540ab6d894f808a75f990363b8a14,Equiangular Triangle: When all the angles in a triangle are congruent.
C0159,Acute Triangle,,Component,"If you are constructing an altitude for an acute triangle, you may skip Step 1 of this investigation.",Chapter 5,5.3 Medians and Altitudes in Triangles,90,07c666ab91274356a86079cab9bd3ec0,"If you are constructing an altitude for an acute triangle, you may skip Step 1 of this investigation."
C0160,ARST,,Component,www.ckl2.org  388  shorter leg in AS VT hypotenuse in AS VT  shorter  leg  in  ARST  4  X  x 2 =  X =  hypot<  X  20  80  V80 =  ?nuse in  4V5  ARST,Chapter 8,4.8 = x,136,25b94133f161474ba541d0bb56f99e49,www.ckl2.org  388  shorter leg in AS VT hypotenuse in AS VT  shorter  leg  in  ARST  4  X  x 2 =  X =  hypot<  X  20  80  V80 =  ?nuse in  4V5  ARST
C0161,Scalene Triangle,,Component,"Construct a scalene triangle with sides of length 6 cm, 10 cm, and 12 cm (Investigation 4-2).",Chapter 5,5.3 Medians and Altitudes in Triangles,89,1b4acbb36a1042849c382c070eb86353,"Construct a scalene triangle with sides of length 6 cm, 10 cm, and 12 cm (Investigation 4-2)."
C0162,Equilateral Triangle,"Equilateral Triangles, Equilateral Triangles By",Component,"Equilateral Triangles By definition, all sides in an equilateral triangle have the same length.",Chapter 4,4.5 Isosceles and Equilateral Triangles,78,731f76eae37c45e1867d2d24a848cbd6,"Equilateral Triangles By definition, all sides in an equilateral triangle have the same length."
C0163,Isosceles Triangle,,Component,mlABC = \mAC  All radii are congruent  Definition of an isosceles triangle  Arc Addition Postulate  Distributive PoE  www.ckl2.org  468  Review Queue Answers  1.,Chapter 9,9.4 Inscribed Angles,157,0c236d6e47384f1d980a24d4121bcf7b,mlABC = \mAC  All radii are congruent  Definition of an isosceles triangle  Arc Addition Postulate  Distributive PoE  www.ckl2.org  468  Review Queue Answers  1.
C0164,Vertices,,Component,"The segments are called the sides of the polygons, and the points where the segments intersect are called  vertices.",Chapter 1,1.6 Classifying Polygons,20,5394d76ae05042d4bf81768071064848,"The segments are called the sides of the polygons, and the points where the segments intersect are called  vertices."
C0165,Caves In,,Component,"OS^z  Solution: To see if a polygon is concave, look at the polygons and see if any angle ""caves in"" to the  interior of the polygon.",Chapter 1,1.6 Classifying Polygons,20,a34d2b9602e24b299aca3ab66f176e58,"OS^z  Solution: To see if a polygon is concave, look at the polygons and see if any angle ""caves in"" to the  interior of the polygon."
C0166,"Caving 
In",,Component,"The term concave refers to a cave, or the polygon is ""caving  in"".",Chapter 1,1.6 Classifying Polygons,20,a34d2b9602e24b299aca3ab66f176e58,"The term concave refers to a cave, or the polygon is ""caving  in""."
C0167,Concave Polygons,"Concave Polygon, Convex Polygon, Convex Polygons",Component,89° + (5x - 8)° + (3x + 4)° + 51° = 360°  8x = 224°  x = 28°  Exterior Angles in Convex Polygons  An exterior angle is an angle that is formed by extending a side of the polygon (Chapter 4).,Chapter 6,6.1 Angles in Polygons,98,2c8e5a4a2d6e4e18a773a44da7a10c45,89° + (5x - 8)° + (3x + 4)° + 51° = 360°  8x = 224°  x = 28°  Exterior Angles in Convex Polygons  An exterior angle is an angle that is formed by extending a side of the polygon (Chapter 4).
C0168,Sides Number,,Component,Table 6.1:  Name of Poly- Number of Sides Number of As (Column 3) x(  gon from one vertex in a a),Chapter 6,6.1 Angles in Polygons,97,fb41746f1b9b47618706ece7f3a684bc,Table 6.1:  Name of Poly- Number of Sides Number of As (Column 3) x(  gon from one vertex in a a)
C0169,Convex Example,,Component,,Chapter 1,1.6 Classifying Polygons,21,beb4fc56717648799f258ddf4cf23c4b,
C0170,Polygon Name,,Component,,Chapter 1,1.6 Classifying Polygons,21,beb4fc56717648799f258ddf4cf23c4b,
C0171,Hexagon,,Component,"269 www.ckl2.ors  As you can see, there are two sets of exterior angles for any vertex on a polygon, one going around clockwise  (1 st hexagon), and the other going around counter-clockwise (2 nd hexagon).",Chapter 6,6.1 Angles in Polygons,98,2c8e5a4a2d6e4e18a773a44da7a10c45,"269 www.ckl2.ors  As you can see, there are two sets of exterior angles for any vertex on a polygon, one going around clockwise  (1 st hexagon), and the other going around counter-clockwise (2 nd hexagon)."
C0172,Quadrilateral,,Component,P = 8 + 4V2 + 16 + 4V2  P = 24 + 8 V2 w 35.3 units  A = -(4)(8 + 16)  A = 48 units 2  www.ckl2.org  514  Area of a Rhombus and Kite  Recall that a rhombus is an equilateral quadrilateral and a kite has adjacent congruent sides.,Chapter 10,"10.2 Trapezoids, Rhombi, and Kites",169,bbf7ad3d038e4498a23ae08e69fa8b9e,P = 8 + 4V2 + 16 + 4V2  P = 24 + 8 V2 w 35.3 units  A = -(4)(8 + 16)  A = 48 units 2  www.ckl2.org  514  Area of a Rhombus and Kite  Recall that a rhombus is an equilateral quadrilateral and a kite has adjacent congruent sides.
C0173,Classifying Polygons,,Component,"Classifying Polygons  Whether a polygon is convex or concave, it is always named by the number of sides.",Chapter 1,1.6 Classifying Polygons,21,beb4fc56717648799f258ddf4cf23c4b,"Classifying Polygons  Whether a polygon is convex or concave, it is always named by the number of sides."
C0174,Decagon,Dodecagon,Component,"o  regular  tetrahedron  ^#  cube regular regular regular  octahedron dodecagon icosahedron  Cross-Sections  One way to ""view"" a three-dimensional figure in a two-dimensional plane, like in this text, is to use  cross-sections.",Chapter 11,11.1 Exploring Solids,181,25cf41f3253b4de0924757aeaf73b2c5,"o  regular  tetrahedron  ^#  cube regular regular regular  octahedron dodecagon icosahedron  Cross-Sections  One way to ""view"" a three-dimensional figure in a two-dimensional plane, like in this text, is to use  cross-sections."
C0175,Heptagon,,Component,Example 6: What is the measure of each exterior angle of a regular heptagon?,Chapter 6,6.1 Angles in Polygons,99,97c13092aa5649b2876dc85d170fb0e9,Example 6: What is the measure of each exterior angle of a regular heptagon?
C0176,Nonagon,,Component,"Determine the number of total diagonals for an octagon, nonagon, decagon, undecagon, and do-  decagon.",Chapter 1,1.6 Classifying Polygons,21,416ecd3ae28b47b3a69c00901b20d84f,"Determine the number of total diagonals for an octagon, nonagon, decagon, undecagon, and do-  decagon."
C0177,Symbol Toolbox,Symbols Toolbox,Component,"Symbol Toolbox  < — > — > —  AB,AB,AB - Line, ray, line segment  lABC - Angle with vertex B  mAB or AB - Distance between A and B  mlABC - Measure of LABC  J.",Chapter 1,1.7 Chapter 1 Review,22,0c73031026ea4a948f0aa9c9f6b3486e,"Symbol Toolbox  < — > — > —  AB,AB,AB - Line, ray, line segment  lABC - Angle with vertex B  mAB or AB - Distance between A and B  mlABC - Measure of LABC  J."
C0178,Angle Pairs,,Component,Diagonals  Homework:  www.ckl2.org 60  Chapter 2  Reasoning and Proof  This chapter explains how to use reasoning to prove theorems about angle pairs and segments.,Chapter 1,1.8 Study Guide,23,2481c1222bb34a4081869b67870e461a,Diagonals  Homework:  www.ckl2.org 60  Chapter 2  Reasoning and Proof  This chapter explains how to use reasoning to prove theorems about angle pairs and segments.
C0179,Texas Instruments Geometry,,Component,"www.cki2.0rg  (figure is a rhombus)  Texas Instruments Resources  In the CK-12 Texas Instruments Geometry FlexBook, there are graphing calculator activities  designed to supplement the objectives for some of the lessons in this chapter.",Chapter 10,10.6 Chapter 10 Review,179,3a8b45028cb44b3ba5d1eaa264290b35,"www.cki2.0rg  (figure is a rhombus)  Texas Instruments Resources  In the CK-12 Texas Instruments Geometry FlexBook, there are graphing calculator activities  designed to supplement the objectives for some of the lessons in this chapter."
C0180,Texas Instruments Resources,,Component,"www.cki2.0rg  (figure is a rhombus)  Texas Instruments Resources  In the CK-12 Texas Instruments Geometry FlexBook, there are graphing calculator activities  designed to supplement the objectives for some of the lessons in this chapter.",Chapter 10,10.6 Chapter 10 Review,179,3a8b45028cb44b3ba5d1eaa264290b35,"www.cki2.0rg  (figure is a rhombus)  Texas Instruments Resources  In the CK-12 Texas Instruments Geometry FlexBook, there are graphing calculator activities  designed to supplement the objectives for some of the lessons in this chapter."
C0181,Visual Patterns,,Component,edu/~nathsinc/ j ava/Lockers/  Visual Patterns  Inductive Reasoning: Making conclusions based upon examples and patterns.,Chapter 1,2.1 Inductive Reasoning,24,b824072d83d64d02b9a08d9f9f8d073a,edu/~nathsinc/ j ava/Lockers/  Visual Patterns  Inductive Reasoning: Making conclusions based upon examples and patterns.
C0182,Inductive Reasoning,Deductive Reasoning,Component,1 st Section: Inductive Reasoning  Inductive Reasoning  Conjecture  Counterexample  Homework:  2 nd Section: Conditional Statements  Conditional Statement (If-Then Statement)  Hypothesis,Chapter 1,2.7 Study Guide,42,021847f096714d37b62fadff31be7e92,1 st Section: Inductive Reasoning  Inductive Reasoning  Conjecture  Counterexample  Homework:  2 nd Section: Conditional Statements  Conditional Statement (If-Then Statement)  Hypothesis
C0183,Counterexample,,Component,1 st Section: Inductive Reasoning  Inductive Reasoning  Conjecture  Counterexample  Homework:  2 nd Section: Conditional Statements  Conditional Statement (If-Then Statement)  Hypothesis,Chapter 1,2.7 Study Guide,42,021847f096714d37b62fadff31be7e92,1 st Section: Inductive Reasoning  Inductive Reasoning  Conjecture  Counterexample  Homework:  2 nd Section: Conditional Statements  Conditional Statement (If-Then Statement)  Hypothesis
C0184,Famous,,Component,"This is the ""famous"" locker problem:  A new high school has just been completed.",Chapter 1,2.1 Inductive Reasoning,24,b824072d83d64d02b9a08d9f9f8d073a,"This is the ""famous"" locker problem:  A new high school has just been completed."
C0185,AAA,,Component,AAA and SSA Relationships There are two other side-angle relationships that we have not discussed:  AAA and SSA.,Chapter 4,4.3 Triangle Congruence using SSS and SAS,75,b18c2621d0364568a6f808c6e305499b,AAA and SSA Relationships There are two other side-angle relationships that we have not discussed:  AAA and SSA.
C0186,Number Patterns,,Component,Number Patterns  Let's look at a few examples.,Chapter 1,2.1 Inductive Reasoning,24,3e10d2b0b7a040969cd495a2bc125824,Number Patterns  Let's look at a few examples.
C0187,Conjecture,,Theory,"t= (n-l)(n-2)(n-3)  Table 2.1:  n (n- l)0i~2)(n~3) f  1 (0)(-l)(-2)  2 (1)(0)(-1)  J (2)(1)(0)  After looking at the table, Pablo makes this conjecture:  The value of (n - 1)0 _ 2)0 - 3) is for any number n.",Chapter 1,2.1 Inductive Reasoning,25,9e800de98daa404c9d20f4893dfe796d,"t= (n-l)(n-2)(n-3)  Table 2.1:  n (n- l)0i~2)(n~3) f  1 (0)(-l)(-2)  2 (1)(0)(-1)  J (2)(1)(0)  After looking at the table, Pablo makes this conjecture:  The value of (n - 1)0 _ 2)0 - 3) is for any number n."
C0188,Educated Guess,,Component,"Conjectures and Counterexamples  Conjecture: An ""educated guess"" that is based on examples in a pattern.",Chapter 1,2.1 Inductive Reasoning,25,460848c1917842b0b22334c47171b085,"Conjectures and Counterexamples  Conjecture: An ""educated guess"" that is based on examples in a pattern."
C0189,If Pablo,,Component,"If Pablo were to continue the table to n = 4, he would have see  that - 1)0 - 2)0 - 3) = (4 - 1)(4 - 2)(4 - 3) = (3)(2)(1) = 6  In this example n = 4 is called a counterexample.",Chapter 1,2.1 Inductive Reasoning,25,9e800de98daa404c9d20f4893dfe796d,"If Pablo were to continue the table to n = 4, he would have see  that - 1)0 - 2)0 - 3) = (4 - 1)(4 - 2)(4 - 3) = (3)(2)(1) = 6  In this example n = 4 is called a counterexample."
C0190,If Arthur,,Component,"If Arthur draws other polygons, in every case he will be  able to draw n — 3 triangles if the polygon has n sides.",Chapter 1,2.1 Inductive Reasoning,26,d71b22c0f75742059b72add5831f7637,"If Arthur draws other polygons, in every case he will be  able to draw n — 3 triangles if the polygon has n sides."
C0191,Conditional Statement,"Biconditional Statement, Biconditional Statements, Conditional Statements",Component,1 st Section: Inductive Reasoning  Inductive Reasoning  Conjecture  Counterexample  Homework:  2 nd Section: Conditional Statements  Conditional Statement (If-Then Statement)  Hypothesis,Chapter 1,2.7 Study Guide,42,021847f096714d37b62fadff31be7e92,1 st Section: Inductive Reasoning  Inductive Reasoning  Conjecture  Counterexample  Homework:  2 nd Section: Conditional Statements  Conditional Statement (If-Then Statement)  Hypothesis
C0192,If-Then Statement,,Component,Learning Objectives  • Identify the hypothesis and conclusion of an if-then statement.,Chapter 1,2.2 Conditional Statements,27,ee2db51aa9fd459ab3cc6bfb062e53e2,Learning Objectives  • Identify the hypothesis and conclusion of an if-then statement.
C0193,If-Then,,Component,"Solution: First, change the statement into an ""if-then"" statement:  If two points are on the same line, then they are collinear.",Chapter 1,2.2 Conditional Statements,28,cd33a14b94fd42808e58c0cfb528f5cf,"Solution: First, change the statement into an ""if-then"" statement:  If two points are on the same line, then they are collinear."
C0194,Rube Goldman,,Component,Rube Goldman was a cartoonist in the 1940s who drew crazy inventions to do very simple  things.,Chapter 1,2.2 Conditional Statements,27,ee2db51aa9fd459ab3cc6bfb062e53e2,Rube Goldman was a cartoonist in the 1940s who drew crazy inventions to do very simple  things.
C0195,Spring Break,,Component,(a) It could be another day that isn't during Spring Break.,Chapter 1,2.2 Conditional Statements,30,95d24539b87543e98598ff46afe5177b,(a) It could be another day that isn't during Spring Break.
C0196,You,,Component,"The hypothesis of Statement 1 is ""you work  overtime."" The conclusion is ""you'll be paid time-and-a-half.""  So, if Sarah works overtime, then what will happen?",Chapter 1,2.2 Conditional Statements,27,6a58e0ad5b5f4e518c4017288fff5100,"The hypothesis of Statement 1 is ""you work  overtime."" The conclusion is ""you'll be paid time-and-a-half.""  So, if Sarah works overtime, then what will happen?"
C0197,Nots,,Component,"An arrow can also be used in place of the ""if-then"": p — > q  We can also make the negations, or ""nots"" of p and q.",Chapter 1,2.2 Conditional Statements,28,9bc69a730ff44bc49df9ff442eec208c,"An arrow can also be used in place of the ""if-then"": p — > q  We can also make the negations, or ""nots"" of p and q."
C0198,Rewrite Example,,Component,Example 5: Rewrite Example 4 as a biconditional statement.,Chapter 1,2.2 Conditional Statements,29,a9806f6bc43942fe96bd36f056e5f601,Example 5: Rewrite Example 4 as a biconditional statement.
C0199,If And Only If,,Component,"Solution: If two points are on the same line, then they are collinear can be rewritten as:  Two points are on the same line if and only if they are collinear.",Chapter 1,2.2 Conditional Statements,29,d39392548cbc4b07bc1deffd4ee80770,"Solution: If two points are on the same line, then they are collinear can be rewritten as:  Two points are on the same line if and only if they are collinear."
C0200,LADY,,Component,"Both doors have signs on them, which are below:  Table 2.4:  Door A Door B  IN THIS ROOM THERE IS A LADY, AND IN IN ONE OF THESE ROOMS THERE IS A  THE OTHER ROOM THERE IS A TIGER.",Chapter 1,2.3 Deductive Reasoning,31,2ecd1fcdad2e4962bded79700ae34440,"Both doors have signs on them, which are below:  Table 2.4:  Door A Door B  IN THIS ROOM THERE IS A LADY, AND IN IN ONE OF THESE ROOMS THERE IS A  THE OTHER ROOM THERE IS A TIGER."
C0201,TIGER,,Component,"Both doors have signs on them, which are below:  Table 2.4:  Door A Door B  IN THIS ROOM THERE IS A LADY, AND IN IN ONE OF THESE ROOMS THERE IS A  THE OTHER ROOM THERE IS A TIGER.",Chapter 1,2.3 Deductive Reasoning,31,2ecd1fcdad2e4962bded79700ae34440,"Both doors have signs on them, which are below:  Table 2.4:  Door A Door B  IN THIS ROOM THERE IS A LADY, AND IN IN ONE OF THESE ROOMS THERE IS A  THE OTHER ROOM THERE IS A TIGER."
C0202,ONE,,Component,"Both doors have signs on them, which are below:  Table 2.4:  Door A Door B  IN THIS ROOM THERE IS A LADY, AND IN IN ONE OF THESE ROOMS THERE IS A  THE OTHER ROOM THERE IS A TIGER.",Chapter 1,2.3 Deductive Reasoning,31,2ecd1fcdad2e4962bded79700ae34440,"Both doors have signs on them, which are below:  Table 2.4:  Door A Door B  IN THIS ROOM THERE IS A LADY, AND IN IN ONE OF THESE ROOMS THERE IS A  THE OTHER ROOM THERE IS A TIGER."
C0203,ROOM,ROOMS,Component,"Both doors have signs on them, which are below:  Table 2.4:  Door A Door B  IN THIS ROOM THERE IS A LADY, AND IN IN ONE OF THESE ROOMS THERE IS A  THE OTHER ROOM THERE IS A TIGER.",Chapter 1,2.3 Deductive Reasoning,31,2ecd1fcdad2e4962bded79700ae34440,"Both doors have signs on them, which are below:  Table 2.4:  Door A Door B  IN THIS ROOM THERE IS A LADY, AND IN IN ONE OF THESE ROOMS THERE IS A  THE OTHER ROOM THERE IS A TIGER."
C0204,Suppose Bea,,Component,"Example 1: Suppose Bea makes the following statements, which are known to be true.",Chapter 1,2.3 Deductive Reasoning,31,052bb130691b4e3daf4f7f89dcb1316e,"Example 1: Suppose Bea makes the following statements, which are known to be true."
C0205,If Central High School,Central High School,Component,"If Central High School wins today, they will go to the regional tournament.",Chapter 1,2.3 Deductive Reasoning,31,8d4d9224403b4e4ca2b75447c553c406,"If Central High School wins today, they will go to the regional tournament."
C0206,Number,,Component,A Number is odd q : It is the sum of an even and odd number  The first statement is p — » q,Chapter 1,2.3 Deductive Reasoning,31,f6b4bf1e30824d1f96d7bf962d1eaa81,p : A number is odd q : It is the sum of an even and odd number  The first statement is p — » q.
C0207,ICBD,,Component,lABC and ICBD are a linear pair.,Chapter 1,2.3 Deductive Reasoning,31,77697b3291634a6ea2ae1b79f2384f8a,lABC and ICBD are a linear pair.
C0208,Law Of Contrapositive,,Theory,Law Of Contrapositive is logical argument,Chapter 1,2.3 Deductive Reasoning,32,fd562c4f85334a7da0d09529a3574298,The Law of Contrapositive is a logical argument.
C0209,If Mark,,Component,"If Mark is late, Karl will be late",Chapter 1,2.3 Deductive Reasoning,32,49f8e589b0be4473847c3c875189fb67,"If Mark is late, Karl will be late."
C0210,If Pete,,Component,"If Pete is late, Mark will be late",Chapter 1,2.3 Deductive Reasoning,32,49f8e589b0be4473847c3c875189fb67,"If Pete is late, Mark will be late."
C0211,Law Of Syllogism,,Theory,This is called the Law of Syllogism.,Chapter 1,2.3 Deductive Reasoning,32,49f8e589b0be4473847c3c875189fb67,This is called the Law of Syllogism.
C0212,Using Facts,,Component,Deductive Reasoning  Inductive Reasoning: Using Patterns  Deductive Reasoning: Using Facts,Chapter 1,2.3 Deductive Reasoning,32,49f8e589b0be4473847c3c875189fb67,Deductive Reasoning  Inductive Reasoning: Using Patterns  Deductive Reasoning: Using Facts
C0213,Using Patterns,,Component,Deductive Reasoning  Inductive Reasoning: Using Patterns  Deductive Reasoning: Using Facts,Chapter 1,2.3 Deductive Reasoning,32,49f8e589b0be4473847c3c875189fb67,Deductive Reasoning  Inductive Reasoning: Using Patterns  Deductive Reasoning: Using Facts
C0214,Read Door,,Component,"Read Door B carefully, it says ""in one of  these rooms,"" which means the lady could be behind either door, which has to be true.",Chapter 1,2.3 Deductive Reasoning,33,642f6f153f7142f283c26e7766f59950,"Read Door B carefully, it says ""in one of  these rooms,"" which means the lady could be behind either door, which has to be true."
C0215,If West,,Component,"If West wins, then East loses.",Chapter 1,2.3 Deductive Reasoning,33,642f6f153f7142f283c26e7766f59950,"If West wins, then East loses."
C0216,Jane Wannabe,,Component,People who vote for Jane Wannabe are smart people.,Chapter 1,2.3 Deductive Reasoning,33,642f6f153f7142f283c26e7766f59950,People who vote for Jane Wannabe are smart people.
C0217,If North,,Component,"If North wins, then West wins.",Chapter 1,2.3 Deductive Reasoning,33,642f6f153f7142f283c26e7766f59950,"If North wins, then West wins."
C0218,Circle,,Component,"www.ckl2.org  480  Yukon, M  m  K Beijing,  ^China  Canadak""  V*  A^-^  V  Cape Horn""  ki  ^Jakarta,  Indonesia  Moon  Segments from Chords  In the Review Queue above, we have two chords that intersect inside a circle.",Chapter 9,"9.6 Segments of Chords, Secants, and Tangents",160,d7399769c07d46cbb248f63536f4317d,"www.ckl2.org  480  Yukon, M  m  K Beijing,  ^China  Canadak""  V*  A^-^  V  Cape Horn""  ki  ^Jakarta,  Indonesia  Moon  Segments from Chords  In the Review Queue above, we have two chords that intersect inside a circle."
C0219,If Rae,,Component,If Rae is driver today then Maria is the driver tomorrow,Chapter 1,2.3 Deductive Reasoning,33,642f6f153f7142f283c26e7766f59950,If Rae is the driver today then Maria is the driver tomorrow.
C0220,Revisited Analyze,Revisited Analyzing,Component,Revisited Analyzing the picture and what we know the sister on the left cannot be Sara  because she lied (if we take what the sister in the middle said as truth).,Chapter 1,2.4 Algebraic and Congruence Properties,37,7fc641cd6da64db9bedb2abc98d4f3cf,Revisited Analyzing the picture and what we know the sister on the left cannot be Sara  because she lied (if we take what the sister in the middle said as truth).
C0221,Major League Baseball,,Component,Nolan Ryan has the most strikeouts of any pitcher in Major League Baseball.,Chapter 1,2.3 Deductive Reasoning,34,991fd246cb8248f8bb617498cf6377fb,Nolan Ryan has the most strikeouts of any pitcher in Major League Baseball.
C0222,Nolan Ryan,,Component,Nolan Ryan has the most strikeouts of any pitcher in Major League Baseball.,Chapter 1,2.3 Deductive Reasoning,34,991fd246cb8248f8bb617498cf6377fb,Nolan Ryan has the most strikeouts of any pitcher in Major League Baseball.
C0223,As Rich,,Component,"As Rich is driving along the 405, he notices that as he gets closer to LAX the traffic slows down",Chapter 1,2.3 Deductive Reasoning,34,e2cde4d9dfc44ad793e5ca0c1469cfcd,"As Rich is driving along the 405, he notices that as he gets closer to LAX the traffic slows down."
C0224,LAX,,Component,"As Rich is driving along the 405, he notices that as he gets closer to LAX the traffic slows down.",Chapter 1,2.3 Deductive Reasoning,34,e2cde4d9dfc44ad793e5ca0c1469cfcd,"As Rich is driving along the 405, he notices that as he gets closer to LAX the traffic slows down."
C0225,Addition Property,,Component,,Chapter 1,2.4 Algebraic and Congruence Properties,35,bd8cd2fb0abd4ec7881250acfd703778,
C0226,Reflexive Property,,Component,"AD = DC,AB = BC  Yes, by the Reflexive Property  ADAB = ADCB by SSS  IL = IN and IM = IP by the Alternate Interior Angles Theorem  IPON = lLOM by Vertical Angles or the 3 rd Angle Theorem  No, no markings or midpoints  No, no congruent sides.",Chapter 4,4.3 Triangle Congruence using SSS and SAS,77,445ff38d67c043d9a5ec6bdcb79c96c9,"AD = DC,AB = BC  Yes, by the Reflexive Property  ADAB = ADCB by SSS  IL = IN and IM = IP by the Alternate Interior Angles Theorem  IPON = lLOM by Vertical Angles or the 3 rd Angle Theorem  No, no markings or midpoints  No, no congruent sides."
C0227,Substitution Property,,Component,,Chapter 1,2.4 Algebraic and Congruence Properties,35,bd8cd2fb0abd4ec7881250acfd703778,
C0228,Symmetric Property,,Component,Symmetric Property of Congruence  10.,Chapter 1,Review,42,c5a65e3806f54f1395279bbd47cb143d,Symmetric Property of Congruence  10.
C0229,ILMN,,Component,ILMN is bisected by MO LM = MP  lOMP is bisected by MN N is the midpoint of MQ  Know What,Chapter 1,2.4 Algebraic and Congruence Properties,35,bd8cd2fb0abd4ec7881250acfd703778,Draw a picture with the following:  ILMN is bisected by MO LM = MP  lOMP is bisected by MN N is the midpoint of MQ  Know What?
C0230,Subtraction Property,,Component,,Chapter 1,2.4 Algebraic and Congruence Properties,35,bd8cd2fb0abd4ec7881250acfd703778,
C0231,Equality,,Component,Learning Objectives  • Understand basic properties of equality and congruence.,Chapter 1,2.4 Algebraic and Congruence Properties,35,bd8cd2fb0abd4ec7881250acfd703778,Learning Objectives  • Understand basic properties of equality and congruence.
C0232,Transitive Property,Transitive Properties,Component,a) Zl and Z5  b) Zl and Z4  c) Z2 and Z6  d) Z6 and Z7  k  Solution:  a) and  b) Same Angles Complements Theorem  c) Vertical Angles Theorem  d) Vertical Angles Theorem followed by the Transitive Property  Example 3: Write a two-column proof.,Chapter 1,2.5 Proofs about Angle Pairs and Segments,40,5b3dc25dc3cf46e5952984bb9b439369,a) Zl and Z5  b) Zl and Z4  c) Z2 and Z6  d) Z6 and Z7  k  Solution:  a) and  b) Same Angles Complements Theorem  c) Vertical Angles Theorem  d) Vertical Angles Theorem followed by the Transitive Property  Example 3: Write a two-column proof.
C0233,Using Properties,,Component,,Chapter 1,2.4 Algebraic and Congruence Properties,35,bba1eeb226064a3880292ac2dab79925,
C0234,IDEF,,Component,,Chapter 1,2.4 Algebraic and Congruence Properties,35,bba1eeb226064a3880292ac2dab79925,
C0235,For Line Segments,,Component,,Chapter 1,2.4 Algebraic and Congruence Properties,35,bba1eeb226064a3880292ac2dab79925,
C0236,Division Property,,Component,,Chapter 1,2.4 Algebraic and Congruence Properties,35,bba1eeb226064a3880292ac2dab79925,
C0237,Distributive Property,,Component,Distributive Property  97 www.ckl2.org  9.,Chapter 1,Review,42,c5a65e3806f54f1395279bbd47cb143d,Distributive Property  97 www.ckl2.org  9.
C0238,Property Of Equality,,Component,"We will  abbreviate ""Property of Equality"" u PoE"" and ""Property of Congruence"" ""PoC.""",Chapter 1,2.4 Algebraic and Congruence Properties,35,bba1eeb226064a3880292ac2dab79925,"We will  abbreviate ""Property of Equality"" u PoE"" and ""Property of Congruence"" ""PoC."""
C0239,Multiplication Property,,Component,,Chapter 1,2.4 Algebraic and Congruence Properties,35,bba1eeb226064a3880292ac2dab79925,
C0240,Property Of Congruence,,Component,"We will  abbreviate ""Property of Equality"" u PoE"" and ""Property of Congruence"" ""PoC.""",Chapter 1,2.4 Algebraic and Congruence Properties,35,bba1eeb226064a3880292ac2dab79925,"We will  abbreviate ""Property of Equality"" u PoE"" and ""Property of Congruence"" ""PoC."""
C0241,IGHI,,Component,Given : lABC = iDEF  IGHI = UKL  Prove: mlABC + mlGHI = mlDEF + mlJKL  83  www.ckl2.org  Table 2.8:  Statement  Reason  1.,Chapter 1,2.4 Algebraic and Congruence Properties,38,a61e31ffbe3649b1987ccf9dcb606090,Given : lABC = iDEF  IGHI = UKL  Prove: mlABC + mlGHI = mlDEF + mlJKL  83  www.ckl2.org  Table 2.8:  Statement  Reason  1.
C0242,For Angles,,Component,,Chapter 1,2.4 Algebraic and Congruence Properties,35,bba1eeb226064a3880292ac2dab79925,
C0243,Given Information,,Component,mlA + mlB = 100°  mlB = 40°  mlA + 40° = 100°  mlA = 60°  lA is an acute angle  Given Information  Given Information  Substitution PoE  Subtraction PoE,Chapter 1,2.4 Algebraic and Congruence Properties,36,0146f0fabbcb414f9d46fc7b58f7021c,mlA + mlB = 100°  mlB = 40°  mlA + 40° = 100°  mlA = 60°  lA is an acute angle  Given Information  Given Information  Substitution PoE  Subtraction PoE
C0244,Column Proof,,Theory,www.ckl2.org  80  Two-Column Proof,Chapter 1,2.4 Algebraic and Congruence Properties,36,387ec4fba4ff4c0bb1c4f2d0c2a90c9b,www.ckl2.org  80  Two-Column Proof
C0245,Statement Reason,,Component,"£E3  D C  Given: ABCD is a parallelogram with diagonal 5D  Prove: AB = DC, AD = BC  www.ckl2.org 276  Table 6.3:  Statement Reason  1.",Chapter 6,6.2 Properties of Parallelograms,100,f4d4fa6a6cc7457d9903d26aa2d9103f,"£E3  D C  Given: ABCD is a parallelogram with diagonal 5D  Prove: AB = DC, AD = BC  www.ckl2.org 276  Table 6.3:  Statement Reason  1."
C0246,Given,,Component,"If A, B, C, and D are points on a line, in the given order, and AB = CD, then AC = BD.",Chapter 1,2.4 Algebraic and Congruence Properties,36,58cbdf74de6e4810af147bb57d2aa96c,"If A, B, C, and D are points on a line, in the given order, and AB = CD, then AC = BD."
C0247,EVERY,,Component,• You must have a reason for EVERY statement.,Chapter 1,2.4 Algebraic and Congruence Properties,36,58cbdf74de6e4810af147bb57d2aa96c,• You must have a reason for EVERY statement.
C0248,IDBF,,Component,Given : BF bisects LABC; LABD = iCBE  Prove: IDBF = lEBF,Chapter 1,2.4 Algebraic and Congruence Properties,36,b81a1fa479ba4a6b8bb85a6e5b288946,Given : BF bisects LABC; LABD = iCBE  Prove: IDBF = lEBF
C0249,LABD,,Component,Given : BF bisects LABC; LABD = iCBE  Prove: IDBF = lEBF,Chapter 1,2.4 Algebraic and Congruence Properties,36,b81a1fa479ba4a6b8bb85a6e5b288946,Given : BF bisects LABC; LABD = iCBE  Prove: IDBF = lEBF
C0250,LCBE,,Component,"BF bisects LABC, LABD = LCBE  2.",Chapter 1,2.4 Algebraic and Congruence Properties,37,ff01b9e93f2c4869b35b355074bab678,"BF bisects LABC, LABD = LCBE  2."
C0251,UKL,,Component,Given : lABC = iDEF  IGHI = UKL  Prove: mlABC + mlGHI = mlDEF + mlJKL  83  www.ckl2.org  Table 2.8:  Statement  Reason  1.,Chapter 1,2.4 Algebraic and Congruence Properties,38,a61e31ffbe3649b1987ccf9dcb606090,Given : lABC = iDEF  IGHI = UKL  Prove: mlABC + mlGHI = mlDEF + mlJKL  83  www.ckl2.org  Table 2.8:  Statement  Reason  1.
C0252,ABCD,,Component,"/  \t  iv.iii^5i  A P *  -2.-3IS  r v r*ti  >10 -8 -6 -4 -1\  _JL_ r J J l\l  ^ ^^.-ir  1 ,_-!::  ^  A 1  Slope of 5C  Slope of AD  5-(-i)  1-4  3-(~5)  -3-1  -2- - -2  -3 — L  -2- - -2  -4 — Z  BC\\AD, so ABCD is a trapezoid.",Chapter 6,6.5 Trapezoids and Kites,110,1e7a1444849141a697cfe272361a98f3,"/  \t  iv.iii^5i  A P *  -2.-3IS  r v r*ti  >10 -8 -6 -4 -1\  _JL_ r J J l\l  ^ ^^.-ir  1 ,_-!::  ^  A 1  Slope of 5C  Slope of AD  5-(-i)  1-4  3-(~5)  -3-1  -2- - -2  -3 — L  -2- - -2  -4 — Z  BC\\AD, so ABCD is a trapezoid."
C0253,IDAB,,Component,"IDAB endpoints are on the diameter, so the central angle  is 180°.",Chapter 9,9.4 Inscribed Angles,156,fe9d9d5670bc432f8e6a10657afe2ed4,"IDAB endpoints are on the diameter, so the central angle  is 180°."
C0254,LYVZ,,Component,Prove: IWVX = LYVZ  Table 2.10:  Statement  Reason  1.,Chapter 1,2.5 Proofs about Angle Pairs and Segments,38,3eeda276b67645ba8cdd81ebbcf04ddb,Prove: IWVX = LYVZ  Table 2.10:  Statement  Reason  1.
C0255,IWVX,,Component,Prove: IWVX = LYVZ  Table 2.10:  Statement  Reason  1.,Chapter 1,2.5 Proofs about Angle Pairs and Segments,38,3eeda276b67645ba8cdd81ebbcf04ddb,Prove: IWVX = LYVZ  Table 2.10:  Statement  Reason  1.
C0256,IWVY,,Component,VX is an Z bisector of IWVY  VY is an Z bisector of ZXVZ  2.,Chapter 1,2.5 Proofs about Angle Pairs and Segments,41,40f7237c010c4a66b93c5608eafb4a33,VX is an Z bisector of IWVY  VY is an Z bisector of ZXVZ  2.
C0257,IXVZ,,Component,VY is the angle bisector of IXVZ.,Chapter 1,2.5 Proofs about Angle Pairs and Segments,38,3eeda276b67645ba8cdd81ebbcf04ddb,VY is the angle bisector of IXVZ.
C0258,LOPL,,Component,"LOPL is IP  Right Angle Theorem: If two angles are right angles, then the angles are congruent",Chapter 1,2.5 Proofs about Angle Pairs and Segments,39,e12e385a4e96442d8d3c307f9fc2459a,"LMLP is Lh  IMOP is 10  ILMO is LM  LOPL is IP  Right Angle Theorem: If two angles are right angles, then the angles are congruent."
C0259,LMLP,,Component,"LMLP is Lh  IMOP is 10  ILMO is LM  LOPL is IP  Right Angle Theorem: If two angles are right angles, then the angles are congruent",Chapter 1,2.5 Proofs about Angle Pairs and Segments,39,e12e385a4e96442d8d3c307f9fc2459a,"LMLP is Lh  IMOP is 10  ILMO is LM  LOPL is IP  Right Angle Theorem: If two angles are right angles, then the angles are congruent."
C0260,Naming Angles,,Component,"com/O-poolgeometry/index.html  Naming Angles  As we learned in Chapter 1, angles can be addressed by numbers and three letters, where the letter in the  middle is the vertex.",Chapter 1,2.5 Proofs about Angle Pairs and Segments,39,e12e385a4e96442d8d3c307f9fc2459a,"com/O-poolgeometry/index.html  Naming Angles  As we learned in Chapter 1, angles can be addressed by numbers and three letters, where the letter in the  middle is the vertex."
C0261,ILMO,,Component,"ILMO is LM  LOPL is IP  Right Angle Theorem: If two angles are right angles, then the angles are congruent",Chapter 1,2.5 Proofs about Angle Pairs and Segments,39,e12e385a4e96442d8d3c307f9fc2459a,"LMLP is Lh  IMOP is 10  ILMO is LM  LOPL is IP  Right Angle Theorem: If two angles are right angles, then the angles are congruent."
C0262,IMOP,,Component,"IMOP is 10  ILMO is LM  LOPL is IP  Right Angle Theorem: If two angles are right angles, then the angles are congruent",Chapter 1,2.5 Proofs about Angle Pairs and Segments,39,e12e385a4e96442d8d3c307f9fc2459a,"LMLP is Lh  IMOP is 10  ILMO is LM  LOPL is IP  Right Angle Theorem: If two angles are right angles, then the angles are congruent."
C0263,Right Angle Theorem,,Formula,"LMLP is Lh  IMOP is 10  ILMO is LM  LOPL is IP  Right Angle Theorem: If two angles are right angles, then the angles are congruent.",Chapter 1,2.5 Proofs about Angle Pairs and Segments,39,e12e385a4e96442d8d3c307f9fc2459a,"LMLP is Lh  IMOP is 10  ILMO is LM  LOPL is IP  Right Angle Theorem: If two angles are right angles, then the angles are congruent."
C0264,Parallelogram,,Component,Table 6.15:  Opposite Diagonals Diagonals Opposite Opposite  sides || bisect each _L sides = angles =  other  Consecutive  Angles add  up to 180°  Trapezoid  Isosceles  Trapezoid  Kite  Parallelogram  Rectangle  Rhombus  Square  1.,Chapter 6,6.6 Chapter 6 Review,112,fd8796ab2d184c01b7d3bac61fac2f08,Table 6.15:  Opposite Diagonals Diagonals Opposite Opposite  sides || bisect each _L sides = angles =  other  Consecutive  Angles add  up to 180°  Trapezoid  Isosceles  Trapezoid  Kite  Parallelogram  Rectangle  Rhombus  Square  1.
C0265,Vertical Angles Theorem Recall,,Formula,Vertical Angles Theorem Recall the Vertical Angles Theorem from Chapter 1.,Chapter 1,2.5 Proofs about Angle Pairs and Segments,39,82f66901c1634eb491248a4cd3f859bd,Vertical Angles Theorem Recall the Vertical Angles Theorem from Chapter 1.
C0266,Reflection,,Component,y = x  www.ckl2.org  632  *  td *—  8  *  -Z^Z -  Ml -IS -4 -\\-7\  7l (i J 1D  -Z J-  i^r  -6 — ™ f-  Find the line of reflection the blue triangle (preimage) and the red triangle (image) .,Chapter 12,12.3 Reflections,204,d35101e05e5045d6bd6854dddcc64b5b,y = x  www.ckl2.org  632  *  td *—  8  *  -Z^Z -  Ml -IS -4 -\\-7\  7l (i J 1D  -Z J-  i^r  -6 — ™ f-  Find the line of reflection the blue triangle (preimage) and the red triangle (image) .
C0267,Revisited If,,Component,"Revisited If the bones are the vertices of a triangle, then the center of the circle will be  the intersection of the perpendicular bisectors.",Chapter 5,5.1 Midsegments,87,b4edccfc7ee14ed2a3f7e552ee92b16e,"Revisited If the bones are the vertices of a triangle, then the center of the circle will be  the intersection of the perpendicular bisectors."
C0268,IMLN,,Component,Given : IMLN = lOLP  Prove: IMLO = ZA^LP  Table 2.16:  Statement  Reason  1.,Chapter 1,2.5 Proofs about Angle Pairs and Segments,40,5b3dc25dc3cf46e5952984bb9b439369,Given : IMLN = lOLP  Prove: IMLO = ZA^LP  Table 2.16:  Statement  Reason  1.
C0269,IMLO,,Component,Given : IMLN = lOLP  Prove: IMLO = ZA^LP  Table 2.16:  Statement  Reason  1.,Chapter 1,2.5 Proofs about Angle Pairs and Segments,40,5b3dc25dc3cf46e5952984bb9b439369,Given : IMLN = lOLP  Prove: IMLO = ZA^LP  Table 2.16:  Statement  Reason  1.
C0270,ZXVZ,,Component,VX is an Z bisector of IWVY  VY is an Z bisector of ZXVZ  2.,Chapter 1,2.5 Proofs about Angle Pairs and Segments,41,40f7237c010c4a66b93c5608eafb4a33,VX is an Z bisector of IWVY  VY is an Z bisector of ZXVZ  2.
C0271,Congruence Properties,,Component,,Chapter 1,2.6 Chapter 2 Review,41,b9f6fdbb80ae44e291c687c35f6bff6d,
C0272,Skew Lines,,Component,(a) A pair of parallel planes  (b) A pair of perpendicular planes  (c) A pair of skew lines.,Chapter 3,3.1 Lines and Angles,44,423c38bffe0f49e7a853018602dad580,(a) A pair of parallel planes  (b) A pair of perpendicular planes  (c) A pair of skew lines.
C0273,Parallel Line Postulate,Parallel Postulate,Formula,"(a) Planes ABC and EFG  (b) Planes ABC and CDH  (c) B~D and CG  Parallel Line Postulate  Parallel Postulate: For any line and a point not on the line, there is one line parallel to this line through  the point.",Chapter 3,3.1 Lines and Angles,44,423c38bffe0f49e7a853018602dad580,"(a) Planes ABC and EFG  (b) Planes ABC and CDH  (c) B~D and CG  Parallel Line Postulate  Parallel Postulate: For any line and a point not on the line, there is one line parallel to this line through  the point."
C0274,Transversal,,Component,"125 www.ckl2.org  Converse of the Same Side Interior Angles Theorem: If two lines are cut by a transversal and the  same side interior angles are supplementary, then the lines are parallel.",Chapter 3,3.3 Proving Lines Parallel,52,3005a114296b4b879b01de1886cc4d0a,"125 www.ckl2.org  Converse of the Same Side Interior Angles Theorem: If two lines are cut by a transversal and the  same side interior angles are supplementary, then the lines are parallel."
C0275,Kl Niv,,Component,"V  T Kl Niv  i 1 '■'■-""■'-  ^C*  R»NW rip-.*.",Chapter 3,3.1 Lines and Angles,43,31fc1f50f8344747880d5e40f131f33f,"V  T Kl Niv  i 1 '■'■-""■'-  ^C*  R»NW rip-.*."
C0276,Perpendicular Line Postulate,,Formula,"Perpendicular Line Postulate  Perpendicular Line Postulate: For any line and a point not on the line, there is one line perpendicular  to this line passing through the point.",Chapter 3,3.1 Lines and Angles,44,423c38bffe0f49e7a853018602dad580,"Perpendicular Line Postulate  Perpendicular Line Postulate: For any line and a point not on the line, there is one line perpendicular  to this line passing through the point."
C0277,Defining Parallel,,Component,,Chapter 3,3.1 Lines and Angles,43,655a20b02a7a4fddb07b7ab4b6e5462b,
C0278,LOOK,,Component,"Just because two lines  LOOK parallel, does not mean that they are.",Chapter 3,3.1 Lines and Angles,43,8046b99dc25e40e08b013a6f19103eda,"Just because two lines  LOOK parallel, does not mean that they are."
C0279,Patty Paper,,Component,"www.ckl2.org  102  i< "" /  Investigation 3-1: Patty Paper and Parallel Lines  Tools Needed: Patty paper, pencil, ruler  1.",Chapter 3,3.1 Lines and Angles,44,423c38bffe0f49e7a853018602dad580,"www.ckl2.org  102  i< "" /  Investigation 3-1: Patty Paper and Parallel Lines  Tools Needed: Patty paper, pencil, ruler  1."
C0280,CDH,,Component,"(a) Planes ABC and EFG  (b) Planes ABC and CDH  (c) B~D and CG  Parallel Line Postulate  Parallel Postulate: For any line and a point not on the line, there is one line parallel to this line through  the point.",Chapter 3,3.1 Lines and Angles,44,423c38bffe0f49e7a853018602dad580,"(a) Planes ABC and EFG  (b) Planes ABC and CDH  (c) B~D and CG  Parallel Line Postulate  Parallel Postulate: For any line and a point not on the line, there is one line parallel to this line through  the point."
C0281,Parallel Lines,Parallel Line,Component,"www.ckl2.org  102  i< "" /  Investigation 3-1: Patty Paper and Parallel Lines  Tools Needed: Patty paper, pencil, ruler  1.",Chapter 3,3.1 Lines and Angles,44,423c38bffe0f49e7a853018602dad580,"www.ckl2.org  102  i< "" /  Investigation 3-1: Patty Paper and Parallel Lines  Tools Needed: Patty paper, pencil, ruler  1."
C0282,EFG,,Component,"(a) Planes ABC and EFG  (b) Planes ABC and CDH  (c) B~D and CG  Parallel Line Postulate  Parallel Postulate: For any line and a point not on the line, there is one line parallel to this line through  the point.",Chapter 3,3.1 Lines and Angles,44,423c38bffe0f49e7a853018602dad580,"(a) Planes ABC and EFG  (b) Planes ABC and CDH  (c) B~D and CG  Parallel Line Postulate  Parallel Postulate: For any line and a point not on the line, there is one line parallel to this line through  the point."
C0283,Perpendicular Line Construction,,Component,"Investigation 3-2: Perpendicular Line Construction; through a Point NOT on the Line  Tools Needed: Pencil, paper, ruler, compass  103  www.ckl2.org  1.",Chapter 3,3.1 Lines and Angles,44,423c38bffe0f49e7a853018602dad580,"Investigation 3-2: Perpendicular Line Construction; through a Point NOT on the Line  Tools Needed: Pencil, paper, ruler, compass  103  www.ckl2.org  1."
C0284,Tools Needed,,Component,"(3jc-4)° = (5jc - 18)° y + 4 = 2y + l  14° = 2x 3 = y  7 = x  Equidistant Congruent Chords  Investigation 9-3: Properties of Congruent Chords  Tools Needed: pencil, paper, compass, ruler  1.",Chapter 9,9.3 Properties of Chords,154,1f82ed047fd643a5b85d841d4e24edd2,"(3jc-4)° = (5jc - 18)° y + 4 = 2y + l  14° = 2x 3 = y  7 = x  Equidistant Congruent Chords  Investigation 9-3: Properties of Congruent Chords  Tools Needed: pencil, paper, compass, ruler  1."
C0285,Corresponding Angles,,Component,Definition of perpendicular lines  Definition of a right angle  Corresponding Angles Postulate  Transitive PoE  Congruent Linear Pairs  Vertical Angles Theorem  Definition of right angle  Definition of perpendicular lines,Chapter 3,3.4 Properties of Perpendicular Lines,54,8658d6e107ce495fb0a60b485399a6db,Definition of perpendicular lines  Definition of a right angle  Corresponding Angles Postulate  Transitive PoE  Congruent Linear Pairs  Vertical Angles Theorem  Definition of right angle  Definition of perpendicular lines
C0286,Alternate Exterior Angles,Alternate Interior Angles,Component,"AD = DC,AB = BC  Yes, by the Reflexive Property  ADAB = ADCB by SSS  IL = IN and IM = IP by the Alternate Interior Angles Theorem  IPON = lLOM by Vertical Angles or the 3 rd Angle Theorem  No, no markings or midpoints  No, no congruent sides.",Chapter 4,4.3 Triangle Congruence using SSS and SAS,77,445ff38d67c043d9a5ec6bdcb79c96c9,"AD = DC,AB = BC  Yes, by the Reflexive Property  ADAB = ADCB by SSS  IL = IN and IM = IP by the Alternate Interior Angles Theorem  IPON = lLOM by Vertical Angles or the 3 rd Angle Theorem  No, no markings or midpoints  No, no congruent sides."
C0287,Exterior Angle,Exterior Angles,Component,89° + (5x - 8)° + (3x + 4)° + 51° = 360°  8x = 224°  x = 28°  Exterior Angles in Convex Polygons  An exterior angle is an angle that is formed by extending a side of the polygon (Chapter 4).,Chapter 6,6.1 Angles in Polygons,98,2c8e5a4a2d6e4e18a773a44da7a10c45,89° + (5x - 8)° + (3x + 4)° + 51° = 360°  8x = 224°  x = 28°  Exterior Angles in Convex Polygons  An exterior angle is an angle that is formed by extending a side of the polygon (Chapter 4).
C0288,Interior Angle,Interior Angles,Component,right  acute  obtuse  all angles one angle  less than 90° greater than 90°  equiangular  Interior Angles: The angles inside of a polygon.,Chapter 4,4.1 Triangle Sums,62,bd6c85407661496a874a7557c8b08d65,right  acute  obtuse  all angles one angle  less than 90° greater than 90°  equiangular  Interior Angles: The angles inside of a polygon.
C0289,Revisited For Washington,,Component,"Revisited For Washington DC, all of the lettered and numbered streets are parallel.",Chapter 3,3.1 Lines and Angles,45,b7f9f660a85145ec971b1385a565b0fe,"Revisited For Washington DC, all of the lettered and numbered streets are parallel."
C0290,Picture Frame,,Component,(a) Latitude on a Globe  (b) Opposite Sides of a Picture Frame  (c) Fence Posts  (d) Adjacent Sides of a Picture Frame  3.,Chapter 3,3.1 Lines and Angles,46,f31181029f084f688c26d44079aa44e2,(a) Latitude on a Globe  (b) Opposite Sides of a Picture Frame  (c) Fence Posts  (d) Adjacent Sides of a Picture Frame  3.
C0291,Railroad Tracks,,Component,(a) Railroad Tracks  (b) Lamp Post and a Sidewalk  (c) Longitude on a Globe  (d) Stonehenge (the stone structure in Scotland)  2.,Chapter 3,3.1 Lines and Angles,46,f31181029f084f688c26d44079aa44e2,(a) Railroad Tracks  (b) Lamp Post and a Sidewalk  (c) Longitude on a Globe  (d) Stonehenge (the stone structure in Scotland)  2.
C0292,Lamp Post,,Component,(a) Railroad Tracks  (b) Lamp Post and a Sidewalk  (c) Longitude on a Globe  (d) Stonehenge (the stone structure in Scotland)  2.,Chapter 3,3.1 Lines and Angles,46,f31181029f084f688c26d44079aa44e2,(a) Railroad Tracks  (b) Lamp Post and a Sidewalk  (c) Longitude on a Globe  (d) Stonehenge (the stone structure in Scotland)  2.
C0293,Northbound Freeway,,Component,(a) Roof of a Home  (b) Northbound Freeway and an Eastbound Overpass  (c) Longitude on a Globe  (d) The Golden Gate Bridge  4.,Chapter 3,3.1 Lines and Angles,46,f31181029f084f688c26d44079aa44e2,(a) Roof of a Home  (b) Northbound Freeway and an Eastbound Overpass  (c) Longitude on a Globe  (d) The Golden Gate Bridge  4.
C0294,Fence Posts,,Component,(a) Latitude on a Globe  (b) Opposite Sides of a Picture Frame  (c) Fence Posts  (d) Adjacent Sides of a Picture Frame  3.,Chapter 3,3.1 Lines and Angles,46,f31181029f084f688c26d44079aa44e2,(a) Latitude on a Globe  (b) Opposite Sides of a Picture Frame  (c) Fence Posts  (d) Adjacent Sides of a Picture Frame  3.
C0295,Adjacent Sides,,Component,(a) Latitude on a Globe  (b) Opposite Sides of a Picture Frame  (c) Fence Posts  (d) Adjacent Sides of a Picture Frame  3.,Chapter 3,3.1 Lines and Angles,46,f31181029f084f688c26d44079aa44e2,(a) Latitude on a Globe  (b) Opposite Sides of a Picture Frame  (c) Fence Posts  (d) Adjacent Sides of a Picture Frame  3.
C0296,Writing What,,Component,Writing What is difference between the Parallel Line Postulate and the Perpendicular Line  Postulate,Chapter 3,3.1 Lines and Angles,46,f31181029f084f688c26d44079aa44e2,Writing What is the difference between the Parallel Line Postulate and the Perpendicular Line  Postulate?
C0297,Opposite Sides,,Component,(a) Latitude on a Globe  (b) Opposite Sides of a Picture Frame  (c) Fence Posts  (d) Adjacent Sides of a Picture Frame  3.,Chapter 3,3.1 Lines and Angles,46,f31181029f084f688c26d44079aa44e2,(a) Latitude on a Globe  (b) Opposite Sides of a Picture Frame  (c) Fence Posts  (d) Adjacent Sides of a Picture Frame  3.
C0298,Eastbound Overpass,,Component,(a) Roof of a Home  (b) Northbound Freeway and an Eastbound Overpass  (c) Longitude on a Globe  (d) The Golden Gate Bridge  4.,Chapter 3,3.1 Lines and Angles,46,f31181029f084f688c26d44079aa44e2,(a) Roof of a Home  (b) Northbound Freeway and an Eastbound Overpass  (c) Longitude on a Globe  (d) The Golden Gate Bridge  4.
C0299,Perpendicular Line,Perpendicular Lines,Component,Each angle is 90°  m  3.5 Parallel and Perpendicular Lines in the Co-  ordinate Plane  Learning Objectives  • Compute slope.,Chapter 3,3.4 Properties of Perpendicular Lines,56,8729b41097404e8e98a3e2cddf352c4b,Each angle is 90°  m  3.5 Parallel and Perpendicular Lines in the Co-  ordinate Plane  Learning Objectives  • Compute slope.
C0300,Algebra Review Find,,Component,"Algebra Review Find the slope of the line between the two points, *_ 1 .",Chapter 3,3.1 Lines and Angles,47,62dbbf9fcf204ee19d7ca1b728e473c4,"Algebra Review Find the slope of the line between the two points, *_ 1 ."
C0301,Construction Draw,,Component,Construction Draw or construct the following quadrilaterals.,Chapter 6,"6.4 Rectangles, Rhombuses and Squares",108,a5cf63dea8b645cc9daccdcdd5b1ed59,Construction Draw or construct the following quadrilaterals.
C0302,Corresponding Angles Postulate,,Formula,"Learning Objectives  • Use the converses of the Corresponding Angles Postulate, Alternate Interior Angles Theorem, Alter-  nate Exterior Angles Theorem, and the Consecutive Interior Angles Theorem to show that lines are  parallel.",Chapter 3,3.3 Proving Lines Parallel,50,487200eeecb942a7a2b70521175a3159,"Learning Objectives  • Use the converses of the Corresponding Angles Postulate, Alternate Interior Angles Theorem, Alter-  nate Exterior Angles Theorem, and the Consecutive Interior Angles Theorem to show that lines are  parallel."
C0303,Corresponding Angles Exploration,CAE,Formula,Investigation 3-4: Corresponding Angles Exploration  1.,Chapter 3,3.2 Properties of Parallel Lines,47,c344345d4ca64778bfc314e1d7110ae5,Investigation 3-4: Corresponding Angles Exploration  1.
C0304,Angles Postulate,,Formula,jfllm  Given  Vertical Angles Theorem  Transitive PoC  Converse of the Corresponding Angles Postulate  Prove Move: Shorten the names of these theorems.,Chapter 3,3.3 Proving Lines Parallel,51,d3d8a7e6316c482bb885bb9b8a80bea2,jfllm  Given  Vertical Angles Theorem  Transitive PoC  Converse of the Corresponding Angles Postulate  Prove Move: Shorten the names of these theorems.
C0305,Alternate Interior Angles Theorem,Alternate Exterior Angles Theorem,Formula,"AD = DC,AB = BC  Yes, by the Reflexive Property  ADAB = ADCB by SSS  IL = IN and IM = IP by the Alternate Interior Angles Theorem  IPON = lLOM by Vertical Angles or the 3 rd Angle Theorem  No, no markings or midpoints  No, no congruent sides.",Chapter 4,4.3 Triangle Congruence using SSS and SAS,77,445ff38d67c043d9a5ec6bdcb79c96c9,"AD = DC,AB = BC  Yes, by the Reflexive Property  ADAB = ADCB by SSS  IL = IN and IM = IP by the Alternate Interior Angles Theorem  IPON = lLOM by Vertical Angles or the 3 rd Angle Theorem  No, no markings or midpoints  No, no congruent sides."
C0306,Because Zl,,Component,"-, 3 A — >i  Solution: Because Zl and Zl6 are not on the same transversal, we cannot assume they are congruent.",Chapter 3,3.2 Properties of Parallel Lines,49,9f5b0b1190bf4c96a59eefb2827ad586,"-, 3 A — >i  Solution: Because Zl and Zl6 are not on the same transversal, we cannot assume they are congruent."
C0307,ISQV,,Component,"The other angles that are 160° are IFSR, ITSQ, and  the vertical angle with ISQV.",Chapter 3,3.2 Properties of Parallel Lines,49,9f5b0b1190bf4c96a59eefb2827ad586,"The other angles that are 160° are IFSR, ITSQ, and  the vertical angle with ISQV."
C0308,ITLQ,,Component,"Revisited Using what we have learned in this lesson, the other angles that are 35° are  ITLQ, lETL, and the vertical angle with ITLQ.",Chapter 3,3.2 Properties of Parallel Lines,49,9f5b0b1190bf4c96a59eefb2827ad586,"Revisited Using what we have learned in this lesson, the other angles that are 35° are  ITLQ, lETL, and the vertical angle with ITLQ."
C0309,IFSR,,Component,"The other angles that are 160° are IFSR, ITSQ, and  the vertical angle with ISQV.",Chapter 3,3.2 Properties of Parallel Lines,49,9f5b0b1190bf4c96a59eefb2827ad586,"The other angles that are 160° are IFSR, ITSQ, and  the vertical angle with ISQV."
C0310,ITSQ,,Component,"The other angles that are 160° are IFSR, ITSQ, and  the vertical angle with ISQV.",Chapter 3,3.2 Properties of Parallel Lines,49,9f5b0b1190bf4c96a59eefb2827ad586,"The other angles that are 160° are IFSR, ITSQ, and  the vertical angle with ISQV."
C0311,Consecutive Interior Angles Theorem,,Formula,"Learning Objectives  • Use the converses of the Corresponding Angles Postulate, Alternate Interior Angles Theorem, Alter-  nate Exterior Angles Theorem, and the Consecutive Interior Angles Theorem to show that lines are  parallel.",Chapter 3,3.3 Proving Lines Parallel,50,487200eeecb942a7a2b70521175a3159,"Learning Objectives  • Use the converses of the Corresponding Angles Postulate, Alternate Interior Angles Theorem, Alter-  nate Exterior Angles Theorem, and the Consecutive Interior Angles Theorem to show that lines are  parallel."
C0312,Coronado Bridge,,Component,Here is a picture of the support beams for the Coronado Bridge in San Diego.,Chapter 3,3.3 Proving Lines Parallel,50,487200eeecb942a7a2b70521175a3159,Here is a picture of the support beams for the Coronado Bridge in San Diego.
C0313,Exterior Angles Theorem,"Exterior Angle Sum Theorem, Exterior Angle Tear, Exterior Angle Theorem, Exterior Angle Theorem From, Interior Angles Theorem",Formula,"Learning Objectives  • Use the converses of the Corresponding Angles Postulate, Alternate Interior Angles Theorem, Alter-  nate Exterior Angles Theorem, and the Consecutive Interior Angles Theorem to show that lines are  parallel.",Chapter 3,3.3 Proving Lines Parallel,50,487200eeecb942a7a2b70521175a3159,"Learning Objectives  • Use the converses of the Corresponding Angles Postulate, Alternate Interior Angles Theorem, Alter-  nate Exterior Angles Theorem, and the Consecutive Interior Angles Theorem to show that lines are  parallel."
C0314,Parallel Lines Property,,Component,Parallel Lines Property is transitive property for parallel lines,Chapter 3,3.3 Proving Lines Parallel,52,9855de97ef6145c7b32af8df1cb9c0a8,Parallel Lines Property  The Parallel Lines Property is a transitive property for parallel lines.
C0315,Corresponding Angles Converse,,Component,"Corresponding Angles Converse  Recall that the converse of  If a, then b is  If b, then a  For the Corresponding Angles Postulate:  If two lines are parallel, then the corresponding angles are congruent.",Chapter 3,3.3 Proving Lines Parallel,50,487200eeecb942a7a2b70521175a3159,"Corresponding Angles Converse  Recall that the converse of  If a, then b is  If b, then a  For the Corresponding Angles Postulate:  If two lines are parallel, then the corresponding angles are congruent."
C0316,YES,,Component,"If / nr\o then, is l\\ml  YES.",Chapter 3,3.3 Proving Lines Parallel,50,487200eeecb942a7a2b70521175a3159,"If / nr\o then, is l\\ml  YES."
C0317,See Investigation,"Use Investigation, Using Investigation",Component,"Using Investigation 4-3, construct a triangle with sides 6 cm and 4 cm and the included angle is 45°.",Chapter 6,7.4 Similarity by SSS and SAS,122,77f6a890b6fa4e26a7c3c2ed238f9810,"Using Investigation 4-3, construct a triangle with sides 6 cm and 4 cm and the included angle is 45°."
C0318,Creating Parallel Lines,,Component,Investigation 3-5: Creating Parallel Lines using Corresponding Angles  1.,Chapter 3,3.3 Proving Lines Parallel,51,0ac163132c034646b36d3eb9eed0ab51,Investigation 3-5: Creating Parallel Lines using Corresponding Angles  1.
C0319,Alternate Interior Angles Converse,,Component,ABCD is a parallelogram  Given  Reflexive PoC  SSS  CPCTC  Alternate Interior Angles Converse,Chapter 6,6.3 Proving Quadrilaterals are Parallelograms,103,71b01a53c60a4a6d98dc1d1be836087b,ABCD is a parallelogram  Given  Reflexive PoC  SSS  CPCTC  Alternate Interior Angles Converse
C0320,Prove Move,,Component,jfllm  Given  Vertical Angles Theorem  Transitive PoC  Converse of the Corresponding Angles Postulate  Prove Move: Shorten the names of these theorems.,Chapter 3,3.3 Proving Lines Parallel,51,d3d8a7e6316c482bb885bb9b8a80bea2,jfllm  Given  Vertical Angles Theorem  Transitive PoC  Converse of the Corresponding Angles Postulate  Prove Move: Shorten the names of these theorems.
C0321,Consecutive Interior Angles,,Component,Converse of Alternate Exterior Angles & Consecutive Interior Angles  You have probably guessed that the converse of the Alternate Exterior Angles Theorem and the Consecutive  Interior Angles Theorem are true.,Chapter 3,3.3 Proving Lines Parallel,51,5f6f743505e646bd87d85f64367294de,Converse of Alternate Exterior Angles & Consecutive Interior Angles  You have probably guessed that the converse of the Alternate Exterior Angles Theorem and the Consecutive  Interior Angles Theorem are true.
C0322,World Situation The,,Component,Example 6: Real-World Situation The map below shows three roads in Julio's town.,Chapter 3,3.3 Proving Lines Parallel,51,726bd66d42b14970a9214268c9c85dd2,Example 6: Real-World Situation The map below shows three roads in Julio's town.
C0323,Chavez Avenue,,Component,Chavez Avenue is not parallel streets,Chapter 3,3.3 Proving Lines Parallel,52,3005a114296b4b879b01de1886cc4d0a,"La + 40° = 180° by the Linear Pair Postulate  la = 140°  140° + 130°, so Franklin Way and Chavez Avenue are not parallel streets."
C0324,Franklin Way,,Component,Franklin Way is parallel to Chavez Avenue,Chapter 3,3.3 Proving Lines Parallel,52,3005a114296b4b879b01de1886cc4d0a,Julio wants to know if Franklin Way is parallel to Chavez Avenue.
C0325,HINT,,Component,"HINT: You will need to use the Pythagorean Theorem, which you may have seen in a previous math class.",Chapter 3,3.4 Properties of Perpendicular Lines,56,8729b41097404e8e98a3e2cddf352c4b,"HINT: You will need to use the Pythagorean Theorem, which you may have seen in a previous math class."
C0326,Construction Using Investigation,,Component,"Construction Using Investigation 3-1 to help you, show that two lines are parallel by constructing  congruent alternate interior angles.",Chapter 3,3.3 Proving Lines Parallel,53,61d9a109d764451eb231018a2ddd2e55,"Construction Using Investigation 3-1 to help you, show that two lines are parallel by constructing  congruent alternate interior angles."
C0327,Writing Explain,,Component,Writing Explain when you would use the Corresponding Angles Postulate and the Converse of the  Corresponding Angles Postulate in a proof.,Chapter 3,3.3 Proving Lines Parallel,53,61d9a109d764451eb231018a2ddd2e55,Writing Explain when you would use the Corresponding Angles Postulate and the Converse of the  Corresponding Angles Postulate in a proof.
C0328,For Questions,,Component,"For Questions 25-28, consider line segment AB with endpoints A(2, 1) and 5(6,3).",Chapter 5,5.1 Midsegments,88,bfe642bc74ca44f58f8f4d43b13df511,"For Questions 25-28, consider line segment AB with endpoints A(2, 1) and 5(6,3)."
C0329,LAFD,,Component,LAFD and IBDF are supplementary  25.,Chapter 3,3.3 Proving Lines Parallel,53,561d8dcd7e294ed694ba5de165bf99e5,LAFD and IBDF are supplementary  25.
C0330,LJIL,,Component,,Chapter 3,3.3 Proving Lines Parallel,53,561d8dcd7e294ed694ba5de165bf99e5,
C0331,LBDC,,Component,,Chapter 3,3.3 Proving Lines Parallel,53,561d8dcd7e294ed694ba5de165bf99e5,
C0332,LEAF,,Component,,Chapter 3,3.3 Proving Lines Parallel,53,561d8dcd7e294ed694ba5de165bf99e5,
C0333,Corresponding Angles Theorem,,Formula,"Zl s Z4  Converse of Corresponding Angles Theorem  In 23-29, use the given information to determine which lines are parallel.",Chapter 3,3.3 Proving Lines Parallel,53,561d8dcd7e294ed694ba5de165bf99e5,"Zl s Z4  Converse of Corresponding Angles Theorem  In 23-29, use the given information to determine which lines are parallel."
C0334,LKJM,,Component,,Chapter 3,3.3 Proving Lines Parallel,53,561d8dcd7e294ed694ba5de165bf99e5,
C0335,LEFJ,,Component,,Chapter 3,3.3 Proving Lines Parallel,53,561d8dcd7e294ed694ba5de165bf99e5,
C0336,IBDF,,Component,IBDF is supplementary  25,Chapter 3,3.3 Proving Lines Parallel,53,561d8dcd7e294ed694ba5de165bf99e5,LAFD and IBDF are supplementary  25.
C0337,Half Dome,,Component,"To the right are pictures of Half Dome,  in Yosemite National Park and the horizon over the Pacific Ocean.",Chapter 3,3.4 Properties of Perpendicular Lines,54,371057b9ce80411a9fdb1d20a6d53f1c,"To the right are pictures of Half Dome,  in Yosemite National Park and the horizon over the Pacific Ocean."
C0338,Congruent Linear Pairs,,Component,Definition of perpendicular lines  Definition of a right angle  Corresponding Angles Postulate  Transitive PoE  Congruent Linear Pairs  Vertical Angles Theorem  Definition of right angle  Definition of perpendicular lines,Chapter 3,3.4 Properties of Perpendicular Lines,54,8658d6e107ce495fb0a60b485399a6db,Definition of perpendicular lines  Definition of a right angle  Corresponding Angles Postulate  Transitive PoE  Congruent Linear Pairs  Vertical Angles Theorem  Definition of right angle  Definition of perpendicular lines
C0339,Yosemite National Park,,Component,"To the right are pictures of Half Dome,  in Yosemite National Park and the horizon over the Pacific Ocean.",Chapter 3,3.4 Properties of Perpendicular Lines,54,371057b9ce80411a9fdb1d20a6d53f1c,"To the right are pictures of Half Dome,  in Yosemite National Park and the horizon over the Pacific Ocean."
C0340,Pacific Ocean,,Component,"To the right are pictures of Half Dome,  in Yosemite National Park and the horizon over the Pacific Ocean.",Chapter 3,3.4 Properties of Perpendicular Lines,54,371057b9ce80411a9fdb1d20a6d53f1c,"To the right are pictures of Half Dome,  in Yosemite National Park and the horizon over the Pacific Ocean."
C0341,Perpendicular Transversals,,Component,"Perpendicular Transversals  When two lines intersect, four angles are created.",Chapter 3,3.4 Properties of Perpendicular Lines,54,4657973ea3724bf59bd7c3e5d0de3170,"Perpendicular Transversals  When two lines intersect, four angles are created."
C0342,Adjacent Complementary Angles If,Adjacent Complementary Angles,Component,"Adjacent Complementary Angles If complementary angles are adjacent, their nonadjacent sides are  perpendicular rays.",Chapter 3,3.4 Properties of Perpendicular Lines,54,1c323343f1fa4ea7a3eaed663b63b1ca,"Adjacent Complementary Angles If complementary angles are adjacent, their nonadjacent sides are  perpendicular rays."
C0343,If Half Dome,,Component,"If Half Dome was placed on top of the ocean, the two would be perpendicular.",Chapter 3,3.4 Properties of Perpendicular Lines,55,100dfe4d0fdc48c9b68e196a208220fa,"If Half Dome was placed on top of the ocean, the two would be perpendicular."
C0344,Tvt I,,Component,"Slope in the Coordinate Plane  Recall from Algebra I, two points (xi,yi) and (x2,y2) have a slope of m = ( x 2 _ y *y  Different Types of Slope:  143  www.ckl2.org  Positive  'tVt I '  «*flf  yi  r l/f '  2_L  J J  r _J  /  ""  -V|0.",Chapter 3,3.4 Properties of Perpendicular Lines,56,8729b41097404e8e98a3e2cddf352c4b,"Slope in the Coordinate Plane  Recall from Algebra I, two points (xi,yi) and (x2,y2) have a slope of m = ( x 2 _ y *y  Different Types of Slope:  143  www.ckl2.org  Positive  'tVt I '  «*flf  yi  r l/f '  2_L  J J  r _J  /  ""  -V|0."
C0345,California Incline,,Component,"The picture to the right is the California Incline, a short road that connects Highway 1  with Santa Monica.",Chapter 3,3.4 Properties of Perpendicular Lines,56,8729b41097404e8e98a3e2cddf352c4b,"The picture to the right is the California Incline, a short road that connects Highway 1  with Santa Monica."
C0346,Santa Monica,,Component,"The picture to the right is the California Incline, a short road that connects Highway 1  with Santa Monica.",Chapter 3,3.4 Properties of Perpendicular Lines,56,8729b41097404e8e98a3e2cddf352c4b,"The picture to the right is the California Incline, a short road that connects Highway 1  with Santa Monica."
C0347,Pythagorean Theorem,,Formula,"For two more proofs, go to: http://www.mathsisfun.com/pythagoras.html and scroll down to ""And  You Can Prove the Theorem Yourself.""  Using the Pythagorean Theorem  Here are several examples of the Pythagorean Theorem in action.",Chapter 8,8.1 The Pythagorean Theorem,132,36664be2c37844cf8b13cc2953974b4e,"For two more proofs, go to: http://www.mathsisfun.com/pythagoras.html and scroll down to ""And  You Can Prove the Theorem Yourself.""  Using the Pythagorean Theorem  Here are several examples of the Pythagorean Theorem in action."
C0348,Different Types,,Component,"Slope in the Coordinate Plane  Recall from Algebra I, two points (xi,yi) and (x2,y2) have a slope of m = ( x 2 _ y *y  Different Types of Slope:  143  www.ckl2.org  Positive  'tVt I '  «*flf  yi  r l/f '  2_L  J J  r _J  /  ""  -V|0.",Chapter 3,3.4 Properties of Perpendicular Lines,56,8729b41097404e8e98a3e2cddf352c4b,"Slope in the Coordinate Plane  Recall from Algebra I, two points (xi,yi) and (x2,y2) have a slope of m = ( x 2 _ y *y  Different Types of Slope:  143  www.ckl2.org  Positive  'tVt I '  «*flf  yi  r l/f '  2_L  J J  r _J  /  ""  -V|0."
C0349,Rise,,Component,"Slope can also be written ""rise over run."" In this case we ""rise"" 2, and ""run"" in the  positive direction 1.",Chapter 3,3.4 Properties of Perpendicular Lines,56,d0849647c5ac435ab1fc635ff4d6f7f7,"Slope can also be written ""rise over run."" In this case we ""rise"" 2, and ""run"" in the  positive direction 1."
C0350,Run,,Component,"Slope can also be written ""rise over run."" In this case we ""rise"" 2, and ""run"" in the  positive direction 1.",Chapter 3,3.4 Properties of Perpendicular Lines,56,d0849647c5ac435ab1fc635ff4d6f7f7,"Slope can also be written ""rise over run."" In this case we ""rise"" 2, and ""run"" in the  positive direction 1."
C0351,Fall,,Component,"Here, we don't ""rise,"" but ""fall"" one, and ""run"" in the positive direction 2.",Chapter 3,3.4 Properties of Perpendicular Lines,56,f109ae458a794d2f87bf6c3cff358dc0,"Here, we don't ""rise,"" but ""fall"" one, and ""run"" in the positive direction 2."
C0352,Graphing Parallel,,Component,Graphing Parallel and Perpendicular Lines,Chapter 3,3.4 Properties of Perpendicular Lines,57,a237d237081847fb902b258f0255a238,Graphing Parallel and Perpendicular Lines
C0353,Rise Over Run,,Component,"Using your answer from #24, take the slope of BC and use the ""rise over run"" in either direction to  create a parallel line to BC that passes through A.",Chapter 5,5.1 Midsegments,84,6a98be2897fd4995844f5d58ec4641be,"Using your answer from #24, take the slope of BC and use the ""rise over run"" in either direction to  create a parallel line to BC that passes through A."
C0354,Y-Intercept Form,,Component,,Chapter 3,3.4 Properties of Perpendicular Lines,57,9523c51ca8944b70bd7a68cacdc16b4a,
C0355,Los Angeles,,Component,Revisited The shortest distance between Los Angeles and Orange is 26.3 miles along  Highway 5.,Chapter 3,12.8 mi,60,8aeca0ef1b924b7ea9ba6655fef9dfe6,Revisited The shortest distance between Los Angeles and Orange is 26.3 miles along  Highway 5.
C0356,Long Beach,,Component,,Chapter 3,15.4 mi,59,79b67685ad9d4123b44471ef5d5aaeb8,
C0357,Distance Formula,,Formula,"The Distance Formula  The distance between two points (x\,yi) and (x2,y%) can be defined as d = y{x2 — xi) 2 + (j2 _ yi) 2 - This  formula will be derived in Chapter 9.",Chapter 3,12.8 mi,59,280159b3533b4cdd8e87e0ff6071c411,"The Distance Formula  The distance between two points (x\,yi) and (x2,y%) can be defined as d = y{x2 — xi) 2 + (j2 _ yi) 2 - This  formula will be derived in Chapter 9."
C0358,Shortest Distance,,Component,Shortest Distance between Parallel Lines with m = 1 or -1  The shortest distance between two parallel lines is the perpendicular line between them.,Chapter 3,12.8 mi,59,6857fc10b6d74fe0a25e29d2c3cbdceb,Shortest Distance between Parallel Lines with m = 1 or -1  The shortest distance between two parallel lines is the perpendicular line between them.
C0359,Horizontal Lines,,Component,"Shortest Distance between Vertical and Horizontal Lines  All vertical lines are in the form x = a, where a is the x— intercept.",Chapter 3,12.8 mi,59,7ecff777fbc341bd880a6f006c73ec38,"Shortest Distance between Vertical and Horizontal Lines  All vertical lines are in the form x = a, where a is the x— intercept."
C0360,Standard Form,,Component,,Chapter 3,3.7 Chapter 3 Review,61,8c47d3da91f747e8809e496d77854941,
C0361,Proving Lines Parallel,,Component,,Chapter 3,3.7 Chapter 3 Review,61,8c47d3da91f747e8809e496d77854941,
C0362,Given Line,,Component,,Chapter 3,3.8 Study Guide,62,6d0ac550896f4efb93518c88df090ded,
C0363,Triangle Sum Theorem,"Triangle Sum Theorem The, Triangle Theorem, Use Triangle Sum Theorem",Formula,Solution:  mlACB + 115° = 180° because they are a linear pair  mlACB = 65°  mlA + 65° + 79° = 180° by the Triangle Sum Theorem  mlA = 36°  Remote Interior Angles: The two angles in a triangle that are not adjacent to the indicated exterior  angle.,Chapter 4,4.1 Triangle Sums,64,253c4efe913948b585d0e1e57125d70b,Solution:  mlACB + 115° = 180° because they are a linear pair  mlACB = 65°  mlA + 65° + 79° = 180° by the Triangle Sum Theorem  mlA = 36°  Remote Interior Angles: The two angles in a triangle that are not adjacent to the indicated exterior  angle.
C0364,Bermuda Triangle,,Component,To the right is the Bermuda Triangle.,Chapter 4,4.1 Triangle Sums,62,bd6c85407661496a874a7557c8b08d65,To the right is the Bermuda Triangle.
C0365,AABC,,Component,B C \j  Solution: The sum of the angles in a triangle is 180°  AABC : 35° + 88° + mlC = 180°  mlC = 57°  AHIJ : 35° + 88° + mlJ = 180°  mlJ = 57°  Notice we were given mlA = mlH and mlB = mil and we found out mlC = mlJ.,Chapter 4,4.2 Congruent Figures,67,9e5a1ebce4714f189d1e35bd3b64a89d,B C \j  Solution: The sum of the angles in a triangle is 180°  AABC : 35° + 88° + mlC = 180°  mlC = 57°  AHIJ : 35° + 88° + mlJ = 180°  mlJ = 57°  Notice we were given mlA = mlH and mlB = mil and we found out mlC = mlJ.
C0366,Triangle Tear,,Component,"Investigation 4-1: Triangle Tear-Up  www.ckl2.org  164  Tools Needed: paper, ruler, pencil, colored pencils",Chapter 4,4.1 Triangle Sums,62,bd6c85407661496a874a7557c8b08d65,"Investigation 4-1: Triangle Tear-Up  www.ckl2.org  164  Tools Needed: paper, ruler, pencil, colored pencils"
C0367,ABAC,,Component,"For example, we can also write L\ABC = ALMN as:  AACB = ALNM  ACBA = ANML  ABCA = AMNL  aCAB = aNLM  ABAC = AMLN",Chapter 4,4.2 Congruent Figures,66,99c062c92f9642cf8246fac9db0bf4a9,"For example, we can also write L\ABC = ALMN as:  AACB = ALNM  ACBA = ANML  ABCA = AMNL  aCAB = aNLM  ABAC = AMLN"
C0368,ACAB,,Component,"This triangle can be labeled AABC, aACB, aBCA, ABAC, ACBA  or ACAB.",Chapter 4,4.1 Triangle Sums,62,bd6c85407661496a874a7557c8b08d65,"This triangle can be labeled AABC, aACB, aBCA, ABAC, ACBA  or ACAB."
C0369,ACBA,,Component,"For example, we can also write L\ABC = ALMN as:  AACB = ALNM  ACBA = ANML  ABCA = AMNL  aCAB = aNLM  ABAC = AMLN",Chapter 4,4.2 Congruent Figures,66,99c062c92f9642cf8246fac9db0bf4a9,"For example, we can also write L\ABC = ALMN as:  AACB = ALNM  ACBA = ANML  ABCA = AMNL  aCAB = aNLM  ABAC = AMLN"
C0370,IRQS,,Component,Solution: 112° is an exterior angle of ARQS and is supplementary to IRQS .,Chapter 4,4.1 Triangle Sums,63,8be7744c4cef4dae8675394dcfeb2276,Solution: 112° is an exterior angle of ARQS and is supplementary to IRQS .
C0371,ARQS,,Component,Solution: 112° is an exterior angle of ARQS and is supplementary to IRQS .,Chapter 4,4.1 Triangle Sums,63,8be7744c4cef4dae8675394dcfeb2276,Solution: 112° is an exterior angle of ARQS and is supplementary to IRQS .
C0372,Remote Interior Angles,,Component,Remote Interior Angles is equal to the non-adjacent exterior  angle,Chapter 4,4.1 Triangle Sums,64,253c4efe913948b585d0e1e57125d70b,Exterior Angle Theorem: The sum of the remote interior angles is equal to the non-adjacent exterior  angle.
C0373,Revisited The Bermuda Triangle,,Component,Revisited The Bermuda Triangle is acute scalene triangle,Chapter 4,4.1 Triangle Sums,65,6df58d65c7484ac79ef5a960b2117f44,Revisited The Bermuda Triangle is an acute scalene triangle.
C0374,Third Angle Theorem,,Formula,"Revisited Even though we do not know all of the angle measures in the two triangles,  we can find the missing angles by using the Third Angle Theorem.",Chapter 4,4.3 Triangle Congruence using SSS and SAS,76,47619c7eb48743dea110932b75b68ef5,"Revisited Even though we do not know all of the angle measures in the two triangles,  we can find the missing angles by using the Third Angle Theorem."
C0375,Corresponding Parts,,Component,"aABC and ADEF are congruent because  AB = DE IA = ID  BC 2 EF and IB = IE  AC = ~DF IC = IF  When referring to corresponding congruent parts of congruent triangles it is called Corresponding Parts  of Congruent Triangles are Congruent, or CPCTC.",Chapter 4,4.2 Congruent Figures,66,05ccb5a713024b36859891908963825b,"aABC and ADEF are congruent because  AB = DE IA = ID  BC 2 EF and IB = IE  AC = ~DF IC = IF  When referring to corresponding congruent parts of congruent triangles it is called Corresponding Parts  of Congruent Triangles are Congruent, or CPCTC."
C0376,ADEF,,Component,"ADEF is congruent because  AB = DE IA = ID  BC 2 EF and IB = IE  AC = ~DF IC = IF  When referring to corresponding congruent parts of congruent triangles it is called Corresponding Parts  of Congruent Triangles are Congruent, or CPCTC",Chapter 4,4.2 Congruent Figures,66,05ccb5a713024b36859891908963825b,"aABC and ADEF are congruent because  AB = DE IA = ID  BC 2 EF and IB = IE  AC = ~DF IC = IF  When referring to corresponding congruent parts of congruent triangles it is called Corresponding Parts  of Congruent Triangles are Congruent, or CPCTC."
C0377,CPCTC,,Component,"aABC and ADEF are congruent because  AB = DE IA = ID  BC 2 EF and IB = IE  AC = ~DF IC = IF  When referring to corresponding congruent parts of congruent triangles it is called Corresponding Parts  of Congruent Triangles are Congruent, or CPCTC.",Chapter 4,4.2 Congruent Figures,66,05ccb5a713024b36859891908963825b,"aABC and ADEF are congruent because  AB = DE IA = ID  BC 2 EF and IB = IE  AC = ~DF IC = IF  When referring to corresponding congruent parts of congruent triangles it is called Corresponding Parts  of Congruent Triangles are Congruent, or CPCTC."
C0378,ALMN,,Component,"Using Example 1, we would have:  ZAand Z.l_are = LC and ZN are =  AABC =ALMN  Z.B and L M are =  Notice that the congruent sides also line up within the congruence statement.",Chapter 4,4.2 Congruent Figures,66,99c062c92f9642cf8246fac9db0bf4a9,"Using Example 1, we would have:  ZAand Z.l_are = LC and ZN are =  AABC =ALMN  Z.B and L M are =  Notice that the congruent sides also line up within the congruence statement."
C0379,Creating Congruence Statements,,Component,"Creating Congruence Statements  In Example 1, we determined that L\ABC and L\LMN are congruent.",Chapter 4,4.2 Congruent Figures,66,99c062c92f9642cf8246fac9db0bf4a9,"Creating Congruence Statements  In Example 1, we determined that L\ABC and L\LMN are congruent."
C0380,LMN,,Component,"Creating Congruence Statements  In Example 1, we determined that L\ABC and L\LMN are congruent.",Chapter 4,4.2 Congruent Figures,66,99c062c92f9642cf8246fac9db0bf4a9,"Creating Congruence Statements  In Example 1, we determined that L\ABC and L\LMN are congruent."
C0381,ABCA,,Component,"For example, we can also write L\ABC = ALMN as:  AACB = ALNM  ACBA = ANML  ABCA = AMNL  aCAB = aNLM  ABAC = AMLN",Chapter 4,4.2 Congruent Figures,66,99c062c92f9642cf8246fac9db0bf4a9,"For example, we can also write L\ABC = ALMN as:  AACB = ALNM  ACBA = ANML  ABCA = AMNL  aCAB = aNLM  ABAC = AMLN"
C0382,ANML,,Component,"For example, we can also write L\ABC = ALMN as:  AACB = ALNM  ACBA = ANML  ABCA = AMNL  aCAB = aNLM  ABAC = AMLN",Chapter 4,4.2 Congruent Figures,66,99c062c92f9642cf8246fac9db0bf4a9,"For example, we can also write L\ABC = ALMN as:  AACB = ALNM  ACBA = ANML  ABCA = AMNL  aCAB = aNLM  ABAC = AMLN"
C0383,ALNM,,Component,"For example, we can also write L\ABC = ALMN as:  AACB = ALNM  ACBA = ANML  ABCA = AMNL  aCAB = aNLM  ABAC = AMLN",Chapter 4,4.2 Congruent Figures,66,99c062c92f9642cf8246fac9db0bf4a9,"For example, we can also write L\ABC = ALMN as:  AACB = ALNM  ACBA = ANML  ABCA = AMNL  aCAB = aNLM  ABAC = AMLN"
C0384,AACB,,Component,"For example, we can also write L\ABC = ALMN as:  AACB = ALNM  ACBA = ANML  ABCA = AMNL  aCAB = aNLM  ABAC = AMLN",Chapter 4,4.2 Congruent Figures,66,99c062c92f9642cf8246fac9db0bf4a9,"For example, we can also write L\ABC = ALMN as:  AACB = ALNM  ACBA = ANML  ABCA = AMNL  aCAB = aNLM  ABAC = AMLN"
C0385,AMNL,,Component,"For example, we can also write L\ABC = ALMN as:  AACB = ALNM  ACBA = ANML  ABCA = AMNL  aCAB = aNLM  ABAC = AMLN",Chapter 4,4.2 Congruent Figures,66,99c062c92f9642cf8246fac9db0bf4a9,"For example, we can also write L\ABC = ALMN as:  AACB = ALNM  ACBA = ANML  ABCA = AMNL  aCAB = aNLM  ABAC = AMLN"
C0386,AMLN,,Component,"For example, we can also write L\ABC = ALMN as:  AACB = ALNM  ACBA = ANML  ABCA = AMNL  aCAB = aNLM  ABAC = AMLN",Chapter 4,4.2 Congruent Figures,66,99c062c92f9642cf8246fac9db0bf4a9,"For example, we can also write L\ABC = ALMN as:  AACB = ALNM  ACBA = ANML  ABCA = AMNL  aCAB = aNLM  ABAC = AMLN"
C0387,Using Example,,Component,"Using Example 1, we would have:  ZAand Z.l_are = LC and ZN are =  AABC =ALMN  Z.B and L M are =  Notice that the congruent sides also line up within the congruence statement.",Chapter 4,4.2 Congruent Figures,66,99c062c92f9642cf8246fac9db0bf4a9,"Using Example 1, we would have:  ZAand Z.l_are = LC and ZN are =  AABC =ALMN  Z.B and L M are =  Notice that the congruent sides also line up within the congruence statement."
C0388,LFED,,Component,,Chapter 4,4.2 Congruent Figures,66,e0fd2f210a24437d9a01306b040ebf7e,
C0389,ACAT,,Component,Symbols Toolbox  Congruent Triangles and their corresponding parts  LCJLDJJ^-G ^JS<BP  ACAT=ADOG ACAT=ADOG  i i  L ^~ L0 CT=DG,Chapter 4,4.6 Chapter 4 Review,80,c739fbd8d81e4214ba44d882f918e017,Symbols Toolbox  Congruent Triangles and their corresponding parts  LCJLDJJ^-G ^JS<BP  ACAT=ADOG ACAT=ADOG  i i  L ^~ L0 CT=DG
C0390,ADOG,,Component,Symbols Toolbox  Congruent Triangles and their corresponding parts  LCJLDJJ^-G ^JS<BP  ACAT=ADOG ACAT=ADOG  i i  L ^~ L0 CT=DG,Chapter 4,4.6 Chapter 4 Review,80,c739fbd8d81e4214ba44d882f918e017,Symbols Toolbox  Congruent Triangles and their corresponding parts  LCJLDJJ^-G ^JS<BP  ACAT=ADOG ACAT=ADOG  i i  L ^~ L0 CT=DG
C0391,AHIJ,,Component,B C \j  Solution: The sum of the angles in a triangle is 180°  AABC : 35° + 88° + mlC = 180°  mlC = 57°  AHIJ : 35° + 88° + mlJ = 180°  mlJ = 57°  Notice we were given mlA = mlH and mlB = mil and we found out mlC = mlJ.,Chapter 4,4.2 Congruent Figures,67,9e5a1ebce4714f189d1e35bd3b64a89d,B C \j  Solution: The sum of the angles in a triangle is 180°  AABC : 35° + 88° + mlC = 180°  mlC = 57°  AHIJ : 35° + 88° + mlJ = 180°  mlJ = 57°  Notice we were given mlA = mlH and mlB = mil and we found out mlC = mlJ.
C0392,IEFG,,Component,,Chapter 4,4.2 Congruent Figures,67,c3340f2775fd4b41871c8144b24a3f66,
C0393,IXYZ,,Component,,Chapter 4,4.2 Congruent Figures,67,c3340f2775fd4b41871c8144b24a3f66,
C0394,Congruence Properties Recall,,Component,mlA + mlB + mlC = 180°  mlD + mlB + mlC = 180°  42° + 83° + mlC = 180°  mlC = 55° = mlF  Congruence Properties Recall the Properties of Congruence from Chapter 2.,Chapter 4,4.2 Congruent Figures,67,c3340f2775fd4b41871c8144b24a3f66,mlA + mlB + mlC = 180°  mlD + mlB + mlC = 180°  42° + 83° + mlC = 180°  mlC = 55° = mlF  Congruence Properties Recall the Properties of Congruence from Chapter 2.
C0395,AGHI,,Component,"' 33 33 ' dnu sfi  16  33  IN  36  30  2' 33  33 '  AABC and AG/// : §  36 2 - 2  __ 22 _ 24  33 36  ^ ?M,ADEF is not similar to AGHI.",Chapter 6,7.4 Similarity by SSS and SAS,122,77f6a890b6fa4e26a7c3c2ed238f9810,"' 33 33 ' dnu sfi  16  33  IN  36  30  2' 33  33 '  AABC and AG/// : §  36 2 - 2  __ 22 _ 24  33 36  ^ ?M,ADEF is not similar to AGHI."
C0396,AABD,,Component,"Example 6: In order to say that AABD = AABC, you must show the three corresponding angles and sides  are congruent.",Chapter 4,4.2 Congruent Figures,67,1dfeb547e50542a092ae2a30f3ab6592,"Example 6: In order to say that AABD = AABC, you must show the three corresponding angles and sides  are congruent."
C0397,ABIG,,Component,"If ABIG = ATOP, what is also congruent?",Chapter 4,4.2 Congruent Figures,68,bb4a68167238460eb00b03b35be17272,"If ABIG = ATOP, what is also congruent?"
C0398,IFGH,,Component,What theorem tells us that IFGH = IF Gil  4.,Chapter 4,4.2 Congruent Figures,68,bb4a68167238460eb00b03b35be17272,What theorem tells us that IFGH = IF Gil  4.
C0399,ATOP,,Component,"If ABIG = ATOP, what is also congruent?",Chapter 4,4.2 Congruent Figures,68,bb4a68167238460eb00b03b35be17272,"If ABIG = ATOP, what is also congruent?"
C0400,ARAT,,Component,"If ARAT = AUGH, what is also congruent?",Chapter 4,4.2 Congruent Figures,68,bb4a68167238460eb00b03b35be17272,"If ARAT = AUGH, what is also congruent?"
C0401,AUGH,,Component,"If ARAT = AUGH, what is also congruent?",Chapter 4,4.2 Congruent Figures,68,bb4a68167238460eb00b03b35be17272,"If ARAT = AUGH, what is also congruent?"
C0402,AASC,,Component,,Chapter 4,4.2 Congruent Figures,68,e504d72549104051b60f117a947b9d14,
C0403,AXYZ,,Component,"sss  SAS  ASA  AAS (or SAA)  HL  SSA  AAA  z Yes  AABC = AXYZ  Yes  AABC = AXYZ  \— / ^»- side is between  *y"" ~ ** the two angles  Yes  AA5C = AXYZ  Yes  side is not AABC = AFZX  between the  Yes, Right Triangles Only  AABC = AXYZ  NO  NO",Chapter 4,4.3 Triangle Congruence using SSS and SAS,75,b18c2621d0364568a6f808c6e305499b,"sss  SAS  ASA  AAS (or SAA)  HL  SSA  AAA  z Yes  AABC = AXYZ  Yes  AABC = AXYZ  \— / ^»- side is between  *y"" ~ ** the two angles  Yes  AA5C = AXYZ  Yes  side is not AABC = AFZX  between the  Yes, Right Triangles Only  AABC = AXYZ  NO  NO"
C0404,AADC,,Component,(c) Is this enough to say AADC = ACBA?,Chapter 4,4.3 Triangle Congruence using SSS and SAS,69,f1fc4f7e21874c7cba2b1a4bc5dfde52,(c) Is this enough to say AADC = ACBA?
C0405,AABE,,Component,"(a) lA = ID, IE = IC  www.ckl2.org  344  (b)  AABE ~ ADBC  (c)  BE = 10  (a)  § = f,x = 28  (b)  15(x + 2) = 6(2x-l)  15x + 30 = 12x-6  3x = -36  x= -12",Chapter 6,7.4 Similarity by SSS and SAS,123,fe33db1da5924c91ad9ea0e80399a25d,"(a) lA = ID, IE = IC  www.ckl2.org  344  (b)  AABE ~ ADBC  (c)  BE = 10  (a)  § = f,x = 28  (b)  15(x + 2) = 6(2x-l)  15x + 30 = 12x-6  3x = -36  x= -12"
C0406,SAS,,Component,"187  www.ckl2.org  Side- Angle-Side (SAS) Triangle Congruence Postulate: If two sides and the included angle in one  triangle are congruent to two sides and the included angle in another triangle, then the two triangles are  congruent.",Chapter 4,4.3 Triangle Congruence using SSS and SAS,70,cf35341bfcec44f4997c2ed86106c7a2,"187  www.ckl2.org  Side- Angle-Side (SAS) Triangle Congruence Postulate: If two sides and the included angle in one  triangle are congruent to two sides and the included angle in another triangle, then the two triangles are  congruent."
C0407,Ideal,,Component,"The ""ideal"" measurements in a kitchen from the sink, refrigerator and oven are as close to an equilateral  triangle as possible.",Chapter 4,4.3 Triangle Congruence using SSS and SAS,69,f1fc4f7e21874c7cba2b1a4bc5dfde52,"The ""ideal"" measurements in a kitchen from the sink, refrigerator and oven are as close to an equilateral  triangle as possible."
C0408,ACBD,,Component,Given: B is the midpoint of DE and AC  lABE is a right angle  195  www.ckl2.org  Prove : AABE = ACBD  D  B  Table 4.13:  Statement  Reason  1.,Chapter 4,4.3 Triangle Congruence using SSS and SAS,72,f30556c0928a46f99ff491654cc0c756,Given: B is the midpoint of DE and AC  lABE is a right angle  195  www.ckl2.org  Prove : AABE = ACBD  D  B  Table 4.13:  Statement  Reason  1.
C0409,Triangle Congruence,,Component,"SSS Postulate of Triangle Congruence  Consider the question: If I have three lengths: 3 in, 4 in, and 5 in, can I construct more than one triangle?",Chapter 4,4.3 Triangle Congruence using SSS and SAS,69,f1fc4f7e21874c7cba2b1a4bc5dfde52,"SSS Postulate of Triangle Congruence  Consider the question: If I have three lengths: 3 in, 4 in, and 5 in, can I construct more than one triangle?"
C0410,SSS,,Component,"AD = DC,AB = BC  Yes, by the Reflexive Property  ADAB = ADCB by SSS  IL = IN and IM = IP by the Alternate Interior Angles Theorem  IPON = lLOM by Vertical Angles or the 3 rd Angle Theorem  No, no markings or midpoints  No, no congruent sides.",Chapter 4,4.3 Triangle Congruence using SSS and SAS,77,445ff38d67c043d9a5ec6bdcb79c96c9,"AD = DC,AB = BC  Yes, by the Reflexive Property  ADAB = ADCB by SSS  IL = IN and IM = IP by the Alternate Interior Angles Theorem  IPON = lLOM by Vertical Angles or the 3 rd Angle Theorem  No, no markings or midpoints  No, no congruent sides."
C0411,Triangle Given Three Sides,Triangle Given Two Sides,Component,"Investigation 4-3: Constructing a Triangle Given Two Sides and Included Angle  Tools Needed: protractor, pencil, ruler, and paper  1.",Chapter 4,4.3 Triangle Congruence using SSS and SAS,70,97860845897e4ea28725f615552db45f,"Investigation 4-3: Constructing a Triangle Given Two Sides and Included Angle  Tools Needed: protractor, pencil, ruler, and paper  1."
C0412,Repeat Step,Repeat Steps,Component,Repeat Step 1 and construct another triangle with sides 12 cm and 8 cm and the included angle is 45°  3.,Chapter 6,7.4 Similarity by SSS and SAS,122,77f6a890b6fa4e26a7c3c2ed238f9810,Repeat Step 1 and construct another triangle with sides 12 cm and 8 cm and the included angle is 45°  3.
C0413,Triangle Congruence Postulate,,Formula,"187  www.ckl2.org  Side- Angle-Side (SAS) Triangle Congruence Postulate: If two sides and the included angle in one  triangle are congruent to two sides and the included angle in another triangle, then the two triangles are  congruent.",Chapter 4,4.3 Triangle Congruence using SSS and SAS,70,cf35341bfcec44f4997c2ed86106c7a2,"187  www.ckl2.org  Side- Angle-Side (SAS) Triangle Congruence Postulate: If two sides and the included angle in one  triangle are congruent to two sides and the included angle in another triangle, then the two triangles are  congruent."
C0414,ALMK,,Component,"Lining up the corresponding sides, we have AABC = ALMK.",Chapter 4,4.3 Triangle Congruence using SSS and SAS,69,9b2cbd7fb2dc4c9ab2551fe30babc800,"Lining up the corresponding sides, we have AABC = ALMK."
C0415,ORDER,,Component,Don't forget ORDER MATTERS when writing congruence statements.,Chapter 4,4.3 Triangle Congruence using SSS and SAS,69,9b2cbd7fb2dc4c9ab2551fe30babc800,Don't forget ORDER MATTERS when writing congruence statements.
C0416,AECD,,Component,Given: C is the midpoint of AE and DB  Prove: AACB = AECD  B  Solution:  Table 4.7:  Statement  Reason  1.,Chapter 4,4.3 Triangle Congruence using SSS and SAS,71,33ee2c4ad984429a960f2a555c4ee249,Given: C is the midpoint of AE and DB  Prove: AACB = AECD  B  Solution:  Table 4.7:  Statement  Reason  1.
C0417,Included Angle,,Component,Included Angle: When an angle is between two given sides of a polygon.,Chapter 4,4.3 Triangle Congruence using SSS and SAS,70,97860845897e4ea28725f615552db45f,Included Angle: When an angle is between two given sides of a polygon.
C0418,ILKM,,Component,"a) lABC = ILKM  h)AB = LK  c) BC = KM  d) IBAC = IKLM  Solution: For the SAS Postulate, you need the side on the other side of the angle.",Chapter 4,4.3 Triangle Congruence using SSS and SAS,70,f7f794fcb13342f5a75af74096f9e5bb,"a) lABC = ILKM  h)AB = LK  c) BC = KM  d) IBAC = IKLM  Solution: For the SAS Postulate, you need the side on the other side of the angle."
C0419,IKLM,,Component,"a) lABC = ILKM  h)AB = LK  c) BC = KM  d) IBAC = IKLM  Solution: For the SAS Postulate, you need the side on the other side of the angle.",Chapter 4,4.3 Triangle Congruence using SSS and SAS,70,f7f794fcb13342f5a75af74096f9e5bb,"a) lABC = ILKM  h)AB = LK  c) BC = KM  d) IBAC = IKLM  Solution: For the SAS Postulate, you need the side on the other side of the angle."
C0420,IBAC,,Component,"a) lABC = ILKM  h)AB = LK  c) BC = KM  d) IBAC = IKLM  Solution: For the SAS Postulate, you need the side on the other side of the angle.",Chapter 4,4.3 Triangle Congruence using SSS and SAS,70,f7f794fcb13342f5a75af74096f9e5bb,"a) lABC = ILKM  h)AB = LK  c) BC = KM  d) IBAC = IKLM  Solution: For the SAS Postulate, you need the side on the other side of the angle."
C0421,ALKM,,Component,"In AABC, that is BC  and in ALKM that is KM.",Chapter 4,4.3 Triangle Congruence using SSS and SAS,70,f7f794fcb13342f5a75af74096f9e5bb,"In AABC, that is BC  and in ALKM that is KM."
C0422,IDCE,,Component,,Chapter 4,4.3 Triangle Congruence using SSS and SAS,71,33ee2c4ad984429a960f2a555c4ee249,
C0423,IACB,,Component,,Chapter 4,4.3 Triangle Congruence using SSS and SAS,71,33ee2c4ad984429a960f2a555c4ee249,
C0424,Vertical Angles Postulate,,Formula,Definition of a midpoint  Vertical Angles Postulate  SAS Postulate,Chapter 4,4.3 Triangle Congruence using SSS and SAS,71,72ec4d4d85784356967cbead9c1c5415,Definition of a midpoint  Vertical Angles Postulate  SAS Postulate
C0425,Revisited From,,Component,"Revisited From what we have iearned in this section, the two triangies are not congruent  because the distance from the fridge to the stove in your house is 4 feet and in your neighbor's it is 4.5  ft.",Chapter 4,4.3 Triangle Congruence using SSS and SAS,71,87af8d442daf4191b3181ec9b2fa64c3,"Revisited From what we have iearned in this section, the two triangies are not congruent  because the distance from the fridge to the stove in your house is 4 feet and in your neighbor's it is 4.5  ft."
C0426,IAEB,,Component,,Chapter 4,4.3 Triangle Congruence using SSS and SAS,72,14a38fd548184c169cabe12f7b053975,
C0427,AACE,,Component,"Given : AB = DC, BE = CE  Prove: AABE = AACE  193  www.ckl2.org  Table 4.8:  Statement  Reason  1.",Chapter 4,4.3 Triangle Congruence using SSS and SAS,72,14a38fd548184c169cabe12f7b053975,"Given : AB = DC, BE = CE  Prove: AABE = AACE  193  www.ckl2.org  Table 4.8:  Statement  Reason  1."
C0428,AAC,,Component,,Chapter 4,4.3 Triangle Congruence using SSS and SAS,72,14a38fd548184c169cabe12f7b053975,
C0429,IDAC,,Component,Given: AB is an angle bisector of IDAC  AD = AC  Prove: AABD = AABC  Table 4.11:  Statement  Reason  1.,Chapter 4,4.3 Triangle Congruence using SSS and SAS,72,14a38fd548184c169cabe12f7b053975,Given: AB is an angle bisector of IDAC  AD = AC  Prove: AABD = AABC  Table 4.11:  Statement  Reason  1.
C0430,DEC,,Component,,Chapter 4,4.3 Triangle Congruence using SSS and SAS,72,14a38fd548184c169cabe12f7b053975,
C0431,ADCB,,Component,"AD = DC,AB = BC  Yes, by the Reflexive Property  ADAB = ADCB by SSS  IL = IN and IM = IP by the Alternate Interior Angles Theorem  IPON = lLOM by Vertical Angles or the 3 rd Angle Theorem  No, no markings or midpoints  No, no congruent sides.",Chapter 4,4.3 Triangle Congruence using SSS and SAS,77,445ff38d67c043d9a5ec6bdcb79c96c9,"AD = DC,AB = BC  Yes, by the Reflexive Property  ADAB = ADCB by SSS  IL = IN and IM = IP by the Alternate Interior Angles Theorem  IPON = lLOM by Vertical Angles or the 3 rd Angle Theorem  No, no markings or midpoints  No, no congruent sides."
C0432,ZDAC,,Component,"a) V74  b) V538  a) ABAC s ZDCA, ZDAC s Z5CA by the Alternate Interior Angles Theorem.",Chapter 4,4.3 Triangle Congruence using SSS and SAS,72,347c0b18aa614687ab9482ff3c065849,"a) V74  b) V538  a) ABAC s ZDCA, ZDAC s Z5CA by the Alternate Interior Angles Theorem."
C0433,Congruence Postulate,,Formula,"Angle-Side-Angle (ASA) Congruence Postulate: If two angles and the included side in one triangle  are congruent to two angles and the included side in another triangle, then the two triangles are congruent.",Chapter 4,4.3 Triangle Congruence using SSS and SAS,73,23c917c0700a4690b32ffb22c247303e,"Angle-Side-Angle (ASA) Congruence Postulate: If two angles and the included side in one triangle  are congruent to two angles and the included side in another triangle, then the two triangles are congruent."
C0434,ZDCA,,Component,"a) V74  b) V538  a) ABAC s ZDCA, ZDAC s Z5CA by the Alternate Interior Angles Theorem.",Chapter 4,4.3 Triangle Congruence using SSS and SAS,72,347c0b18aa614687ab9482ff3c065849,"a) V74  b) V538  a) ABAC s ZDCA, ZDAC s Z5CA by the Alternate Interior Angles Theorem."
C0435,APQR,,Component,"If aDEF = APQR, can it be assumed that:  (a) IF = iRl Why or why not?",Chapter 4,4.3 Triangle Congruence using SSS and SAS,72,347c0b18aa614687ab9482ff3c065849,"If aDEF = APQR, can it be assumed that:  (a) IF = iRl Why or why not?"
C0436,AAS,,Component,"sss  SAS  ASA  AAS (or SAA)  HL  SSA  AAA  z Yes  AABC = AXYZ  Yes  AABC = AXYZ  \— / ^»- side is between  *y"" ~ ** the two angles  Yes  AA5C = AXYZ  Yes  side is not AABC = AFZX  between the  Yes, Right Triangles Only  AABC = AXYZ  NO  NO",Chapter 4,4.3 Triangle Congruence using SSS and SAS,75,b18c2621d0364568a6f808c6e305499b,"sss  SAS  ASA  AAS (or SAA)  HL  SSA  AAA  z Yes  AABC = AXYZ  Yes  AABC = AXYZ  \— / ^»- side is between  *y"" ~ ** the two angles  Yes  AA5C = AXYZ  Yes  side is not AABC = AFZX  between the  Yes, Right Triangles Only  AABC = AXYZ  NO  NO"
C0437,ASA,,Component,"sss  SAS  ASA  AAS (or SAA)  HL  SSA  AAA  z Yes  AABC = AXYZ  Yes  AABC = AXYZ  \— / ^»- side is between  *y"" ~ ** the two angles  Yes  AA5C = AXYZ  Yes  side is not AABC = AFZX  between the  Yes, Right Triangles Only  AABC = AXYZ  NO  NO",Chapter 4,4.3 Triangle Congruence using SSS and SAS,75,b18c2621d0364568a6f808c6e305499b,"sss  SAS  ASA  AAS (or SAA)  HL  SSA  AAA  z Yes  AABC = AXYZ  Yes  AABC = AXYZ  \— / ^»- side is between  *y"" ~ ** the two angles  Yes  AA5C = AXYZ  Yes  side is not AABC = AFZX  between the  Yes, Right Triangles Only  AABC = AXYZ  NO  NO"
C0438,Triangle Given Two Angles,,Component,"Investigation 4-4: Constructing a Triangle Given Two Angles and Included Side  www.ckl2.org  198  Tools Needed: protractor, pencil, ruler, and paper  1.",Chapter 4,4.3 Triangle Congruence using SSS and SAS,73,e6e28808977b471a8040029e485c23a2,"Investigation 4-4: Constructing a Triangle Given Two Angles and Included Side  www.ckl2.org  198  Tools Needed: protractor, pencil, ruler, and paper  1."
C0439,Included Side,,Component,"Investigation 4-4: Constructing a Triangle Given Two Angles and Included Side  www.ckl2.org  198  Tools Needed: protractor, pencil, ruler, and paper  1.",Chapter 4,4.3 Triangle Congruence using SSS and SAS,73,e6e28808977b471a8040029e485c23a2,"Investigation 4-4: Constructing a Triangle Given Two Angles and Included Side  www.ckl2.org  198  Tools Needed: protractor, pencil, ruler, and paper  1."
C0440,AAEB,,Component,"Given : iC = IE, AC =AE  Prove: AACF = AAEB  Table 4.15:  Statement  Reason  1.",Chapter 4,4.3 Triangle Congruence using SSS and SAS,74,a7cec32dacc14607a694ebcdc7306874,"Given : iC = IE, AC =AE  Prove: AACF = AAEB  Table 4.15:  Statement  Reason  1."
C0441,AACF,,Component,"Given : iC = IE, AC =AE  Prove: AACF = AAEB  Table 4.15:  Statement  Reason  1.",Chapter 4,4.3 Triangle Congruence using SSS and SAS,74,a7cec32dacc14607a694ebcdc7306874,"Given : iC = IE, AC =AE  Prove: AACF = AAEB  Table 4.15:  Statement  Reason  1."
C0442,Congruence Theorem,,Formula,Congruence Theorem is shortcut of this process,Chapter 4,4.3 Triangle Congruence using SSS and SAS,75,d6e4ddffb3604738b8234ae5a1ccf57b,The Hypotenuse-Leg (HL) Congruence Theorem is a shortcut of this process.
C0443,Angle Theorem,,Formula,"AD = DC,AB = BC  Yes, by the Reflexive Property  ADAB = ADCB by SSS  IL = IN and IM = IP by the Alternate Interior Angles Theorem  IPON = lLOM by Vertical Angles or the 3 rd Angle Theorem  No, no markings or midpoints  No, no congruent sides.",Chapter 4,4.3 Triangle Congruence using SSS and SAS,77,445ff38d67c043d9a5ec6bdcb79c96c9,"AD = DC,AB = BC  Yes, by the Reflexive Property  ADAB = ADCB by SSS  IL = IN and IM = IP by the Alternate Interior Angles Theorem  IPON = lLOM by Vertical Angles or the 3 rd Angle Theorem  No, no markings or midpoints  No, no congruent sides."
C0444,AYZX,,Component,"Given : LA = LY, LB = IZ, AC =* XY  Prove: AABC = AYZX  Table 4.16:  Statement  Reason  1.",Chapter 4,4.3 Triangle Congruence using SSS and SAS,74,cbf37cbe93f94c46a5f9866e24743f54,"Given : LA = LY, LB = IZ, AC =* XY  Prove: AABC = AYZX  Table 4.16:  Statement  Reason  1."
C0445,LCD,,Component,"BD is an angle bisector of LCD A, LC = LA  2.",Chapter 4,4.3 Triangle Congruence using SSS and SAS,74,209a8007d09440e09d7f6f003bf98aef,"BD is an angle bisector of LCD A, LC = LA  2."
C0446,LCDB,,Component,,Chapter 4,4.3 Triangle Congruence using SSS and SAS,74,209a8007d09440e09d7f6f003bf98aef,
C0447,LADB,,Component,,Chapter 4,4.3 Triangle Congruence using SSS and SAS,74,209a8007d09440e09d7f6f003bf98aef,
C0448,Hypotenuse,,Component,"Reflexive PoC  AAS  Hypotenuse-Leg  So far, the congruence postulates we have used will work for any triangle.",Chapter 4,4.3 Triangle Congruence using SSS and SAS,75,d6e4ddffb3604738b8234ae5a1ccf57b,"Reflexive PoC  AAS  Hypotenuse-Leg  So far, the congruence postulates we have used will work for any triangle."
C0449,Determine Congruence,,Component,203  www.ckl2.org  Recap  Table 4.18:  Side-Angle Relationship Picture  Determine Congruence?,Chapter 4,4.3 Triangle Congruence using SSS and SAS,75,b18c2621d0364568a6f808c6e305499b,203  www.ckl2.org  Recap  Table 4.18:  Side-Angle Relationship Picture  Determine Congruence?
C0450,Right Triangles Only,,Component,"sss  SAS  ASA  AAS (or SAA)  HL  SSA  AAA  z Yes  AABC = AXYZ  Yes  AABC = AXYZ  \— / ^»- side is between  *y"" ~ ** the two angles  Yes  AA5C = AXYZ  Yes  side is not AABC = AFZX  between the  Yes, Right Triangles Only  AABC = AXYZ  NO  NO",Chapter 4,4.3 Triangle Congruence using SSS and SAS,75,b18c2621d0364568a6f808c6e305499b,"sss  SAS  ASA  AAS (or SAA)  HL  SSA  AAA  z Yes  AABC = AXYZ  Yes  AABC = AXYZ  \— / ^»- side is between  *y"" ~ ** the two angles  Yes  AA5C = AXYZ  Yes  side is not AABC = AFZX  between the  Yes, Right Triangles Only  AABC = AXYZ  NO  NO"
C0451,APRQ,,Component,"APRQ is not congruent, even though all the angles are",Chapter 4,4.3 Triangle Congruence using SSS and SAS,75,b18c2621d0364568a6f808c6e305499b,"As you can see, AABC and APRQ are not congruent, even though all the angles are."
C0452,SAA,,Component,"sss  SAS  ASA  AAS (or SAA)  HL  SSA  AAA  z Yes  AABC = AXYZ  Yes  AABC = AXYZ  \— / ^»- side is between  *y"" ~ ** the two angles  Yes  AA5C = AXYZ  Yes  side is not AABC = AFZX  between the  Yes, Right Triangles Only  AABC = AXYZ  NO  NO",Chapter 4,4.3 Triangle Congruence using SSS and SAS,75,b18c2621d0364568a6f808c6e305499b,"sss  SAS  ASA  AAS (or SAA)  HL  SSA  AAA  z Yes  AABC = AXYZ  Yes  AABC = AXYZ  \— / ^»- side is between  *y"" ~ ** the two angles  Yes  AA5C = AXYZ  Yes  side is not AABC = AFZX  between the  Yes, Right Triangles Only  AABC = AXYZ  NO  NO"
C0453,SSA,,Component,AAA and SSA Relationships There are two other side-angle relationships that we have not discussed:  AAA and SSA.,Chapter 4,4.3 Triangle Congruence using SSS and SAS,75,b18c2621d0364568a6f808c6e305499b,AAA and SSA Relationships There are two other side-angle relationships that we have not discussed:  AAA and SSA.
C0454,AFZX,,Component,"sss  SAS  ASA  AAS (or SAA)  HL  SSA  AAA  z Yes  AABC = AXYZ  Yes  AABC = AXYZ  \— / ^»- side is between  *y"" ~ ** the two angles  Yes  AA5C = AXYZ  Yes  side is not AABC = AFZX  between the  Yes, Right Triangles Only  AABC = AXYZ  NO  NO",Chapter 4,4.3 Triangle Congruence using SSS and SAS,75,b18c2621d0364568a6f808c6e305499b,"sss  SAS  ASA  AAS (or SAA)  HL  SSA  AAA  z Yes  AABC = AXYZ  Yes  AABC = AXYZ  \— / ^»- side is between  *y"" ~ ** the two angles  Yes  AA5C = AXYZ  Yes  side is not AABC = AFZX  between the  Yes, Right Triangles Only  AABC = AXYZ  NO  NO"
C0455,Angle Relationship Picture,,Component,203  www.ckl2.org  Recap  Table 4.18:  Side-Angle Relationship Picture  Determine Congruence?,Chapter 4,4.3 Triangle Congruence using SSS and SAS,75,b18c2621d0364568a6f808c6e305499b,203  www.ckl2.org  Recap  Table 4.18:  Side-Angle Relationship Picture  Determine Congruence?
C0456,Relationships There,,Component,Relationships There is two other side-angle relationships that we have not discussed:  AAA and SSA,Chapter 4,4.3 Triangle Congruence using SSS and SAS,75,b18c2621d0364568a6f808c6e305499b,AAA and SSA Relationships There are two other side-angle relationships that we have not discussed:  AAA and SSA.
C0457,ADEC,,Component,AA5F £ ADEC  4.AF = CD  ED  Given  Alternate Interior Angles Theorem  ASA  CPCTC  Prove Move: At the beginning of this chapter we introduced CPCTC.,Chapter 4,4.3 Triangle Congruence using SSS and SAS,76,47619c7eb48743dea110932b75b68ef5,AA5F £ ADEC  4.AF = CD  ED  Given  Alternate Interior Angles Theorem  ASA  CPCTC  Prove Move: At the beginning of this chapter we introduced CPCTC.
C0458,IDDB,,Component,,Chapter 4,4.3 Triangle Congruence using SSS and SAS,76,47619c7eb48743dea110932b75b68ef5,
C0459,Revisited Even,,Component,"Revisited Even though we do not know all of the angle measures in the two triangles,  we can find the missing angles by using the Third Angle Theorem.",Chapter 4,4.3 Triangle Congruence using SSS and SAS,76,47619c7eb48743dea110932b75b68ef5,"Revisited Even though we do not know all of the angle measures in the two triangles,  we can find the missing angles by using the Third Angle Theorem."
C0460,ATEI,,Component,,Chapter 4,4.3 Triangle Congruence using SSS and SAS,76,e1cf6460eb6442f3964f7ccca2b1b5ea,
C0461,ACDB,,Component,"Write a 2-column proof to prove ACDB = AADB, using #11-13.",Chapter 4,4.3 Triangle Congruence using SSS and SAS,76,e1cf6460eb6442f3964f7ccca2b1b5ea,"Write a 2-column proof to prove ACDB = AADB, using #11-13."
C0462,IKET,,Component,"Given: IK = ZT, £/ is the angle bisector of IKET  Prove: EI is the angle bisector of IKIT  K  Table 4.22:  Statement  Reason  1.",Chapter 4,4.3 Triangle Congruence using SSS and SAS,76,e1cf6460eb6442f3964f7ccca2b1b5ea,"Given: IK = ZT, £/ is the angle bisector of IKET  Prove: EI is the angle bisector of IKIT  K  Table 4.22:  Statement  Reason  1."
C0463,ICDA,,Component,"Because DB is the angle bisector of ICDA, what two angles are congruent?",Chapter 4,4.3 Triangle Congruence using SSS and SAS,76,e1cf6460eb6442f3964f7ccca2b1b5ea,"Because DB is the angle bisector of ICDA, what two angles are congruent?"
C0464,AOMN,,Component,Write a 2-column proof to prove ALMP = AOMN.,Chapter 4,4.3 Triangle Congruence using SSS and SAS,76,e1cf6460eb6442f3964f7ccca2b1b5ea,Write a 2-column proof to prove ALMP = AOMN.
C0465,IKIT,,Component,Given : KE = TE and KI = 77  Prove: £7 is the angle bisector of iKET and IKIT  www.ckl2.org  312  Table 6.13:  Statement  Reason  1.,Chapter 6,6.5 Trapezoids and Kites,111,39c1cac6a5e54479b2cac63375a19cd4,Given : KE = TE and KI = 77  Prove: £7 is the angle bisector of iKET and IKIT  www.ckl2.org  312  Table 6.13:  Statement  Reason  1.
C0466,ALMP,,Component,Write a 2-column proof to prove ALMP = AOMN.,Chapter 4,4.3 Triangle Congruence using SSS and SAS,76,e1cf6460eb6442f3964f7ccca2b1b5ea,Write a 2-column proof to prove ALMP = AOMN.
C0467,AADB,,Component,"Write a 2-column proof to prove ACDB = AADB, using #11-13.",Chapter 4,4.3 Triangle Congruence using SSS and SAS,76,e1cf6460eb6442f3964f7ccca2b1b5ea,"Write a 2-column proof to prove ACDB = AADB, using #11-13."
C0468,ADAB,,Component,"AD = DC,AB = BC  Yes, by the Reflexive Property  ADAB = ADCB by SSS  IL = IN and IM = IP by the Alternate Interior Angles Theorem  IPON = lLOM by Vertical Angles or the 3 rd Angle Theorem  No, no markings or midpoints  No, no congruent sides.",Chapter 4,4.3 Triangle Congruence using SSS and SAS,77,445ff38d67c043d9a5ec6bdcb79c96c9,"AD = DC,AB = BC  Yes, by the Reflexive Property  ADAB = ADCB by SSS  IL = IN and IM = IP by the Alternate Interior Angles Theorem  IPON = lLOM by Vertical Angles or the 3 rd Angle Theorem  No, no markings or midpoints  No, no congruent sides."
C0469,IPON,,Component,"AD = DC,AB = BC  Yes, by the Reflexive Property  ADAB = ADCB by SSS  IL = IN and IM = IP by the Alternate Interior Angles Theorem  IPON = lLOM by Vertical Angles or the 3 rd Angle Theorem  No, no markings or midpoints  No, no congruent sides.",Chapter 4,4.3 Triangle Congruence using SSS and SAS,77,445ff38d67c043d9a5ec6bdcb79c96c9,"AD = DC,AB = BC  Yes, by the Reflexive Property  ADAB = ADCB by SSS  IL = IN and IM = IP by the Alternate Interior Angles Theorem  IPON = lLOM by Vertical Angles or the 3 rd Angle Theorem  No, no markings or midpoints  No, no congruent sides."
C0470,AKLM,,Component,Construction Let's see if we can construct two different triangles like AKLM and ASTU from Example  4.,Chapter 4,4.3 Triangle Congruence using SSS and SAS,77,445ff38d67c043d9a5ec6bdcb79c96c9,Construction Let's see if we can construct two different triangles like AKLM and ASTU from Example  4.
C0471,ASTU,,Component,Construction Let's see if we can construct two different triangles like AKLM and ASTU from Example  4.,Chapter 4,4.3 Triangle Congruence using SSS and SAS,77,445ff38d67c043d9a5ec6bdcb79c96c9,Construction Let's see if we can construct two different triangles like AKLM and ASTU from Example  4.
C0472,Construction Let,,Component,Construction Let's see if we can construct two different triangles like AKLM and ASTU from Example  4.,Chapter 4,4.3 Triangle Congruence using SSS and SAS,77,445ff38d67c043d9a5ec6bdcb79c96c9,Construction Let's see if we can construct two different triangles like AKLM and ASTU from Example  4.
C0473,Base Angles,,Component,• Use the Base Angles Theorem and its converse.,Chapter 4,4.5 Isosceles and Equilateral Triangles,77,99a6277df3884f18bb199e57a5f52089,• Use the Base Angles Theorem and its converse.
C0474,Isosceles Triangle Properties,,Component,Isosceles Triangle Properties  vertex  angle  base  An isosceles triangle is a triangle that has at least two congruent sides.,Chapter 4,4.5 Isosceles and Equilateral Triangles,77,99a6277df3884f18bb199e57a5f52089,Isosceles Triangle Properties  vertex  angle  base  An isosceles triangle is a triangle that has at least two congruent sides.
C0475,Isosceles Triangle Construction,,Component,"Investigation 4-5: Isosceles Triangle Construction  Tools Needed: pencil, paper, compass, ruler, protractor  1.",Chapter 4,4.5 Isosceles and Equilateral Triangles,77,99a6277df3884f18bb199e57a5f52089,"Investigation 4-5: Isosceles Triangle Construction  Tools Needed: pencil, paper, compass, ruler, protractor  1."
C0476,Vertex Angle,Vertex Angles,Component,The angles between the congruent sides are called vertex angles.,Chapter 6,6.5 Trapezoids and Kites,109,30673f9c34684dbcab40061d16985ca9,The angles between the congruent sides are called vertex angles.
C0477,Base,,Component,• Use the Base Angles Theorem and its converse.,Chapter 4,4.5 Isosceles and Equilateral Triangles,77,99a6277df3884f18bb199e57a5f52089,• Use the Base Angles Theorem and its converse.
C0478,Base Angles Theorem,Base Angle Theorem,Formula,"301  www.ckl2.org  Isosceles Trapezoids  base  Previously, we introduced the Base Angles Theorem with isosceles triangles, which says, the two base  angles are congruent.",Chapter 6,6.5 Trapezoids and Kites,108,a39994d45e1f4f13b6a961edd6de2229,"301  www.ckl2.org  Isosceles Trapezoids  base  Previously, we introduced the Base Angles Theorem with isosceles triangles, which says, the two base  angles are congruent."
C0479,Legs,,Component,Legs is called base angles,Chapter 4,4.5 Isosceles and Equilateral Triangles,77,99a6277df3884f18bb199e57a5f52089,The angles between the base and the legs  are called base angles.
C0480,ADEG,,Component,"www.ckl2.org 212  Because ADEG = AFEG, we know lEGD = lEGF by CPCTC.",Chapter 4,4.5 Isosceles and Equilateral Triangles,78,e69eafdffc274a159068bd73582c4640,"www.ckl2.org 212  Because ADEG = AFEG, we know lEGD = lEGF by CPCTC."
C0481,IDEG,,Component,"For isosceles ADEF, if EG ± DF and DG = GF, then IDEG = IFEG.",Chapter 4,4.5 Isosceles and Equilateral Triangles,78,731f76eae37c45e1867d2d24a848cbd6,"For isosceles ADEF, if EG ± DF and DG = GF, then IDEG = IFEG."
C0482,IFEG,,Component,"For isosceles ADEF, if EG ± DF and DG = GF, then IDEG = IFEG.",Chapter 4,4.5 Isosceles and Equilateral Triangles,78,731f76eae37c45e1867d2d24a848cbd6,"For isosceles ADEF, if EG ± DF and DG = GF, then IDEG = IFEG."
C0483,AFEG,,Component,"www.ckl2.org 212  Because ADEG = AFEG, we know lEGD = lEGF by CPCTC.",Chapter 4,4.5 Isosceles and Equilateral Triangles,78,e69eafdffc274a159068bd73582c4640,"www.ckl2.org 212  Because ADEG = AFEG, we know lEGD = lEGF by CPCTC."
C0484,Isosceles Triangle Theorem,,Formula,Isosceles Triangle Theorem: The angle bisector of the vertex angle in an isosceles triangle is also the  perpendicular bisector of the base.,Chapter 4,4.5 Isosceles and Equilateral Triangles,78,e69eafdffc274a159068bd73582c4640,Isosceles Triangle Theorem: The angle bisector of the vertex angle in an isosceles triangle is also the  perpendicular bisector of the base.
C0485,IJJ,,Component,From the  arrows we see that IS = IJJ ' .,Chapter 4,4.5 Isosceles and Equilateral Triangles,78,437110be0d9041f19f2c7a73115dd4e8,From the  arrows we see that IS = IJJ ' .
C0486,Isosceles Triangle Theorem Converse,,Formula,Isosceles Triangle Theorem Converse: The perpendicular bisector of the base of an isosceles triangle  is also the angle bisector of the vertex angle.,Chapter 4,4.5 Isosceles and Equilateral Triangles,78,731f76eae37c45e1867d2d24a848cbd6,Isosceles Triangle Theorem Converse: The perpendicular bisector of the base of an isosceles triangle  is also the angle bisector of the vertex angle.
C0487,Base Angles Theorem Converse,,Formula,"Base Angles Theorem Converse: If two angles in a triangle are congruent, then the opposite sides are  also congruent.",Chapter 4,4.5 Isosceles and Equilateral Triangles,78,731f76eae37c45e1867d2d24a848cbd6,"Base Angles Theorem Converse: If two angles in a triangle are congruent, then the opposite sides are  also congruent."
C0488,Equilateral Triangle Theorem,Equilateral Triangles Theorem,Formula,Equilateral Triangle Theorem: All equilateral triangles are also equiangular.,Chapter 4,4.5 Isosceles and Equilateral Triangles,79,c9b6305786634be1b3375cc63b3af420,Equilateral Triangle Theorem: All equilateral triangles are also equiangular.
C0489,Revisited Let,,Component,Revisited Let's focus on one tile.,Chapter 4,4.5 Isosceles and Equilateral Triangles,79,7448ac62e0614400bb3d33a206d8e2d2,Revisited Let's focus on one tile.
C0490,Constructions For,,Component,"Constructions For questions 1-5, use your compass and ruler to:  1.",Chapter 4,4.5 Isosceles and Equilateral Triangles,80,a29cb4d138fe43fd9b77e3affe3e4f94,"Constructions For questions 1-5, use your compass and ruler to:  1."
C0491,ACIO,,Component,,Chapter 4,4.5 Isosceles and Equilateral Triangles,80,a29cb4d138fe43fd9b77e3affe3e4f94,
C0492,AEQG,,Component,AEQG is equilateral triangle,Chapter 4,4.5 Isosceles and Equilateral Triangles,80,a29cb4d138fe43fd9b77e3affe3e4f94,AEQG is an equilateral triangle.
C0493,ICIO,,Component,,Chapter 4,4.5 Isosceles and Equilateral Triangles,80,a29cb4d138fe43fd9b77e3affe3e4f94,
C0494,ACIS,,Component,"Given: Isosceles ACIS , with base angles IC and IS  10 is the angle bisector of iCIS  Prove: 10 is the perpendicular bisector of CS  I  www.ckl2.org  218  Table 4.24:  Statement  Reason  1.",Chapter 4,4.5 Isosceles and Equilateral Triangles,80,a29cb4d138fe43fd9b77e3affe3e4f94,"Given: Isosceles ACIS , with base angles IC and IS  10 is the angle bisector of iCIS  Prove: 10 is the perpendicular bisector of CS  I  www.ckl2.org  218  Table 4.24:  Statement  Reason  1."
C0495,ILEQ,,Component,"If EU bisects ILEQ, find:  (a) mlEUL  (b) mlUEL  (c) mlELQ  (d) If EQ = 4, find LU.",Chapter 4,4.5 Isosceles and Equilateral Triangles,80,a29cb4d138fe43fd9b77e3affe3e4f94,"If EU bisects ILEQ, find:  (a) mlEUL  (b) mlUEL  (c) mlELQ  (d) If EQ = 4, find LU."
C0496,HOC,,Component,HOC and //OS 1 are supplementary  9.,Chapter 4,4.5 Isosceles and Equilateral Triangles,80,a29cb4d138fe43fd9b77e3affe3e4f94,HOC and //OS 1 are supplementary  9.
C0497,Coordinate Plane Geometry On,,Component,"AA5C £ AXYZ  Coordinate Plane Geometry On the x — y plane, plot the coordinates and determine if the given three  points make a scalene or isosceles triangle.",Chapter 4,4.5 Isosceles and Equilateral Triangles,80,a73d015e1939480695f208bff2d058c7,"AA5C £ AXYZ  Coordinate Plane Geometry On the x — y plane, plot the coordinates and determine if the given three  points make a scalene or isosceles triangle."
C0498,ICIS,,Component,Given: Isosceles AlCS with LC and IS  10 is the perpendicular bisector of CS  Prove: 10 is the angle bisector of iCIS  I  219  www.ckl2.org  Table 4.26:  Statement  Reason  1.,Chapter 4,4.5 Isosceles and Equilateral Triangles,80,a73d015e1939480695f208bff2d058c7,Given: Isosceles AlCS with LC and IS  10 is the perpendicular bisector of CS  Prove: 10 is the angle bisector of iCIS  I  219  www.ckl2.org  Table 4.26:  Statement  Reason  1.
C0499,Congruent Supplements Theorem,,Formula,10 is the perpendicular bisector of CS  Given  Base Angles Theorem  Reflexive PoC  CPCTC  Congruent Supplements Theorem  23.,Chapter 4,4.5 Isosceles and Equilateral Triangles,80,a73d015e1939480695f208bff2d058c7,10 is the perpendicular bisector of CS  Given  Base Angles Theorem  Reflexive PoC  CPCTC  Congruent Supplements Theorem  23.
C0500,Congruence Statements,,Component,,Chapter 4,4.6 Chapter 4 Review,81,3c71ba2db62f4ea696bd9c7e49feee50,
C0501,Triangle Sums,,Formula,,Chapter 4,4.6 Chapter 4 Review,81,3c71ba2db62f4ea696bd9c7e49feee50,
C0502,Congruent Figures,,Component,,Chapter 4,4.6 Chapter 4 Review,81,3c71ba2db62f4ea696bd9c7e49feee50,
C0503,Sum Theorem,,Formula,,Chapter 4,4.7 Study Guide,81,3bb545f7bc7547bd9954f3a854ee3a79,
C0504,Exterior Angle Exterior Angle,,Component,,Chapter 4,4.7 Study Guide,81,3bb545f7bc7547bd9954f3a854ee3a79,
C0505,Midsegment Theorem,,Formula,303  www.ckl2.org  Midsegment Theorem: The length of the midsegment of a trapezoid is the average of the lengths of the  bases.,Chapter 6,6.5 Trapezoids and Kites,109,ea550e8d57ab4b69b7cf2ba5bcf50cb6,303  www.ckl2.org  Midsegment Theorem: The length of the midsegment of a trapezoid is the average of the lengths of the  bases.
C0506,Midsegment,,Component,TA= yj(2 - 8) 2 + (4 - 0) 2  = ^(-6) 2 + 4 2  = V36 + 16 = V52  RP= ^(6 -0) 2 + (4-0)<  = V6 2 + 4 2  = V36 + 16 = V52  Midsegment of a Trapezoid  Midsegment (of a trapezoid): A line segment that connects the midpoints of the non-parallel sides.,Chapter 6,6.5 Trapezoids and Kites,109,ea550e8d57ab4b69b7cf2ba5bcf50cb6,TA= yj(2 - 8) 2 + (4 - 0) 2  = ^(-6) 2 + 4 2  = V36 + 16 = V52  RP= ^(6 -0) 2 + (4-0)<  = V6 2 + 4 2  = V36 + 16 = V52  Midsegment of a Trapezoid  Midsegment (of a trapezoid): A line segment that connects the midpoints of the non-parallel sides.
C0507,Fractal,,Component,Table 7.5:  Stage  Stage 1  Stage 2  Number of Edges 3  Edge Length 1  Perimeter 3  12  i  3  4  48  l  9  f = 5.3  The Cantor Set  The Cantor set is another fractal that consists of dividing a segment into thirds and then erasing the middle  third.,Chapter 6,7.7 Extension : Self-Similarity,129,63c5e8c6dc5a4d9a95f824f37cf8db28,Table 7.5:  Stage  Stage 1  Stage 2  Number of Edges 3  Edge Length 1  Perimeter 3  12  i  3  4  48  l  9  f = 5.3  The Cantor Set  The Cantor set is another fractal that consists of dividing a segment into thirds and then erasing the middle  third.
C0508,Defining Midsegment,,Component,,Chapter 5,5.1 Midsegments,82,a19ee49cfc544140bae890608d6f3f40,
C0509,AYPO,,Component,"R, S, T, and U are midpoints of the sides of AXPO and AYPO.",Chapter 5,5.1 Midsegments,83,82962a442bed4cfeb776f3085797421f,"R, S, T, and U are midpoints of the sides of AXPO and AYPO."
C0510,AXPO,,Component,"R, S, T, and U are midpoints of the sides of AXPO and AYPO.",Chapter 5,5.1 Midsegments,83,82962a442bed4cfeb776f3085797421f,"R, S, T, and U are midpoints of the sides of AXPO and AYPO."
C0511,Coordinate Geometry Given,Coordinate Geometry Use,Component,435  www.ckl2.org  Coordinate Geometry Use the graph below to answer the following questions.,Chapter 9,9.1 Parts of Circles & Tangent Lines,150,b3396da3712e4cc1a4486c2451f0936d,435  www.ckl2.org  Coordinate Geometry Use the graph below to answer the following questions.
C0512,Step Problem The,,Component,"A(-4,-15), 5(2,-1) and C(-20,ll)  Multi-Step Problem The midpoints of the sides of a triangle are A(l, 5), 5(4, -2), and C(-5, 1).",Chapter 5,5.1 Midsegments,84,6a98be2897fd4995844f5d58ec4641be,"A(-4,-15), 5(2,-1) and C(-20,ll)  Multi-Step Problem The midpoints of the sides of a triangle are A(l, 5), 5(4, -2), and C(-5, 1)."
C0513,Angle Bisector Theorem,,Formula,"Angle Bisector Theorem: If a point is on the bisector of an angle, then the point is equidistant from  the sides of the angle.",Chapter 5,5.1 Midsegments,86,4fbbb980698742cfb974dec8e918302b,"Angle Bisector Theorem: If a point is on the bisector of an angle, then the point is equidistant from  the sides of the angle."
C0514,Perpendicular Bisector Theorem,,Formula,"-15, y = 4x-  15  5.2 Perpendicular Bisectors and Angle Bisectors  in Triangles  Learning Objectives  • Apply the Perpendicular Bisector Theorem and its converse.",Chapter 5,5.1 Midsegments,85,3d54a702178a4655aab2c10d8ade80e6,"-15, y = 4x-  15  5.2 Perpendicular Bisectors and Angle Bisectors  in Triangles  Learning Objectives  • Apply the Perpendicular Bisector Theorem and its converse."
C0515,CDA,,Component,"Z.CDA = Z.CDB  perpendicular g m Z.CDA = mZCDB = 90""  lo AH  10.",Chapter 5,5.1 Midsegments,85,c223078a71494441a16ed8fdeb49cd32,"Z.CDA = Z.CDB  perpendicular g m Z.CDA = mZCDB = 90""  lo AH  10."
C0516,AACD,,Component,,Chapter 5,5.1 Midsegments,85,c223078a71494441a16ed8fdeb49cd32,
C0517,CDB,,Component,"Z.CDA = Z.CDB  perpendicular g m Z.CDA = mZCDB = 90""  lo AH  10.",Chapter 5,5.1 Midsegments,85,c223078a71494441a16ed8fdeb49cd32,"Z.CDA = Z.CDB  perpendicular g m Z.CDA = mZCDB = 90""  lo AH  10."
C0518,Perpendicular Bisector Theorem Converse,,Formula,"Perpendicular Bisector Theorem Converse: If a point is equidistant from the endpoints of a segment,  then the point is on the perpendicular bisector of the segment.",Chapter 5,5.1 Midsegments,85,c223078a71494441a16ed8fdeb49cd32,"Perpendicular Bisector Theorem Converse: If a point is equidistant from the endpoints of a segment,  then the point is on the perpendicular bisector of the segment."
C0519,LDAB,,Component,LDAB and IDCB are right angles  4.,Chapter 5,5.1 Midsegments,86,4fbbb980698742cfb974dec8e918302b,LDAB and IDCB are right angles  4.
C0520,IABD,,Component,,Chapter 5,5.1 Midsegments,86,4fbbb980698742cfb974dec8e918302b,
C0521,ZDCB,,Component,,Chapter 5,5.1 Midsegments,86,4fbbb980698742cfb974dec8e918302b,
C0522,IDCB,,Component,IDCB = LACE because they are also vertical  angles.,Chapter 9,9.2 Properties of Arcs,151,dac2485ff3c64d6ba36ed7f8a7078818,IDCB = LACE because they are also vertical  angles.
C0523,Angle Bisector Theorem Converse,,Formula,"Angle Bisector Theorem Converse: If a point is in the interior of an angle and equidistant from the  sides, then it lies on the bisector of the angle.",Chapter 5,5.1 Midsegments,87,c6f27735b7b646dea52ea121d2520bb7,"Angle Bisector Theorem Converse: If a point is in the interior of an angle and equidistant from the  sides, then it lies on the bisector of the angle."
C0524,IXWZ,,Component,Example 4: Is Y on the angle bisector of IXWZ?,Chapter 5,5.1 Midsegments,87,e1067a4d31e64257b2f0eee0dd865d1b,Example 4: Is Y on the angle bisector of IXWZ?
C0525,Constructing Angle Bisectors,,Component,"Investigation 5-4: Constructing Angle Bisectors in Triangles  Tools Needed: patty paper, ruler, pencil, compass  1.",Chapter 5,5.1 Midsegments,87,b4edccfc7ee14ed2a3f7e552ee92b16e,"Investigation 5-4: Constructing Angle Bisectors in Triangles  Tools Needed: patty paper, ruler, pencil, compass  1."
C0526,Straight Down,,Component,"Open the  compass ""straight down"" so that the pencil touches one side of the triangle (the pink line in the picture to  the right).",Chapter 5,5.1 Midsegments,87,b4edccfc7ee14ed2a3f7e552ee92b16e,"Open the  compass ""straight down"" so that the pencil touches one side of the triangle (the pink line in the picture to  the right)."
C0527,Construction Find,,Component,Construction Find the point of intersection of the perpendicular bisectors by tracing each triangle onto  a piece of paper (or patty paper) and using Investigation 5-2.,Chapter 5,5.1 Midsegments,88,adc995a2afc4441e85e6373d0f82fafc,Construction Find the point of intersection of the perpendicular bisectors by tracing each triangle onto  a piece of paper (or patty paper) and using Investigation 5-2.
C0528,ZCDB,,Component,,Chapter 5,5.1 Midsegments,88,bfe642bc74ca44f58f8f4d43b13df511,
C0529,ZCDA,,Component,ZCDA and ICDB are right angles  5.,Chapter 5,5.1 Midsegments,88,bfe642bc74ca44f58f8f4d43b13df511,ZCDA and ICDB are right angles  5.
C0530,ICDB,,Component,ZCDA and ICDB are right angles  5.,Chapter 5,5.1 Midsegments,88,bfe642bc74ca44f58f8f4d43b13df511,ZCDA and ICDB are right angles  5.
C0531,DCS,,Component,,Chapter 5,5.1 Midsegments,89,76e181fcc98f490697353bc7e8d6d90e,
C0532,DAB,,Component,/.DAB and IDCB are right angles  4.,Chapter 5,5.1 Midsegments,89,76e181fcc98f490697353bc7e8d6d90e,/.DAB and IDCB are right angles  4.
C0533,Altitude,,Component,L 3x + 6  -BH = HF  2  BH = 2HF  3x + 6 = 2(2*- 1)  3x + 6 = 4x - 2  8 = x  2 3  HC = -DC — » -//C =  3 2  ^(2y + 8) = 5y-16  3y + 12 = 5j - 16  28 = 2y  £>C  Altitudes  The last line segment within a triangle is an altitude.,Chapter 5,5.3 Medians and Altitudes in Triangles,90,07c666ab91274356a86079cab9bd3ec0,L 3x + 6  -BH = HF  2  BH = 2HF  3x + 6 = 2(2*- 1)  3x + 6 = 4x - 2  8 = x  2 3  HC = -DC — » -//C =  3 2  ^(2y + 8) = 5y-16  3y + 12 = 5j - 16  28 = 2y  £>C  Altitudes  The last line segment within a triangle is an altitude.
C0534,Centroid,,Component,Construction Construct the centroid for the following triangles by tracing each triangle onto a piece of  paper and using Investigation 5-5.,Chapter 5,5.3 Medians and Altitudes in Triangles,91,35c31ce7992c488e8623be3b3018b099,Construction Construct the centroid for the following triangles by tracing each triangle onto a piece of  paper and using Investigation 5-5.
C0535,Median,,Component,"• Questions 27-34 use the definitions of perpendicular bisector, angle bisector, median and altitude.",Chapter 5,5.3 Medians and Altitudes in Triangles,91,35c31ce7992c488e8623be3b3018b099,"• Questions 27-34 use the definitions of perpendicular bisector, angle bisector, median and altitude."
C0536,Median Theorem,,Formula,Median Theorem: The medians of a triangle intersect at a point that is two-thirds of the distance from  the vertices to the midpoint of the opposite side.,Chapter 5,5.3 Medians and Altitudes in Triangles,89,1b4acbb36a1042849c382c070eb86353,Median Theorem: The medians of a triangle intersect at a point that is two-thirds of the distance from  the vertices to the midpoint of the opposite side.
C0537,Balancing Point,,Component,"The centroid is the ""balancing point"" of a triangle.",Chapter 5,5.3 Medians and Altitudes in Triangles,89,1b4acbb36a1042849c382c070eb86353,"The centroid is the ""balancing point"" of a triangle."
C0538,AHJL,,Component,"Example 2: /, K, and M are midpoints of the sides of AHJL.",Chapter 5,5.3 Medians and Altitudes in Triangles,89,046795c253f54a84bc21c51c5a65edab,"Example 2: /, K, and M are midpoints of the sides of AHJL."
C0539,Multistep Problem Find,,Component,Multistep Problem Find the equation of a median in the x - y plane.,Chapter 5,5.3 Medians and Altitudes in Triangles,91,35c31ce7992c488e8623be3b3018b099,Multistep Problem Find the equation of a median in the x - y plane.
C0540,Construction Construct,,Component,Construction Construct the centroid for the following triangles by tracing each triangle onto a piece of  paper and using Investigation 5-5.,Chapter 5,5.3 Medians and Altitudes in Triangles,91,35c31ce7992c488e8623be3b3018b099,Construction Construct the centroid for the following triangles by tracing each triangle onto a piece of  paper and using Investigation 5-5.
C0541,LECB,,Component,,Chapter 5,5.3 Medians and Altitudes in Triangles,91,6fbc930abb7e44c785e434fa3438a8ce,
C0542,IBEC,,Component,,Chapter 5,5.3 Medians and Altitudes in Triangles,91,6fbc930abb7e44c785e434fa3438a8ce,
C0543,LDBC,,Component,,Chapter 5,5.3 Medians and Altitudes in Triangles,91,6fbc930abb7e44c785e434fa3438a8ce,
C0544,LCEB,,Component,,Chapter 5,5.3 Medians and Altitudes in Triangles,91,6fbc930abb7e44c785e434fa3438a8ce,
C0545,ABEC,,Component,,Chapter 5,5.3 Medians and Altitudes in Triangles,91,6fbc930abb7e44c785e434fa3438a8ce,
C0546,Comparing Angles,,Component,80\ ^^  \110° ^41^ 120  120 ^ — —  ^ 130°\80  Comparing Angles and Sides  Look at the triangle to the right.,Chapter 5,5.4 Inequalities in Triangles,91,7c5a101d6494402c8bc489eb624cecff,80\ ^^  \110° ^41^ 120  120 ^ — —  ^ 130°\80  Comparing Angles and Sides  Look at the triangle to the right.
C0547,Inequality Theorem,,Formula,"By the SAS Inequality Theorem, we know that BC > DE, so the order of all the sides would be: BD =  CE, CD, DE, BC.",Chapter 5,5.4 Inequalities in Triangles,93,52ebff9b40614032a362521cca24eb06,"By the SAS Inequality Theorem, we know that BC > DE, so the order of all the sides would be: BD =  CE, CD, DE, BC."
C0548,Triangle Inequality Theorem,,Formula,Theorem 5-9  Converse of Theorem 5-9  Triangle Inequality Theorem  SAS Inequality Theorem  SSS Inequality Theorem,Chapter 5,5.7 Study Guide,97,5c7d76db7df44043a9cf7c93f7dcc810,Theorem 5-9  Converse of Theorem 5-9  Triangle Inequality Theorem  SAS Inequality Theorem  SSS Inequality Theorem
C0549,ADCE,,Component,Solution: Let's start with ADCE.,Chapter 5,5.4 Inequalities in Triangles,93,616d668caa7f42b9b218060430b6578e,Solution: Let's start with ADCE.
C0550,By Theorem,,Formula,"By Theorem 6-10, ABCD would be a parallelogram if AB — DC.",Chapter 6,6.3 Proving Quadrilaterals are Parallelograms,103,a40e8ee7d08a4a6f866aa4b2874388ed,"By Theorem 6-10, ABCD would be a parallelogram if AB — DC."
C0551,AWXZ,,Component,AWXZ: The missing angle is 55°.,Chapter 5,5.4 Inequalities in Triangles,93,66878eca32d3475b89d3113c14dd7ff1,AWXZ: The missing angle is 55°.
C0552,Indirect Proofs,Indirect Proof,Theory,The indirect proof or proof by contradiction is part of 41 out of 50 states' mathematics standards.,Chapter 5,5.5 Extension: Indirect Proof,94,9ce8b21917a74e03818fa4db035db8c4,The indirect proof or proof by contradiction is part of 41 out of 50 states' mathematics standards.
C0553,Challenge Prove,,Component,Challenge Prove the SAS Inequality Theorem is true using indirect proofs.,Chapter 5,5.5 Extension: Indirect Proof,96,83e37e34f65c4274ac2e02bf3ebd30ca,Challenge Prove the SAS Inequality Theorem is true using indirect proofs.
C0554,Proof By Contradiction,,Theory,An proof is also called a proof by contradiction.,Chapter 5,Review,96,737b7d0fa7714ac1bf9c7269edcd6e7e,An proof is also called a proof by contradiction.
C0555,Polygon Sum Formula,,Formula,"Investigation 6-1: Polygon Sum Formula  Tools Needed: paper, pencil, ruler, colored pencils (optional)  1.",Chapter 6,6.1 Angles in Polygons,97,fb41746f1b9b47618706ece7f3a684bc,"Investigation 6-1: Polygon Sum Formula  Tools Needed: paper, pencil, ruler, colored pencils (optional)  1."
C0556,Symmetry,,Component,"Figure a) has two lines of symmetry, b) has eight, c) has no lines of symmetry, and d) has one.",Chapter 12,12.1 Exploring Symmetry,199,674ae3f851264e3bba65c3886f72c03e,"Figure a) has two lines of symmetry, b) has eight, c) has no lines of symmetry, and d) has one."
C0557,Total Number,,Component,Total Number of  Degrees  Quadrilateral  Pentagon  Hexagon  4  5  6  2  3  4  2 x 180°  360  3 x 180°  540  4 x 180°  720  4.,Chapter 6,6.1 Angles in Polygons,97,a72ed79dd9394147a4fb402df2c75d64,Total Number of  Degrees  Quadrilateral  Pentagon  Hexagon  4  5  6  2  3  4  2 x 180°  360  3 x 180°  540  4 x 180°  720  4.
C0558,Equiangular Polygon Formula,,Formula,"Solution: Here, we will set the Equiangular Polygon Formula equal to 135° and solve for n.",Chapter 6,6.1 Angles in Polygons,98,2c834a24560c45f1bfffa562fe1b972a,"Solution: Here, we will set the Equiangular Polygon Formula equal to 135° and solve for n."
C0559,Regular Polygon,,Component,"(First, recall how many degrees are in a  hexagon, and then figure out how many degrees are in each angle of a regular polygon.",Chapter 12,12.6 Extension: Tessellating Polygons,212,2e8540d65d5f4bc598a1e864282bacea,"(First, recall how many degrees are in a  hexagon, and then figure out how many degrees are in each angle of a regular polygon."
C0560,Equiangular,,Component,"(9 - 2) x 180° = 7 x 180° = 1260°  www.ckl2.org  268  'Equiangular"" tells us every angle is equal.",Chapter 6,6.1 Angles in Polygons,98,ad47bd0a6ceb44e69dc56510ea5ae4e4,"(9 - 2) x 180° = 7 x 180° = 1260°  www.ckl2.org  268  'Equiangular"" tells us every angle is equal."
C0561,Writing Do,,Component,Writing Do you think the interior angles of a regular n-gon could ever be 180°?,Chapter 6,6.1 Angles in Polygons,99,b165f139002845a0ab0c394929ce14c3,Writing Do you think the interior angles of a regular n-gon could ever be 180°?
C0562,Opposite Sides Theorem,,Formula,Questions 28 and 29 are similar to the prool ol the Opposite Sides Theorem.,Chapter 6,6.2 Properties of Parallelograms,101,bfd7bfc07f254f5b83ad1758414f466c,Questions 28 and 29 are similar to the prool ol the Opposite Sides Theorem.
C0563,Parallelogram Diagonals Theorem,,Formula,"If A >fr R then  „ZI_7  A  mZA + mlD = 180°  mZA + mlB = 180°  mZ5 + mlC = 180°  mZC + mlD = 180°  Parallelogram Diagonals Theorem: If a quadrilateral is a parallelogram, then the diagonals bisect  each other.",Chapter 6,6.2 Properties of Parallelograms,100,d4840e87630c44bb8f8531f9570a56a4,"If A >fr R then  „ZI_7  A  mZA + mlD = 180°  mZA + mlB = 180°  mZ5 + mlC = 180°  mZC + mlD = 180°  Parallelogram Diagonals Theorem: If a quadrilateral is a parallelogram, then the diagonals bisect  each other."
C0564,Consecutive Angles Theorem,,Formula,"If A a then  A sfr R tnen A H  /Z7  Consecutive Angles Theorem: If a quadrilateral is a parallelogram, then the consecutive angles are  supplementary.",Chapter 6,6.2 Properties of Parallelograms,100,d4840e87630c44bb8f8531f9570a56a4,"If A a then  A sfr R tnen A H  /Z7  Consecutive Angles Theorem: If a quadrilateral is a parallelogram, then the consecutive angles are  supplementary."
C0565,Opposite Angles Theorem,,Formula,"If A >:> R then A ■ R  tZJ zL_7  C D* 1 r C  Opposite Angles Theorem: If a quadrilateral is a parallelogram, then the opposite angles are congruent.",Chapter 6,6.2 Properties of Parallelograms,100,d4840e87630c44bb8f8531f9570a56a4,"If A >:> R then A ■ R  tZJ zL_7  C D* 1 r C  Opposite Angles Theorem: If a quadrilateral is a parallelogram, then the opposite angles are congruent."
C0566,FGHJ,,Component,Example 3: Show that the diagonals of FGHJ bisect each other.,Chapter 6,6.2 Properties of Parallelograms,101,4bfc8313130a43bfb8d1aa73f94684f4,Example 3: Show that the diagonals of FGHJ bisect each other.
C0567,SAND,,Component,SAND is parallelogram and SY = Ax — 11 and YN = x + 10,Chapter 6,6.2 Properties of Parallelograms,101,b657fd4db2a14d51b32a11047e181a36,Example 4: Algebra Connection SAND is a parallelogram and SY = Ax — 11 and YN = x + 10.
C0568,WAVE,,Component,"*\(7k-1) c  (5n -3)°  /(4m -8)° NLiP n ""  (fa ^fcn + 1  (3m + 13) £  17 30  (4n + 12)°  7q + 3  Use the parallelogram WAVE to find:  w,  /\ ^7  1  * Jxfesf  h  ^84° \f  V  20.",Chapter 6,6.2 Properties of Parallelograms,102,7615306e206445b88091e239cc70dbf3,"*\(7k-1) c  (5n -3)°  /(4m -8)° NLiP n ""  (fa ^fcn + 1  (3m + 13) £  17 30  (4n + 12)°  7q + 3  Use the parallelogram WAVE to find:  w,  /\ ^7  1  * Jxfesf  h  ^84° \f  V  20."
C0569,EFGH,,Component,"www.ckl2.org  308  EG= ^(5-5) 2 + (-l-(-5)) 2  = VO 2 + 4 2  = Vl6 = 4  ra=7(ll-(-l)) 2 + (-3-(-3)) 2  = Vl2 2 + 2  = Vl44 = 12  The diagonals are not congruent, so EFGH is a rhombus.",Chapter 6,6.5 Trapezoids and Kites,111,4b44ecb4c64c40afa92024c46e3a2d29,"www.ckl2.org  308  EG= ^(5-5) 2 + (-l-(-5)) 2  = VO 2 + 4 2  = Vl6 = 4  ra=7(ll-(-l)) 2 + (-3-(-3)) 2  = Vl2 2 + 2  = Vl44 = 12  The diagonals are not congruent, so EFGH is a rhombus."
C0570,PQRS,,Component,"If mlS = 143° in parallelogram PQRS , find the other three angles.",Chapter 6,6.2 Properties of Parallelograms,102,7615306e206445b88091e239cc70dbf3,"If mlS = 143° in parallelogram PQRS , find the other three angles."
C0571,Challenge Find,,Component,"Challenge Find x,y°, and z° ■ (The two quadrilaterals with the same side are parallelograms.",Chapter 6,6.2 Properties of Parallelograms,102,3cfde491702b4b91a93d8388ce59230c,"Challenge Find x,y°, and z° ■ (The two quadrilaterals with the same side are parallelograms."
C0572,Parallelogram Diagonals Theorem Converse,,Formula,"If A >B then a R  £3  D*-^>  Parallelogram Diagonals Theorem Converse: If the diagonals of a quadrilateral bisect each other,  then the figure is a parallelogram.",Chapter 6,6.3 Proving Quadrilaterals are Parallelograms,103,d39a375e28654155b486fd687e611861,"If A >B then a R  £3  D*-^>  Parallelogram Diagonals Theorem Converse: If the diagonals of a quadrilateral bisect each other,  then the figure is a parallelogram."
C0573,Opposite Sides Theorem Converse,Opposite Angles Theorem Converse,Formula,"Opposite Angles Theorem Converse  B  D C  Given : lA = iC, ID = LB  Prove: ABCD is a parallelogram  289  www.ckl2.org  Table 6.8:  Statement  Reason  1.",Chapter 6,6.3 Proving Quadrilaterals are Parallelograms,104,f4dc9e54b5894879a8ca2b00453fba9c,"Opposite Angles Theorem Converse  B  D C  Given : lA = iC, ID = LB  Prove: ABCD is a parallelogram  289  www.ckl2.org  Table 6.8:  Statement  Reason  1."
C0574,IBDC,,Component,,Chapter 6,6.3 Proving Quadrilaterals are Parallelograms,103,71b01a53c60a4a6d98dc1d1be836087b,
C0575,Opposite Sides Converse,,Component,ABCD is a parallelogram  Given  Alternate Interior Angles  Reflexive PoC  SAS  CPCTC  Opposite Sides Converse  This is  the proof  of,Chapter 6,6.3 Proving Quadrilaterals are Parallelograms,103,6280611b3b1a41449cfa2d09e455fd87,ABCD is a parallelogram  Given  Alternate Interior Angles  Reflexive PoC  SAS  CPCTC  Opposite Sides Converse  This is  the proof  of
C0576,ACDS,,Component,,Chapter 6,6.3 Proving Quadrilaterals are Parallelograms,103,6280611b3b1a41449cfa2d09e455fd87,
C0577,ZAS,,Component,,Chapter 6,6.3 Proving Quadrilaterals are Parallelograms,103,6280611b3b1a41449cfa2d09e455fd87,
C0578,ZBDC,,Component,,Chapter 6,6.3 Proving Quadrilaterals are Parallelograms,103,6280611b3b1a41449cfa2d09e455fd87,
C0579,Parallelogram Diagonals Converse,,Component,Solution: Let's use the Parallelogram Diagonals Converse to see if RSTU is a parallelogram.,Chapter 6,6.3 Proving Quadrilaterals are Parallelograms,104,3d350045bcc7492a880a90e05e493076,Solution: Let's use the Parallelogram Diagonals Converse to see if RSTU is a parallelogram.
C0580,RSTU,,Component,RSTU is not a parallelogram because the midpoints are not the same,Chapter 6,6.3 Proving Quadrilaterals are Parallelograms,104,3d350045bcc7492a880a90e05e493076,"/_4 _|_ 3 3 _ 4  Midpoint of RT = I — - — , -^- ) = (-0.5, -0.5)  Midpoint of S U = (  2 2  4-5 5-5  2 ' 2  (-0.5,0)  RSTU is not a parallelogram because the midpoints are not the same."
C0581,Revisited Use,,Component,Revisited Use the Pythagorean Theorem to find the length of the second diagonal.,Chapter 6,6.3 Proving Quadrilaterals are Parallelograms,104,3d350045bcc7492a880a90e05e493076,Revisited Use the Pythagorean Theorem to find the length of the second diagonal.
C0582,Consecutive Interior Angles Converse,,Component,ABCD is a parallelogram  Consecutive Interior Angles Converse  24.,Chapter 6,6.3 Proving Quadrilaterals are Parallelograms,104,b05d780b54cc4e0580ba992d95eb2eef,ABCD is a parallelogram  Consecutive Interior Angles Converse  24.
C0583,Combine Like Terms,,Component,Combine Like Terms  Division PoE  9.,Chapter 6,6.3 Proving Quadrilaterals are Parallelograms,104,b05d780b54cc4e0580ba992d95eb2eef,Combine Like Terms  Division PoE  9.
C0584,Rhombus,,Component,"www.cki2.0rg  (figure is a rhombus)  Texas Instruments Resources  In the CK-12 Texas Instruments Geometry FlexBook, there are graphing calculator activities  designed to supplement the objectives for some of the lessons in this chapter.",Chapter 10,10.6 Chapter 10 Review,179,3a8b45028cb44b3ba5d1eaa264290b35,"www.cki2.0rg  (figure is a rhombus)  Texas Instruments Resources  In the CK-12 Texas Instruments Geometry FlexBook, there are graphing calculator activities  designed to supplement the objectives for some of the lessons in this chapter."
C0585,Defining Special Parallelograms,,Component,Defining Special Parallelograms,Chapter 6,"6.4 Rectangles, Rhombuses and Squares",105,a441fbbd37d54a6ead3531efe035393b,Defining Special Parallelograms
C0586,Square Theorem,,Formula,Square Theorem: A quadrilateral is a square if and only if it has four right angles and four congruent  sides.,Chapter 6,"6.4 Rectangles, Rhombuses and Squares",105,d8e878a9ed0549ef8037d3994bc6751f,Square Theorem: A quadrilateral is a square if and only if it has four right angles and four congruent  sides.
C0587,Rhombi,,Component,"Rectangles, Rhombuses (also called Rhombi) and Squares are all more specific versions of parallelograms,  also called special parallelograms.",Chapter 6,"6.4 Rectangles, Rhombuses and Squares",105,d8e878a9ed0549ef8037d3994bc6751f,"Rectangles, Rhombuses (also called Rhombi) and Squares are all more specific versions of parallelograms,  also called special parallelograms."
C0588,Special Parallelograms,,Component,"Rectangles, Rhombuses (also called Rhombi) and Squares are all more specific versions of parallelograms,  also called special parallelograms.",Chapter 6,"6.4 Rectangles, Rhombuses and Squares",105,d8e878a9ed0549ef8037d3994bc6751f,"Rectangles, Rhombuses (also called Rhombi) and Squares are all more specific versions of parallelograms,  also called special parallelograms."
C0589,Rectangle Theorem,,Formula,Rectangle Theorem: A quadrilateral is a rectangle if and only if it has four right (congruent) angles.,Chapter 6,"6.4 Rectangles, Rhombuses and Squares",105,d8e878a9ed0549ef8037d3994bc6751f,Rectangle Theorem: A quadrilateral is a rectangle if and only if it has four right (congruent) angles.
C0590,Rhombus Theorem,,Formula,Rhombus Theorem: A quadrilateral is a rhombus if and only if it has four congruent sides.,Chapter 6,"6.4 Rectangles, Rhombuses and Squares",105,d8e878a9ed0549ef8037d3994bc6751f,Rhombus Theorem: A quadrilateral is a rhombus if and only if it has four congruent sides.
C0591,NEVER,,Component,"For questions 16-21 determine if the following are ALWAYS, SOMETIME, or NEVER true.",Chapter 6,"6.4 Rectangles, Rhombuses and Squares",108,a5cf63dea8b645cc9daccdcdd5b1ed59,"For questions 16-21 determine if the following are ALWAYS, SOMETIME, or NEVER true."
C0592,IBCD,,Component,"If AC bisects IBAD and IBCD and BD bisects lABC lADC, then ABCD is also  a rhombus.",Chapter 6,"6.4 Rectangles, Rhombuses and Squares",106,3052411e683747df9c40969bc1e2aaa6,"If AC bisects IBAD and IBCD and BD bisects lABC lADC, then ABCD is also  a rhombus."
C0593,IBAD,,Component,"If AC bisects IBAD and IBCD and BD bisects lABC lADC, then ABCD is also  a rhombus.",Chapter 6,"6.4 Rectangles, Rhombuses and Squares",106,3052411e683747df9c40969bc1e2aaa6,"If AC bisects IBAD and IBCD and BD bisects lABC lADC, then ABCD is also  a rhombus."
C0594,SQRE,,Component,Example 4: List everything you know about the square SQRE.,Chapter 6,"6.4 Rectangles, Rhombuses and Squares",106,163dcc33855e45a79577b090e05ce4c5,Example 4: List everything you know about the square SQRE.
C0595,Rhombus Properties,,Component,295  www.ckl2.org  Table 6.11:  Properties of a Parallelo- Properties of a Rhombus Properties of a Rectangle  gram  SQ\\ER  .,Chapter 6,"6.4 Rectangles, Rhombuses and Squares",106,e87cb546ac6b42b3b2267ab29016d866,295  www.ckl2.org  Table 6.11:  Properties of a Parallelo- Properties of a Rhombus Properties of a Rectangle  gram  SQ\\ER  .
C0596,IQRS,,Component,IQRS is RE  SA=AR = QA= AE  All the bisected angles are 45°,Chapter 6,"6.4 Rectangles, Rhombuses and Squares",106,e87cb546ac6b42b3b2267ab29016d866,SR = QE  IQSR = IRSE = IQRS  IS RE  SA=AR = QA= AE  All the bisected angles are 45°.
C0597,IQER,,Component,SR ± QE  ISEQ = IQER = ISQE  IEQR  .,Chapter 6,"6.4 Rectangles, Rhombuses and Squares",106,e87cb546ac6b42b3b2267ab29016d866,SR ± QE  ISEQ = IQER = ISQE  IEQR  .
C0598,SEUQR,,Component,SQ = ER = SE = QR  mlSER = mlSQR  mlQSE = mlQRE = 90°  SEUQR  .,Chapter 6,"6.4 Rectangles, Rhombuses and Squares",106,e87cb546ac6b42b3b2267ab29016d866,SQ = ER = SE = QR  mlSER = mlSQR  mlQSE = mlQRE = 90°  SEUQR  .
C0599,IRSE,,Component,SR = QE  IQSR = IRSE = IQRS  IS RE  SA=AR = QA= AE  All the bisected angles are 45°.,Chapter 6,"6.4 Rectangles, Rhombuses and Squares",106,e87cb546ac6b42b3b2267ab29016d866,SR = QE  IQSR = IRSE = IQRS  IS RE  SA=AR = QA= AE  All the bisected angles are 45°.
C0600,ISEQ,,Component,SR ± QE  ISEQ = IQER = ISQE  IEQR  .,Chapter 6,"6.4 Rectangles, Rhombuses and Squares",106,e87cb546ac6b42b3b2267ab29016d866,SR ± QE  ISEQ = IQER = ISQE  IEQR  .
C0601,ISQE,,Component,SR ± QE  ISEQ = IQER = ISQE  IEQR  .,Chapter 6,"6.4 Rectangles, Rhombuses and Squares",106,e87cb546ac6b42b3b2267ab29016d866,SR ± QE  ISEQ = IQER = ISQE  IEQR  .
C0602,IEQR,,Component,SR ± QE  ISEQ = IQER = ISQE  IEQR  .,Chapter 6,"6.4 Rectangles, Rhombuses and Squares",106,e87cb546ac6b42b3b2267ab29016d866,SR ± QE  ISEQ = IQER = ISQE  IEQR  .
C0603,TUNE,,Component,"Example 4: Determine what type of parallelogram TUNE is: T(0, 10), U(i,2),N(— 2, — 1), and £(-6,7).",Chapter 6,"6.4 Rectangles, Rhombuses and Squares",106,79e22db147424fd4876d7d6e65dc1aa1,"Example 4: Determine what type of parallelogram TUNE is: T(0, 10), U(i,2),N(— 2, — 1), and £(-6,7)."
C0604,DIAM,,Component,,Chapter 6,"6.4 Rectangles, Rhombuses and Squares",108,a5cf63dea8b645cc9daccdcdd5b1ed59,
C0605,CUBE,,Component,,Chapter 6,"6.4 Rectangles, Rhombuses and Squares",108,a5cf63dea8b645cc9daccdcdd5b1ed59,
C0606,SRUE,,Component,SRUE is rectangle and PRUC is a square,Chapter 6,"6.4 Rectangles, Rhombuses and Squares",108,a5cf63dea8b645cc9daccdcdd5b1ed59,Challenge SRUE is a rectangle and PRUC is a square.
C0607,RACE,,Component,,Chapter 6,"6.4 Rectangles, Rhombuses and Squares",108,a5cf63dea8b645cc9daccdcdd5b1ed59,
C0608,Use Example,,Component,Use Example 4 and the steps following  it to help you.,Chapter 6,"6.4 Rectangles, Rhombuses and Squares",108,a5cf63dea8b645cc9daccdcdd5b1ed59,Use Example 4 and the steps following  it to help you.
C0609,PRUC,,Component,Challenge SRUE is a rectangle and PRUC is a square.,Chapter 6,"6.4 Rectangles, Rhombuses and Squares",108,a5cf63dea8b645cc9daccdcdd5b1ed59,Challenge SRUE is a rectangle and PRUC is a square.
C0610,Kite,,Component,P = 8 + 4V2 + 16 + 4V2  P = 24 + 8 V2 w 35.3 units  A = -(4)(8 + 16)  A = 48 units 2  www.ckl2.org  514  Area of a Rhombus and Kite  Recall that a rhombus is an equilateral quadrilateral and a kite has adjacent congruent sides.,Chapter 10,"10.2 Trapezoids, Rhombi, and Kites",169,bbf7ad3d038e4498a23ae08e69fa8b9e,P = 8 + 4V2 + 16 + 4V2  P = 24 + 8 V2 w 35.3 units  A = -(4)(8 + 16)  A = 48 units 2  www.ckl2.org  514  Area of a Rhombus and Kite  Recall that a rhombus is an equilateral quadrilateral and a kite has adjacent congruent sides.
C0611,Trapezoid,,Component,Table 6.15:  Opposite Diagonals Diagonals Opposite Opposite  sides || bisect each _L sides = angles =  other  Consecutive  Angles add  up to 180°  Trapezoid  Isosceles  Trapezoid  Kite  Parallelogram  Rectangle  Rhombus  Square  1.,Chapter 6,6.6 Chapter 6 Review,112,fd8796ab2d184c01b7d3bac61fac2f08,Table 6.15:  Opposite Diagonals Diagonals Opposite Opposite  sides || bisect each _L sides = angles =  other  Consecutive  Angles add  up to 180°  Trapezoid  Isosceles  Trapezoid  Kite  Parallelogram  Rectangle  Rhombus  Square  1.
C0612,Isosceles Trapezoid,Isosceles Trapezoids,Component,An  isosceles  trapezoid  Isosceles Trapezoid: A trapezoid where the non-parallel sides are congruent.,Chapter 6,6.5 Trapezoids and Kites,108,a39994d45e1f4f13b6a961edd6de2229,An  isosceles  trapezoid  Isosceles Trapezoid: A trapezoid where the non-parallel sides are congruent.
C0613,TRAP,,Component,Example 7: Reflect the trapezoid TRAP over the line y = -x.,Chapter 12,12.3 Reflections,203,87a86b810f7345019f14499be98ac207,Example 7: Reflect the trapezoid TRAP over the line y = -x.
C0614,ZOID,,Component,Example 2: Is ZOID an isosceles trapezoid?,Chapter 6,6.5 Trapezoids and Kites,108,125051b3fbf74b7ab8e9301608bce300,Example 2: Is ZOID an isosceles trapezoid?
C0615,Isosceles Trapezoid Diagonals Theorem,,Formula,Isosceles Trapezoid Diagonals Theorem: The diagonals of an isosceles trapezoid are congruent.,Chapter 6,6.5 Trapezoids and Kites,108,4b80e146b3d44e5c9fefccf37e4db9cb,Isosceles Trapezoid Diagonals Theorem: The diagonals of an isosceles trapezoid are congruent.
C0616,Midsegment Property,,Component,"Investigation 6-5: Midsegment Property  Tools Needed: graph paper, pencil, ruler  1.",Chapter 6,6.5 Trapezoids and Kites,109,ea550e8d57ab4b69b7cf2ba5bcf50cb6,"Investigation 6-5: Midsegment Property  Tools Needed: graph paper, pencil, ruler  1."
C0617,"Non-Vertex 
Angles",,Component,The other angles are called non-vertex  angles.,Chapter 6,6.5 Trapezoids and Kites,109,30673f9c34684dbcab40061d16985ca9,The other angles are called non-vertex  angles.
C0618,AEKI,,Component,,Chapter 6,6.5 Trapezoids and Kites,109,30673f9c34684dbcab40061d16985ca9,
C0619,Dart,,Component,"If a kite is concave, it is called a dart.",Chapter 6,6.5 Trapezoids and Kites,109,30673f9c34684dbcab40061d16985ca9,"If a kite is concave, it is called a dart."
C0620,AETI,,Component,,Chapter 6,6.5 Trapezoids and Kites,109,30673f9c34684dbcab40061d16985ca9,
C0621,IKEI,,Component,"If KITE is a kite, then IKEI = HET and IKIE = z£7T.",Chapter 6,6.5 Trapezoids and Kites,109,c5a7f77b38714a36944c4a054217f653,"If KITE is a kite, then IKEI = HET and IKIE = z£7T."
C0622,AKIT,,Component,"AKET and AKIT triangles are isosceles triangles, so EI is the perpendicular bisector of KT (Isosceles  Triangle Theorem, Chapter 4).",Chapter 6,6.5 Trapezoids and Kites,109,c5a7f77b38714a36944c4a054217f653,"AKET and AKIT triangles are isosceles triangles, so EI is the perpendicular bisector of KT (Isosceles  Triangle Theorem, Chapter 4)."
C0623,IKIE,,Component,"If KITE is a kite, then IKEI = HET and IKIE = z£7T.",Chapter 6,6.5 Trapezoids and Kites,109,c5a7f77b38714a36944c4a054217f653,"If KITE is a kite, then IKEI = HET and IKIE = z£7T."
C0624,AKET,,Component,"AKET and AKIT triangles are isosceles triangles, so EI is the perpendicular bisector of KT (Isosceles  Triangle Theorem, Chapter 4).",Chapter 6,6.5 Trapezoids and Kites,109,c5a7f77b38714a36944c4a054217f653,"AKET and AKIT triangles are isosceles triangles, so EI is the perpendicular bisector of KT (Isosceles  Triangle Theorem, Chapter 4)."
C0625,HET,,Component,"If KITE is a kite, then IKEI = HET and IKIE = z£7T.",Chapter 6,6.5 Trapezoids and Kites,109,c5a7f77b38714a36944c4a054217f653,"If KITE is a kite, then IKEI = HET and IKIE = z£7T."
C0626,Kite Diagonals Theorem,,Formula,Kite Diagonals Theorem  Quadrilateral Flow Chart  Fill in the flow chart according to what you know about the quadrilaterals we have learned in this chapter.,Chapter 6,6.6 Chapter 6 Review,112,fd8796ab2d184c01b7d3bac61fac2f08,Kite Diagonals Theorem  Quadrilateral Flow Chart  Fill in the flow chart according to what you know about the quadrilaterals we have learned in this chapter.
C0627,RSTV,,Component,Example 7: Determine what type of quadrilateral RSTV is.,Chapter 6,6.5 Trapezoids and Kites,110,073ea8c428b0451ca068911f0a47b33f,Example 7: Determine what type of quadrilateral RSTV is.
C0628,Writing Besides,,Component,"Writing Besides a kite and a rhombus, can you find another quadrilateral with perpendicular diag  onals?",Chapter 6,6.5 Trapezoids and Kites,111,39c1cac6a5e54479b2cac63375a19cd4,"Writing Besides a kite and a rhombus, can you find another quadrilateral with perpendicular diag  onals?"
C0629,Writing Can,,Component,Writing Can the parallel sides of a trapezoid be congruent?,Chapter 6,6.5 Trapezoids and Kites,111,39c1cac6a5e54479b2cac63375a19cd4,Writing Can the parallel sides of a trapezoid be congruent?
C0630,Proving Quadrilaterals,,Component,"Proving Quadrilaterals is Parallelograms  • Opposite Sides Theorem Converse  • Opposite Angles Theorem Converse  • Consecutive Angles Theorem Converse  • Parallelogram Diagonals Theorem Converse  • Theorem 6-10  Rectangles, Rhombuses, and Squares  • Rectangle Theorem  • Rhombus Theorem  • Square Theorem  • Theorem 6-14  • Theorem 6-15  • Theorem 6-16  www",Chapter 6,6.6 Chapter 6 Review,112,a0a05ba46bcf48719869c5e0107a3c0c,"Keywords and Theorems  Angles in Polygons  • Polygon Sum Formula  • Equiangular Polygon Formula  • Regular Polygon  • Exterior Angle Sum Theorem  Properties of Parallelograms  • Parallelogram  • Opposite Sides Theorem  • Opposite Angles Theorem  • Consecutive Angles Theorem  • Parallelogram Diagonals Theorem  Proving Quadrilaterals are Parallelograms  • Opposite Sides Theorem Converse  • Opposite Angles Theorem Converse  • Consecutive Angles Theorem Converse  • Parallelogram Diagonals Theorem Converse  • Theorem 6-10  Rectangles, Rhombuses, and Squares  • Rectangle Theorem  • Rhombus Theorem  • Square Theorem  • Theorem 6-14  • Theorem 6-15  • Theorem 6-16  www.ckl2.org 314  Trapezoids and Kites  Trapezoid  Isosceles Trapezoid"
C0631,Consecutive Angles Theorem Converse,,Formula,,Chapter 6,6.6 Chapter 6 Review,112,a0a05ba46bcf48719869c5e0107a3c0c,
C0632,Opposite Diagonals Diagonals Opposite,,Component,Table 6.15:  Opposite Diagonals Diagonals Opposite Opposite  sides || bisect each _L sides = angles =  other  Consecutive  Angles add  up to 180°  Trapezoid  Isosceles  Trapezoid  Kite  Parallelogram  Rectangle  Rhombus  Square  1.,Chapter 6,6.6 Chapter 6 Review,112,fd8796ab2d184c01b7d3bac61fac2f08,Table 6.15:  Opposite Diagonals Diagonals Opposite Opposite  sides || bisect each _L sides = angles =  other  Consecutive  Angles add  up to 180°  Trapezoid  Isosceles  Trapezoid  Kite  Parallelogram  Rectangle  Rhombus  Square  1.
C0633,Quadrilateral Flow Chart,,Component,Kite Diagonals Theorem  Quadrilateral Flow Chart  Fill in the flow chart according to what you know about the quadrilaterals we have learned in this chapter.,Chapter 6,6.6 Chapter 6 Review,112,fd8796ab2d184c01b7d3bac61fac2f08,Kite Diagonals Theorem  Quadrilateral Flow Chart  Fill in the flow chart according to what you know about the quadrilaterals we have learned in this chapter.
C0634,Parallelogram Opposite Sides Theorem,,Formula,,Chapter 6,6.7 Study Guide,113,f44e0ef5d0fa4e0dbbd7eb20304430b7,
C0635,Trapezoid Isosceles Trapezoid,,Component,Homework:  5 th Section: Trapezoids and Kites  Trapezoid Isosceles Trapezoid  £1,Chapter 6,6.7 Study Guide,113,ebd94bcb0eeb482d912f5871e003275f,Homework:  5 th Section: Trapezoids and Kites  Trapezoid Isosceles Trapezoid  £1
C0636,Proportionality,,Component,Parallel Lines and Transversals  We can extend the Triangle Proportionality Theorem to multiple parallel lines.,Chapter 6,7.5 Proportionality Relationships,125,87f00ccd5dff45659fea0fe434f37b68,Parallel Lines and Transversals  We can extend the Triangle Proportionality Theorem to multiple parallel lines.
C0637,Gil What,,Component,"If AC = 5, what is Gil What is the reason?",Chapter 6,7.1 Ratios and Proportions,113,66f22540ab7141399aeecc4ce667321f,"If AC = 5, what is Gil What is the reason?"
C0638,Using Ratios,,Formula,319 www.ckl2.org  Using Ratios  Ratio: A way to compare two numbers.,Chapter 6,7.1 Ratios and Proportions,113,66f22540ab7141399aeecc4ce667321f,319 www.ckl2.org  Using Ratios  Ratio: A way to compare two numbers.
C0639,Honey Wheat,,Component,Table 7.1:  Type of Bagel Number Sold  Plain 80  Cinnamon Raisin 30  Sesame 25  Jalapeno Cheddar 20  Everything 45  Honey Wheat 50  Solution: The ratio is 30:80.,Chapter 6,7.1 Ratios and Proportions,113,26dcce3829b04aa983ff901922826950,Table 7.1:  Type of Bagel Number Sold  Plain 80  Cinnamon Raisin 30  Sesame 25  Jalapeno Cheddar 20  Everything 45  Honey Wheat 50  Solution: The ratio is 30:80.
C0640,Bagel Number Sold,,Component,Table 7.1:  Type of Bagel Number Sold  Plain 80  Cinnamon Raisin 30  Sesame 25  Jalapeno Cheddar 20  Everything 45  Honey Wheat 50  Solution: The ratio is 30:80.,Chapter 6,7.1 Ratios and Proportions,113,26dcce3829b04aa983ff901922826950,Table 7.1:  Type of Bagel Number Sold  Plain 80  Cinnamon Raisin 30  Sesame 25  Jalapeno Cheddar 20  Everything 45  Honey Wheat 50  Solution: The ratio is 30:80.
C0641,Jalapeno Cheddar,,Component,Table 7.1:  Type of Bagel Number Sold  Plain 80  Cinnamon Raisin 30  Sesame 25  Jalapeno Cheddar 20  Everything 45  Honey Wheat 50  Solution: The ratio is 30:80.,Chapter 6,7.1 Ratios and Proportions,113,26dcce3829b04aa983ff901922826950,Table 7.1:  Type of Bagel Number Sold  Plain 80  Cinnamon Raisin 30  Sesame 25  Jalapeno Cheddar 20  Everything 45  Honey Wheat 50  Solution: The ratio is 30:80.
C0642,Cinnamon Raisin,,Component,Table 7.1:  Type of Bagel Number Sold  Plain 80  Cinnamon Raisin 30  Sesame 25  Jalapeno Cheddar 20  Everything 45  Honey Wheat 50  Solution: The ratio is 30:80.,Chapter 6,7.1 Ratios and Proportions,113,26dcce3829b04aa983ff901922826950,Table 7.1:  Type of Bagel Number Sold  Plain 80  Cinnamon Raisin 30  Sesame 25  Jalapeno Cheddar 20  Everything 45  Honey Wheat 50  Solution: The ratio is 30:80.
C0643,Equivalent Ratios,,Formula,Equivalent Ratios: When two or more ratios reduce to the same ratio.,Chapter 6,7.1 Ratios and Proportions,113,9a11c467df2a484493a6f4c352c6e70b,Equivalent Ratios: When two or more ratios reduce to the same ratio.
C0644,Converting Measurements,,Component,Converting Measurements  How many feet are in 2 miles?,Chapter 6,7.1 Ratios and Proportions,114,f9d1ca2662e042feaa33ef92de7706be,Converting Measurements  How many feet are in 2 miles?
C0645,Multiplication Theorem,Cross Multiplication Theorem,Formula,Keywords and Theorems  Rations &: Proportions  365 www.ckl2.org  Ratio  Proportion  Means  Extremes  Cross-Multiplication Theorem,Chapter 6,7.8 Chapter 7 Review,130,59a60831efd247ea8e14744c7a99c0e0,Keywords and Theorems  Rations &: Proportions  365 www.ckl2.org  Ratio  Proportion  Means  Extremes  Cross-Multiplication Theorem
C0646,Solving Proportions,,Component,Solving Proportions  Proportion: Two ratios that are set equal to each other.,Chapter 6,7.1 Ratios and Proportions,114,9a42e503964940829df5d8c1ab41bd40,Solving Proportions  Proportion: Two ratios that are set equal to each other.
C0647,Corollaries,Corollary,Component,"Properties of Proportions  The Cross-Multiplication Theorem has several sub-theorems, called corollaries.",Chapter 6,7.1 Ratios and Proportions,114,2f4cf767b51d4d90b0a3da2858ad2f36,"Properties of Proportions  The Cross-Multiplication Theorem has several sub-theorems, called corollaries."
C0648,Scale Factor,Scale Factors,Component,Scale Factor is ||  2  P small = 2(10) + 2(16) = 52 units  p large = 2(15) + 2(24) = 78 units  The ratio of the perimeters is || = I-  The ratio of the perimeters is the same as the scale factor,Chapter 10,10.3 Areas of Similar Polygons,172,d088ea09667849c282015d82911c3213,24  16  10  15  Solution: The scale factor is ||  2  P small = 2(10) + 2(16) = 52 units  p large = 2(15) + 2(24) = 78 units  The ratio of the perimeters is || = I-  The ratio of the perimeters is the same as the scale factor.
C0649,Revisited Everything,,Component,Revisited Everything needs to be scaled down by a factor of jg(144 in -f 8 m).,Chapter 6,7.1 Ratios and Proportions,116,2b0be1638251406db2789bdf988fe4b4,Revisited Everything needs to be scaled down by a factor of jg(144 in -f 8 m).
C0650,AEFD,,Component,AEFD is square ABCD is a rectangle  2,Chapter 6,7.1 Ratios and Proportions,116,2b0be1638251406db2789bdf988fe4b4,A 16 E 8 p  AEFD is a square ABCD is a rectangle  2.
C0651,EBCF,,Component,Perimeter A5CZ):Perimeter AEFD: Perimeter EBCF  Convert the following measurements.,Chapter 6,7.1 Ratios and Proportions,116,2b0be1638251406db2789bdf988fe4b4,Perimeter A5CZ):Perimeter AEFD: Perimeter EBCF  Convert the following measurements.
C0652,CUD,,Component,These polygons are not similar:  CUD,Chapter 6,7.2 Similar Polygons,116,2173979f43d542a9b8d9ad45ebf18b34,These polygons are not similar:  CUD
C0653,Similar Polygons,,Component,Learning Objectives  • Understand the relationship between the scale factor of similar polygons and their areas.,Chapter 10,10.3 Areas of Similar Polygons,171,7efdfe0cee384e51b19fa491eedbbfc1,Learning Objectives  • Understand the relationship between the scale factor of similar polygons and their areas.
C0654,AJKL,,Component,Example 1: Suppose AABC ~ AJKL.,Chapter 6,7.2 Similar Polygons,116,d42a07ed59974ada8c17b43ad2d17b6f,Example 1: Suppose AABC ~ AJKL.
C0655,MNPQ,,Component,,Chapter 6,7.2 Similar Polygons,117,dc93df470b674bbcb09de929f8ffcdab,
C0656,UVWX,,Component,Example 3: ABCD and UVWX are below.,Chapter 6,7.2 Similar Polygons,117,883e7b42726044b29d443284479ac8cd,Example 3: ABCD and UVWX are below.
C0657,AYXZ,,Component,"AB — » XY,BC — > XZ,AC — > YZ, so AABC  AYXZ.",Chapter 6,7.2 Similar Polygons,117,954e0e8e56fe4ae1807f8ee6ddb0e690,"AB — » XY,BC — > XZ,AC — > YZ, so AABC  AYXZ."
C0658,AMNP,,Component,"Solution: Perimeter of ABCD = 60 + 45 + 60 + 45 = 210  Perimeter of AMNP = 40 + 30 + 40 + 30 = 140  The ratio of the perimeters is 140:210, which reduces to 2:3.",Chapter 6,7.2 Similar Polygons,117,fd974705974345acb317a81894edf1af,"Solution: Perimeter of ABCD = 60 + 45 + 60 + 45 = 210  Perimeter of AMNP = 40 + 30 + 40 + 30 = 140  The ratio of the perimeters is 140:210, which reduces to 2:3."
C0659,AHAT,,Component,Find the perimeter of ABIG and AHAT.,Chapter 6,7.2 Similar Polygons,118,d351bada7c034327bbb53feb2d64e2cd,Find the perimeter of ABIG and AHAT.
C0660,NBA,,Component,An NBA basketball court is a rectangle that is 94 feet by 50 feet.,Chapter 6,7.2 Similar Polygons,118,2ec6f073bccc449eb6cce934686c71e8,An NBA basketball court is a rectangle that is 94 feet by 50 feet.
C0661,ABCDE,,Component,"ABCDE ~ QLMNP, find the scale factor.",Chapter 6,7.2 Similar Polygons,118,2ec6f073bccc449eb6cce934686c71e8,"ABCDE ~ QLMNP, find the scale factor."
C0662,QLMNP,,Component,"ABCDE ~ QLMNP, find the scale factor.",Chapter 6,7.2 Similar Polygons,118,2ec6f073bccc449eb6cce934686c71e8,"ABCDE ~ QLMNP, find the scale factor."
C0663,Similar Triangles,,Component,"9  4x-  1  6  10  9(10)  = 6(4x  -1)  90  = 24x-  ■6  96  = 24x  X  = 4  9  6 ""  18  y  9y =  -- 18(6)  9y =  = 108  y =  12  SAS for Similar Triangles  SAS is the last way to show two triangles are similar.",Chapter 6,7.4 Similarity by SSS and SAS,122,77f6a890b6fa4e26a7c3c2ed238f9810,"9  4x-  1  6  10  9(10)  = 6(4x  -1)  90  = 24x-  ■6  96  = 24x  X  = 4  9  6 ""  18  y  9y =  -- 18(6)  9y =  = 108  y =  12  SAS for Similar Triangles  SAS is the last way to show two triangles are similar."
C0664,Constructing Similar Triangles,,Component,"Investigation 7-1: Constructing Similar Triangles  331 www.ckl2.org  Tools Needed: pencil, paper, protractor, ruler  1.",Chapter 6,7.3 Similarity by AA,119,f791fff25e62457cb78e2dfb8c378f89,"Investigation 7-1: Constructing Similar Triangles  331 www.ckl2.org  Tools Needed: pencil, paper, protractor, ruler  1."
C0665,Similarity Postulate,,Formula,"AA Similarity Postulate: If two angles in one triangle are congruent to two angles in another triangle,  the two triangles are similar.",Chapter 6,7.3 Similarity by AA,119,d72d3bfa3fa449688fa8fe5c34837513,"AA Similarity Postulate: If two angles in one triangle are congruent to two angles in another triangle,  the two triangles are similar."
C0666,ADBC,,Component,"(a) lA = ID, IE = IC  www.ckl2.org  344  (b)  AABE ~ ADBC  (c)  BE = 10  (a)  § = f,x = 28  (b)  15(x + 2) = 6(2x-l)  15x + 30 = 12x-6  3x = -36  x= -12",Chapter 6,7.4 Similarity by SSS and SAS,123,fe33db1da5924c91ad9ea0e80399a25d,"(a) lA = ID, IE = IC  www.ckl2.org  344  (b)  AABE ~ ADBC  (c)  BE = 10  (a)  § = f,x = 28  (b)  15(x + 2) = 6(2x-l)  15x + 30 = 12x-6  3x = -36  x= -12"
C0667,AMAR,,Component,,Chapter 6,7.3 Similarity by AA,119,31324dbbad5c489e85c5a2987603b753,
C0668,ALEG,,Component,,Chapter 6,7.3 Similarity by AA,119,31324dbbad5c489e85c5a2987603b753,
C0669,Indirect Measurement,,Component,shortest sides are  corresponding  longest sides are  corresponding  V  middle sides are  corresponding  333  www.ckl2.org  Indirect Measurement  An application of similar triangles is to measure lengths indirectly.,Chapter 6,7.3 Similarity by AA,120,d33fadc2a05549bb88ebfc32088ebdfd,shortest sides are  corresponding  longest sides are  corresponding  V  middle sides are  corresponding  333  www.ckl2.org  Indirect Measurement  An application of similar triangles is to measure lengths indirectly.
C0670,If Ellie,,Component,"If Ellie is 4 feet 10 inches tall, how tall is the tree",Chapter 6,7.3 Similarity by AA,120,3e11e2be58754ba9adbbe2eee1fc481a,"If Ellie is 4 feet 10 inches tall, how tall is the tree?"
C0671,JCL,,Component,,Chapter 6,7.3 Similarity by AA,120,479871431ff74eacbb8816dcf4cb1ba7,
C0672,Writing How,,Component,Writing How do congruent triangles and similar triangles differ?,Chapter 6,5.5 ft.,121,a4ec4a92dfdc4becbcde1a10d96d3f4f,Writing How do congruent triangles and similar triangles differ?
C0673,AOCE,,Component,,Chapter 6,5.5 ft.,121,a4ec4a92dfdc4becbcde1a10d96d3f4f,
C0674,AANE,,Component,,Chapter 6,5.5 ft.,121,a4ec4a92dfdc4becbcde1a10d96d3f4f,
C0675,Grand Canyon,,Component,The technique above was used to measure the distance across the Grand Canyon.,Chapter 6,5.5 ft.,121,a4ec4a92dfdc4becbcde1a10d96d3f4f,The technique above was used to measure the distance across the Grand Canyon.
C0676,Empire State Building,,Component,The Empire State Building is 1250 ft.,Chapter 6,5.5 ft.,121,a4ec4a92dfdc4becbcde1a10d96d3f4f,The Empire State Building is 1250 ft.
C0677,Similarity Theorem,,Formula,"SAS Similarity Theorem: If two sides in one triangle are proportional to two sides in another triangle  and the included angle in both are congruent, then the two triangles are similar.",Chapter 6,7.4 Similarity by SSS and SAS,122,ddbc3ca865734f3492f1bc43d2961eee,"SAS Similarity Theorem: If two sides in one triangle are proportional to two sides in another triangle  and the included angle in both are congruent, then the two triangles are similar."
C0678,AGIH,,Component,"30 = 3' 33 = 3' an< ^ 36 = 3' ^ n three ratios reduce to |, AA5C ~ AGIH.",Chapter 6,7.4 Similarity by SSS and SAS,122,77f6a890b6fa4e26a7c3c2ed238f9810,"30 = 3' 33 = 3' an< ^ 36 = 3' ^ n three ratios reduce to |, AA5C ~ AGIH."
C0679,AXZY,,Component,,Chapter 6,7.4 Similarity by SSS and SAS,122,f0e12df7048c404bbf1160b802693b4b,
C0680,AEAB,,Component,"Solution: lA is shared by AEAB and ADAC, so it is congruent to itself.",Chapter 6,7.4 Similarity by SSS and SAS,122,ec5b0788eca540fe9d01c53ade555804,"Solution: lA is shared by AEAB and ADAC, so it is congruent to itself."
C0681,ADAC,,Component,"Solution: lA is shared by AEAB and ADAC, so it is congruent to itself.",Chapter 6,7.4 Similarity by SSS and SAS,122,ec5b0788eca540fe9d01c53ade555804,"Solution: lA is shared by AEAB and ADAC, so it is congruent to itself."
C0682,Revisited Yes,,Component,"Revisited Yes, the two triangles are similar because they both have a right angle and,  from early in this text learned that mil = ml2.",Chapter 6,7.4 Similarity by SSS and SAS,123,8d5c082729dc479aa187a8cf612690f6,"Revisited Yes, the two triangles are similar because they both have a right angle and,  from early in this text learned that mil = ml2."
C0683,Triangle Proportionality,,Component,"Investigation 7-4: Triangle Proportionality  Tools Needed: pencil, paper, ruler  1.",Chapter 6,7.5 Proportionality Relationships,124,4b1508d3567c47f891f12ea740eb7ea9,"Investigation 7-4: Triangle Proportionality  Tools Needed: pencil, paper, ruler  1."
C0684,Triangle Proportionality Theorem Converse,,Formula,,Chapter 6,7.5 Proportionality Relationships,124,4b1508d3567c47f891f12ea740eb7ea9,
C0685,AXBY,,Component,,Chapter 6,7.5 Proportionality Relationships,124,4b1508d3567c47f891f12ea740eb7ea9,
C0686,Triangle Proportionality Theorem,,Formula,"Triangle Proportionality Theorem: If a line parallel to one side of a triangle intersects the other two  sides, then it divides those sides proportionally.",Chapter 6,7.5 Proportionality Relationships,124,4b1508d3567c47f891f12ea740eb7ea9,"Triangle Proportionality Theorem: If a line parallel to one side of a triangle intersects the other two  sides, then it divides those sides proportionally."
C0687,ADBE,,Component,Solution: AE _L DE and AE _L AC and AABC ~ ADBE.,Chapter 9,9.1 Parts of Circles & Tangent Lines,149,89305307a20c450faca4f5eafb5578e9,Solution: AE _L DE and AE _L AC and AABC ~ ADBE.
C0688,AAXB,,Component,AAXB ~ A7XZ by A A Similarity Postulate  2.,Chapter 6,7.5 Proportionality Relationships,126,6f7e7f9ddb6849bf81a6b0adc57c3a92,AAXB ~ A7XZ by A A Similarity Postulate  2.
C0689,ACAD,,Component,Prove: AABD ~ ACBA ~ ACAD  Table 8.1:  Statement  Reason  1.,Chapter 8,4.8 = x,138,4389e543cd034c92bb76111f6ded7d10,Prove: AABD ~ ACBA ~ ACAD  Table 8.1:  Statement  Reason  1.
C0690,One-Point Perspective,,Component,The picture to the right is called a one-point perspective.,Chapter 6,7.6 Similarity Transformations,126,44f7a469a43d4867a6d69c55805332a7,The picture to the right is called a one-point perspective.
C0691,Double Prime,,Component,"www.ckl2.org  356  Table 7.3:  Label It Say It  ' ""prime"" (copy of the original)  A' ""a prime"" (copy of point A)  A"" ""a double prime"" (second copy)",Chapter 6,7.6 Similarity Transformations,126,44f7a469a43d4867a6d69c55805332a7,"www.ckl2.org  356  Table 7.3:  Label It Say It  ' ""prime"" (copy of the original)  A' ""a prime"" (copy of point A)  A"" ""a double prime"" (second copy)"
C0692,Prime,,Component,"www.ckl2.org  356  Table 7.3:  Label It Say It  ' ""prime"" (copy of the original)  A' ""a prime"" (copy of point A)  A"" ""a double prime"" (second copy)",Chapter 6,7.6 Similarity Transformations,126,44f7a469a43d4867a6d69c55805332a7,"www.ckl2.org  356  Table 7.3:  Label It Say It  ' ""prime"" (copy of the original)  A' ""a prime"" (copy of point A)  A"" ""a double prime"" (second copy)"
C0693,XYZW,,Component,What is the scale factor from XYZW to CDABl Leave as a fraction.,Chapter 6,7.6 Similarity Transformations,126,44f7a469a43d4867a6d69c55805332a7,What is the scale factor from XYZW to CDABl Leave as a fraction.
C0694,Dilation,,Component,Homework:  6 th Section: Dilations  Dilation  www.ckl2.org  370  Homework:  Extension: Self-Similarity  Self-Similar  Fractal  Homework:  371  www.ckl2.org,Chapter 6,7.9 Study Guide,130,59c055258c3f479f864a9df96637452f,Homework:  6 th Section: Dilations  Dilation  www.ckl2.org  370  Homework:  Extension: Self-Similarity  Self-Similar  Fractal  Homework:  371  www.ckl2.org
C0695,KLMN,,Component,Solution: The perimeter of KLMN = 12 + 8 + 12 + 8 = 40.,Chapter 6,7.6 Similarity Transformations,127,67b015a9b2fa4f7ca394b34bdefe49a8,Solution: The perimeter of KLMN = 12 + 8 + 12 + 8 = 40.
C0696,Mapping,,Component,"For any dilation the mapping will be (x,y) — > {kx,ky).",Chapter 6,7.6 Similarity Transformations,127,810a1d7aa46f426db9e98f48ab01df3b,"For any dilation the mapping will be (x,y) — > {kx,ky)."
C0697,"C Are 
A",,Component,"The coordinates of AA'B'C are  A'(6, 3),5'(15,3) and C(9, 18).",Chapter 6,7.6 Similarity Transformations,127,810a1d7aa46f426db9e98f48ab01df3b,"The coordinates of AA'B'C are  A'(6, 3),5'(15,3) and C(9, 18)."
C0698,Revisited Answers,,Component,Revisited Answers to this project will vary depending on what you decide to draw.,Chapter 6,7.6 Similarity Transformations,128,2e45d595b6ba45d29e0efc4d8dc95cb0,Revisited Answers to this project will vary depending on what you decide to draw.
C0699,Step Problem Questions,,Component,"A(12,8),fl(-4,-16),C(0,10);Jfc= §  Multi-Step Problem Questions 21-24 build upon each other.",Chapter 6,7.6 Similarity Transformations,129,a1ce4b2bb6244108a73ff5264d198e5e,"A(12,8),fl(-4,-16),C(0,10);Jfc= §  Multi-Step Problem Questions 21-24 build upon each other."
C0700,LMNO,,Component,LMNO is exactly half of EFGH,Chapter 6,7.6 Similarity Transformations,129,1e9d319d57a14585978853b90cef0a4c,"Yes, LMNO ~ EFGH because LMNO is exactly half of EFGH."
C0701,Stage 0,,Component,The first level is called Stage 0.,Chapter 6,7.7 Extension : Self-Similarity,129,25e8e0fb085b49a889efc8d532a08b13,The first level is called Stage 0.
C0702,Sierpinski Triangle,,Component,363 www.ckl2.org  Sierpinski Triangle  The Sierpinski triangle iterates a triangle by connecting the midpoints of the sides and shading the central  triangle (Stage 1).,Chapter 6,7.7 Extension : Self-Similarity,129,25e8e0fb085b49a889efc8d532a08b13,363 www.ckl2.org  Sierpinski Triangle  The Sierpinski triangle iterates a triangle by connecting the midpoints of the sides and shading the central  triangle (Stage 1).
C0703,Iteration,,Formula,"Typically, each step of repetition is called an  iteration.",Chapter 6,7.7 Extension : Self-Similarity,129,25e8e0fb085b49a889efc8d532a08b13,"Typically, each step of repetition is called an  iteration."
C0704,For Example,,Component,"For Example, Stage 4 would equal 9 + 13 shaded triangles.",Chapter 6,7.7 Extension : Self-Similarity,129,0c9c9c44568d45f1b97b51cbcc08b216,"For Example, Stage 4 would equal 9 + 13 shaded triangles."
C0705,Segments Length,,Component,Table 7.6:  Number of Segments Length of each Seg- Total Length of the  ment Segments  1 1  1 2  I I  9 9  Stage  1  Stage 1  2  Stage 2  4  Stage 3  Stage 4  Stage 5  3.,Chapter 6,7.7 Extension : Self-Similarity,129,63c5e8c6dc5a4d9a95f824f37cf8db28,Table 7.6:  Number of Segments Length of each Seg- Total Length of the  ment Segments  1 1  1 2  I I  9 9  Stage  1  Stage 1  2  Stage 2  4  Stage 3  Stage 4  Stage 5  3.
C0706,Cantor Set,,Component,Cantor Set is other fractal that consists of dividing a segment into thirds and then erasing the middle  third,Chapter 6,7.7 Extension : Self-Similarity,129,63c5e8c6dc5a4d9a95f824f37cf8db28,Table 7.5:  Stage  Stage 1  Stage 2  Number of Edges 3  Edge Length 1  Perimeter 3  12  i  3  4  48  l  9  f = 5.3  The Cantor Set  The Cantor set is another fractal that consists of dividing a segment into thirds and then erasing the middle  third.
C0707,Draw Stage,,Component,Draw Stage 4 of the Cantor set.,Chapter 6,7.7 Extension : Self-Similarity,129,63c5e8c6dc5a4d9a95f824f37cf8db28,Draw Stage 4 of the Cantor set.
C0708,Edge Length,,Component,Table 7.5:  Stage  Stage 1  Stage 2  Number of Edges 3  Edge Length 1  Perimeter 3  12  i  3  4  48  l  9  f = 5.3  The Cantor Set  The Cantor set is another fractal that consists of dividing a segment into thirds and then erasing the middle  third.,Chapter 6,7.7 Extension : Self-Similarity,129,63c5e8c6dc5a4d9a95f824f37cf8db28,Table 7.5:  Stage  Stage 1  Stage 2  Number of Edges 3  Edge Length 1  Perimeter 3  12  i  3  4  48  l  9  f = 5.3  The Cantor Set  The Cantor set is another fractal that consists of dividing a segment into thirds and then erasing the middle  third.
C0709,Total Length,,Component,Table 7.6:  Number of Segments Length of each Seg- Total Length of the  ment Segments  1 1  1 2  I I  9 9  Stage  1  Stage 1  2  Stage 2  4  Stage 3  Stage 4  Stage 5  3.,Chapter 6,7.7 Extension : Self-Similarity,129,63c5e8c6dc5a4d9a95f824f37cf8db28,Table 7.6:  Number of Segments Length of each Seg- Total Length of the  ment Segments  1 1  1 2  I I  9 9  Stage  1  Stage 1  2  Stage 2  4  Stage 3  Stage 4  Stage 5  3.
C0710,Proportionality Relationships,,Component,,Chapter 6,7.8 Chapter 7 Review,130,2dc2bb43505a48bbbea5f6e17b3735cd,
C0711,Reducing Radicals,,Component,Learning Objectives  • Review simplifying and reducing radicals.,Chapter 8,8.1 The Pythagorean Theorem,131,07516dacd9ce47dfb9e6154e8e1eaa36,Learning Objectives  • Review simplifying and reducing radicals.
C0712,High Definition Televisions,,Component,High Definition Televisions (HDTVs) have  sides in a ratio of 16:9.,Chapter 8,8.1 The Pythagorean Theorem,131,07516dacd9ce47dfb9e6154e8e1eaa36,High Definition Televisions (HDTVs) have  sides in a ratio of 16:9.
C0713,HDTV,,Component,"Revisited To find the length and width of a 52"" HDTV, plug in the ratios and 52 into  the Pythagorean Theorem.",Chapter 8,8.1 The Pythagorean Theorem,133,9e75f30180554d4f90fa8a1211de81b8,"Revisited To find the length and width of a 52"" HDTV, plug in the ratios and 52 into  the Pythagorean Theorem."
C0714,Divide,,Component,,Chapter 8,8.1 The Pythagorean Theorem,132,9cc2aff443a1473e9486b31308502e79,
C0715,You Can Prove,,Component,"For two more proofs, go to: http://www.mathsisfun.com/pythagoras.html and scroll down to ""And  You Can Prove the Theorem Yourself.""  Using the Pythagorean Theorem  Here are several examples of the Pythagorean Theorem in action.",Chapter 8,8.1 The Pythagorean Theorem,132,36664be2c37844cf8b13cc2953974b4e,"For two more proofs, go to: http://www.mathsisfun.com/pythagoras.html and scroll down to ""And  You Can Prove the Theorem Yourself.""  Using the Pythagorean Theorem  Here are several examples of the Pythagorean Theorem in action."
C0716,Theorem Yourself,,Formula,"For two more proofs, go to: http://www.mathsisfun.com/pythagoras.html and scroll down to ""And  You Can Prove the Theorem Yourself.""  Using the Pythagorean Theorem  Here are several examples of the Pythagorean Theorem in action.",Chapter 8,8.1 The Pythagorean Theorem,132,36664be2c37844cf8b13cc2953974b4e,"For two more proofs, go to: http://www.mathsisfun.com/pythagoras.html and scroll down to ""And  You Can Prove the Theorem Yourself.""  Using the Pythagorean Theorem  Here are several examples of the Pythagorean Theorem in action."
C0717,Pythagorean Triples,Pythagorean Triple,Component,"10 2 + 16 2 = d 2  100 + 256 = d 2  356 = d 2  d= V356 = 2V89« 18.87  Pythagorean Triples  In Example 5, the sides of the triangle were 8, 15, and 17.",Chapter 8,8.1 The Pythagorean Theorem,133,5119f5ade215499c85f41815f0a3c56d,"10 2 + 16 2 = d 2  100 + 256 = d 2  356 = d 2  d= V356 = 2V89« 18.87  Pythagorean Triples  In Example 5, the sides of the triangle were 8, 15, and 17."
C0718,Challenge An,,Component,Challenge An equilateral triangle is an isosceles triangle.,Chapter 8,8.1 The Pythagorean Theorem,134,8ddae88a500e46b59afe01bd6366612e,Challenge An equilateral triangle is an isosceles triangle.
C0719,Prime Factorization,,Component,Prime Factorization of 75: 3-5-5,Chapter 8,8.1 The Pythagorean Theorem,134,8ddae88a500e46b59afe01bd6366612e,Prime Factorization of 75: 3-5-5
C0720,Pythagorean Theorem Converse,,Formula,"381  www.ckl2.org  Converse of the Pythagorean Theorem  Pythagorean Theorem Converse: If the square of the longest side of a triangle is equal to the sum of  the squares of the other two sides, then the triangle is a right triangle.",Chapter 8,8.2 Converse of the Pythagorean Theorem,134,68f45000426a480da64aebbdad664f3c,"381  www.ckl2.org  Converse of the Pythagorean Theorem  Pythagorean Theorem Converse: If the square of the longest side of a triangle is equal to the sum of  the squares of the other two sides, then the triangle is a right triangle."
C0721,Identifying Acute,,Component,Identifying Acute and Obtuse Triangles  We can extend the converse of the Pythagorean Theorem to determine if a triangle is an obtuse or acute  triangle.,Chapter 8,8.2 Converse of the Pythagorean Theorem,135,55721c901bc94a0d9871f2a9cea95e66,Identifying Acute and Obtuse Triangles  We can extend the converse of the Pythagorean Theorem to determine if a triangle is an obtuse or acute  triangle.
C0722,Prism,,Component,Rectangular Prism 6  Octagonal Pyra-  mid  Regular Icosahe- 20  dron  Cube  Triangular Pyra- 4  mid  Octahedron 8  Heptagonal Prism  Triangular Prism 5  12  16  12  12  21  9  9  12  14  Determine if the following figures are polyhedra.,Chapter 11,11.1 Exploring Solids,182,d9c500384afa4523b61d2183ed63b0d7,Rectangular Prism 6  Octagonal Pyra-  mid  Regular Icosahe- 20  dron  Cube  Triangular Pyra- 4  mid  Octahedron 8  Heptagonal Prism  Triangular Prism 5  12  16  12  12  21  9  9  12  14  Determine if the following figures are polyhedra.
C0723,Inscribed Similar Triangles,,Component,"Inscribed Similar Triangles  You may recall that if two objects are similar, corresponding angles are congruent and their sides are  proportional in length.",Chapter 8,8.3 Using Similar Right Triangles,136,2e83bc8b4d5b4e93ac9709f9c08149c7,"Inscribed Similar Triangles  You may recall that if two objects are similar, corresponding angles are congruent and their sides are  proportional in length."
C0724,Truss Bridge,,Component,The bridge to the right is called a truss bridge.,Chapter 8,8.3 Using Similar Right Triangles,136,2e83bc8b4d5b4e93ac9709f9c08149c7,The bridge to the right is called a truss bridge.
C0725,ACDA,,Component,"In AADB,mlA = 90° and AC±DB, then AADB ~ ACDA ~ ACAB.",Chapter 8,8.3 Using Similar Right Triangles,136,570d40bfc472493090093b0d7f4a13e9,"In AADB,mlA = 90° and AC±DB, then AADB ~ ACDA ~ ACAB."
C0726,AIRE,,Component,"387  www.ckl2.org  ""2 3<r  Line up the congruent angles: AIRE ~ AlTR ~ ARTE  We can also use the side proportions to find the length of the altitude.",Chapter 8,8.3 Using Similar Right Triangles,136,4d77b610487c4892b48167199556d347,"387  www.ckl2.org  ""2 3<r  Line up the congruent angles: AIRE ~ AlTR ~ ARTE  We can also use the side proportions to find the length of the altitude."
C0727,ARTE,,Component,"387  www.ckl2.org  ""2 3<r  Line up the congruent angles: AIRE ~ AlTR ~ ARTE  We can also use the side proportions to find the length of the altitude.",Chapter 8,8.3 Using Similar Right Triangles,136,4d77b610487c4892b48167199556d347,"387  www.ckl2.org  ""2 3<r  Line up the congruent angles: AIRE ~ AlTR ~ ARTE  We can also use the side proportions to find the length of the altitude."
C0728,ADFG,,Component,shorter leg in AEDG hypotenuse in AEDG  shorter leg in ADFG hypotenuse in ADFG  6 _ 10  x ~ ~8  48 = lOx,Chapter 8,8.3 Using Similar Right Triangles,136,676b8963138c4acb81a8ca07dfe344d0,shorter leg in AEDG hypotenuse in AEDG  shorter leg in ADFG hypotenuse in ADFG  6 _ 10  x ~ ~8  48 = lOx
C0729,AEDG,,Component,shorter leg in AEDG hypotenuse in AEDG  shorter leg in ADFG hypotenuse in ADFG  6 _ 10  x ~ ~8  48 = lOx,Chapter 8,8.3 Using Similar Right Triangles,136,676b8963138c4acb81a8ca07dfe344d0,shorter leg in AEDG hypotenuse in AEDG  shorter leg in ADFG hypotenuse in ADFG  6 _ 10  x ~ ~8  48 = lOx
C0730,Geometric Mean,,Component,".,2 1 I a iFz\ A in2  ,2  r + (4VF) =20""  y z + 80 = 400  v 2 = 320  y = V320  8V5  The Geometric Mean  Geometric Mean: The geometric mean of two positive numbers a and b is the positive number x, such  that - = r or x 2 = ab and x = yab.",Chapter 8,4.8 = x,137,5beb07a8d2444ee9ab253abc02028b2f,".,2 1 I a iFz\ A in2  ,2  r + (4VF) =20""  y z + 80 = 400  v 2 = 320  y = V320  8V5  The Geometric Mean  Geometric Mean: The geometric mean of two positive numbers a and b is the positive number x, such  that - = r or x 2 = ab and x = yab."
C0731,ABAD,,Component,,Chapter 8,4.8 = x,138,7180d4368abf4baca96c9323704f01a4,
C0732,EIC,,Component,,Chapter 8,4.8 = x,138,7180d4368abf4baca96c9323704f01a4,
C0733,LACB,,Component,/.DC A and lACB are right angles  3.,Chapter 8,4.8 = x,138,4389e543cd034c92bb76111f6ded7d10,/.DC A and lACB are right angles  3.
C0734,IDCA,,Component,,Chapter 8,4.8 = x,138,4389e543cd034c92bb76111f6ded7d10,
C0735,Isosceles Right Triangles,Isosceles Right Triangle,Component,395  www.ckl2.org  Isosceles Right Triangles  There are two special right triangles.,Chapter 8,8.4 Special Right Triangles,138,131e1fc0800d4fd79fe352fa915f8246,395  www.ckl2.org  Isosceles Right Triangles  There are two special right triangles.
C0736,45-45-90 Triangle,,Component,This triangle is also  called a 45-45-90 triangle (after the angle measures).,Chapter 8,8.4 Special Right Triangles,138,131e1fc0800d4fd79fe352fa915f8246,This triangle is also  called a 45-45-90 triangle (after the angle measures).
C0737,Special Right Triangles,,Component,395  www.ckl2.org  Isosceles Right Triangles  There are two special right triangles.,Chapter 8,8.4 Special Right Triangles,138,131e1fc0800d4fd79fe352fa915f8246,395  www.ckl2.org  Isosceles Right Triangles  There are two special right triangles.
C0738,30-60-90 Triangle,,Component,"30-60-90 Triangles  The second special right triangle is called a 30-60-90 triangle, after the three angles.",Chapter 8,8.4 Special Right Triangles,139,a43868cdf2694d988b2cbed9853ec7d8,"30-60-90 Triangles  The second special right triangle is called a 30-60-90 triangle, after the three angles."
C0739,Challenge For,,Component,"Challenge For 24 and 25, find the value of y.",Chapter 8,8.4 Special Right Triangles,140,7bbc8028309f4a7aae89d18207f7931b,"Challenge For 24 and 25, find the value of y."
C0740,Tangent,Tangents,Component,"a) A radius  b) A chord  www.ckl2.org 428  c) A tangent line  d) A point of tangency  e) A diameter  f) A secant  Solution:  a) HA or AF  b) CD, HF, or DG  c) BJ  d) Point H  e) HF  f) BD  Coplanar Circles",Chapter 9,9.1 Parts of Circles & Tangent Lines,148,fbd799141f124091b9d02aae821e61b7,"a) A radius  b) A chord  www.ckl2.org 428  c) A tangent line  d) A point of tangency  e) A diameter  f) A secant  Solution:  a) HA or AF  b) CD, HF, or DG  c) BJ  d) Point H  e) HF  f) BD  Coplanar Circles"
C0741,Sine,,Component,"Examining Patterns Below is a table that shows the sine, cosine, and tangent values for eight different  angle measures.",Chapter 8,38.65980825 1,146,aac3e0279d344f4e88adafd0dcb8d780,"Examining Patterns Below is a table that shows the sine, cosine, and tangent values for eight different  angle measures."
C0742,Cosine Ratio,"Cosine Ratios, Sine Ratio",Formula,"For right triangle AABC, we have:  Sine Ratio:  opposite leg  hypotenuse  Cosine Ratio: a ?",Chapter 8,"8.5 Tangent, Sine and Cosine",141,6823043e78f349feb4644b7776c95bb6,"For right triangle AABC, we have:  Sine Ratio:  opposite leg  hypotenuse  Cosine Ratio: a ?"
C0743,Cosine,,Component,24 2 + AB 2 = 30 2  576 + AB 2 = 900  AB 2 = 324  AB = V324 = 18  24 4  sin B = — = -  30 5  sin -M = 53.1° =mlB  -'(I)  mlC: Use the inverse cosine ratio.,Chapter 8,38.65980825 1,144,7477d7201cc549b58fb4070711a59afe,24 2 + AB 2 = 30 2  576 + AB 2 = 900  AB 2 = 324  AB = V324 = 18  24 4  sin B = — = -  30 5  sin -M = 53.1° =mlB  -'(I)  mlC: Use the inverse cosine ratio.
C0744,Tangent Ratios,Tangent Ratio,Formula,"A  a is adjacent to LB  b is adjacent to LA  a is opposite LA  b is opposite LB  c is the hypotenuse  Sine, Cosine, and Tangent Ratios  The three basic trig ratios are called, sine, cosine and tangent.",Chapter 8,"8.5 Tangent, Sine and Cosine",141,6823043e78f349feb4644b7776c95bb6,"A  a is adjacent to LB  b is adjacent to LA  a is opposite LA  b is opposite LB  c is the hypotenuse  Sine, Cosine, and Tangent Ratios  The three basic trig ratios are called, sine, cosine and tangent."
C0745,Opposite Cosine,,Component,Sine = Opposite Cosine = Adjacent angent = pposite  Hypotenuse Hypotenuse djacent,Chapter 8,"8.5 Tangent, Sine and Cosine",141,4ab4414e60d940978a89f9e6331318f7,Sine = Opposite Cosine = Adjacent angent = pposite  Hypotenuse Hypotenuse djacent
C0746,Hypotenuse Hypotenuse,,Component,Sine = Opposite Cosine = Adjacent angent = pposite  Hypotenuse Hypotenuse djacent,Chapter 8,"8.5 Tangent, Sine and Cosine",141,4ab4414e60d940978a89f9e6331318f7,Sine = Opposite Cosine = Adjacent angent = pposite  Hypotenuse Hypotenuse djacent
C0747,COS,,Component,"sin  -i  mlB  sm  ""(;)  ml A  Inverse Cosine: Labeled cos  -i  cos  ""(f)  mlB  cos | — | = mlA  In order to find the measure of the angles, you will need you use your calculator.",Chapter 8,8.6 Inverse Trigonometric Ratios,144,4ab1985239b546b1b372aada33714027,"sin  -i  mlB  sm  ""(;)  ml A  Inverse Cosine: Labeled cos  -i  cos  ""(f)  mlB  cos | — | = mlA  In order to find the measure of the angles, you will need you use your calculator."
C0748,SIN,,Component,tan 1 1 - I = mlB  tan 1 1 - I = mlA  Inverse Sine: Labeled sin 1 .,Chapter 8,8.6 Inverse Trigonometric Ratios,144,4ab1985239b546b1b372aada33714027,tan 1 1 - I = mlB  tan 1 1 - I = mlA  Inverse Sine: Labeled sin 1 .
C0749,TAN,,Component,5 1  COS5= 15 = 3  10 V2 1-  tan B = = 2 V2  www.ckl2.org  406  Solution: This is a 30-60-90 triangle.,Chapter 8,"8.5 Tangent, Sine and Cosine",142,51a73c495f05412b9bd2721cf281eb79,5 1  COS5= 15 = 3  10 V2 1-  tan B = = 2 V2  www.ckl2.org  406  Solution: This is a 30-60-90 triangle.
C0750,Trig Ratios,,Formula,a) sin 78° = 0.9781  b) cos 60° = 0.5  c) tan 15° = 0.2679  Finding the Sides of a Triangle using Trig Ratios  One application of the trigonometric ratios is to use them to find the missing sides of a right triangle.,Chapter 8,"8.5 Tangent, Sine and Cosine",142,4c3c1c86786e4b2ea2236e0844622713,a) sin 78° = 0.9781  b) cos 60° = 0.5  c) tan 15° = 0.2679  Finding the Sides of a Triangle using Trig Ratios  One application of the trigonometric ratios is to use them to find the missing sides of a right triangle.
C0751,Eye Height,,Component,"If her ""eye height"" is 5 ft, how tall is the monument?",Chapter 8,"8.5 Tangent, Sine and Cosine",142,ed7a26390da144a3bb16f24406251586,"If her ""eye height"" is 5 ft, how tall is the monument?"
C0752,Washington Monument,,Component,"www.ckl2.org 408  tan 87.4° = —  25  h = 25 • tan 87.4°  550.54  Adding 5 ft, the total height of the Washington Monument is 555.54 ft.",Chapter 8,"8.5 Tangent, Sine and Cosine",143,660baa86aeca4d0ea261559f44714785,"www.ckl2.org 408  tan 87.4° = —  25  h = 25 • tan 87.4°  550.54  Adding 5 ft, the total height of the Washington Monument is 555.54 ft."
C0753,Leans,,Component,"The Leaning Tower of Piza currently ""leans"" at a 4° angle and has a vertical height of 55.86 meters.",Chapter 8,"8.5 Tangent, Sine and Cosine",143,fc9f1c1bf67842a685e2eca05051883d,"The Leaning Tower of Piza currently ""leans"" at a 4° angle and has a vertical height of 55.86 meters."
C0754,Inverse Tangent,,Component,"Inverse Tangent: Labeled tan -1 , the ""-1"" means inverse.",Chapter 8,8.6 Inverse Trigonometric Ratios,144,4ab1985239b546b1b372aada33714027,"Inverse Tangent: Labeled tan -1 , the ""-1"" means inverse."
C0755,Inverse Cosine,Inverse Sine,Component,"sin  -i  mlB  sm  ""(;)  ml A  Inverse Cosine: Labeled cos  -i  cos  ""(f)  mlB  cos | — | = mlA  In order to find the measure of the angles, you will need you use your calculator.",Chapter 8,8.6 Inverse Trigonometric Ratios,144,4ab1985239b546b1b372aada33714027,"sin  -i  mlB  sm  ""(;)  ml A  Inverse Cosine: Labeled cos  -i  cos  ""(f)  mlB  cos | — | = mlA  In order to find the measure of the angles, you will need you use your calculator."
C0756,Inverse Trigonometric Ratios,,Formula,Learning Objectives  • Use the inverse trigonometric ratios to find an angle in a right triangle.,Chapter 8,8.6 Inverse Trigonometric Ratios,144,4ab1985239b546b1b372aada33714027,Learning Objectives  • Use the inverse trigonometric ratios to find an angle in a right triangle.
C0757,Inverse Trigonometric,,Component,Learning Objectives  • Use the inverse trigonometric ratios to find an angle in a right triangle.,Chapter 8,8.6 Inverse Trigonometric Ratios,144,4ab1985239b546b1b372aada33714027,Learning Objectives  • Use the inverse trigonometric ratios to find an angle in a right triangle.
C0758,Wheaton Metro Station,,Component,The longest escalator in North America is at the Wheaton Metro Station in Maryland.,Chapter 8,8.6 Inverse Trigonometric Ratios,144,4ab1985239b546b1b372aada33714027,The longest escalator in North America is at the Wheaton Metro Station in Maryland.
C0759,North America,,Component,North America is t the Wheaton Metro Station in Maryland,Chapter 8,8.6 Inverse Trigonometric Ratios,144,4ab1985239b546b1b372aada33714027,The longest escalator in North America is at the Wheaton Metro Station in Maryland.
C0760,ENTER,,Component,"If you are using a TI-83 or 84, the keystrokes would be: [2 nd ] [TAN](f ) [ENTER] and the screen looks like:  ftanWS) 1",Chapter 8,8.6 Inverse Trigonometric Ratios,144,55213976e4a54a57ba431a3b6cec245d,"If you are using a TI-83 or 84, the keystrokes would be: [2 nd ] [TAN](f ) [ENTER] and the screen looks like:  ftanWS) 1"
C0761,Solving Triangles,,Component,,Chapter 8,38.65980825 1,144,f403df1b17bc4d61b6ff776ace079390,
C0762,Life Situations,Life Situations Use,Component,"Trigonometric Ratios  tan 45°  BC  15_  BC  15  tan 45°  15  sin45 c  AC  15_  AC  15  sin 45°  21.21  45-45-90 Triangle Ratios  Real-Life Situations  BC = AB = 15, AC = 15 V2 » 21.21",Chapter 8,38.65980825 1,144,5dddbec0d70141149b8f652d4a9e6ef9,"Trigonometric Ratios  tan 45°  BC  15_  BC  15  tan 45°  15  sin45 c  AC  15_  AC  15  sin 45°  21.21  45-45-90 Triangle Ratios  Real-Life Situations  BC = AB = 15, AC = 15 V2 » 21.21"
C0763,Trigonometric Ratios,,Formula,You  can use the trigonometric ratios or the special right triangle ratios.,Chapter 8,38.65980825 1,144,5dddbec0d70141149b8f652d4a9e6ef9,You  can use the trigonometric ratios or the special right triangle ratios.
C0764,Triangle Ratios,,Formula,You  can use the trigonometric ratios or the special right triangle ratios.,Chapter 8,38.65980825 1,144,5dddbec0d70141149b8f652d4a9e6ef9,You  can use the trigonometric ratios or the special right triangle ratios.
C0765,If Molly,,Component,"If Molly is 35 feet  away from the base of the building, what is the angle of depression from Elise to Molly",Chapter 8,38.65980825 1,145,4d6b9afc2b37464b901c3a8e67265182,"If Molly is 35 feet  away from the base of the building, what is the angle of depression from Elise to Molly?"
C0766,Examining Patterns Below,,Component,"Examining Patterns Below is table that shows the sine, cosine, and tangent values for eight different  angle measures",Chapter 8,38.65980825 1,146,aac3e0279d344f4e88adafd0dcb8d780,"Examining Patterns Below is a table that shows the sine, cosine, and tangent values for eight different  angle measures."
C0767,Isosceles Right,,Component,,Chapter 8,8.7 Chapter 8 Review,146,e9f6e2dea2ea4017a58dccded1e5ac3c,
C0768,Similar Right Triangles,,Component,,Chapter 8,8.7 Chapter 8 Review,146,e9f6e2dea2ea4017a58dccded1e5ac3c,
C0769,Solving Right Triangles,,Component,,Chapter 8,8.7 Chapter 8 Review,146,e9f6e2dea2ea4017a58dccded1e5ac3c,
C0770,Ancient Time,,Component,"It has a large background  circle that tells the local time and the ""ancient time"" and the smaller circle rotates to show the current  astrological sign.",Chapter 9,9.1 Parts of Circles & Tangent Lines,147,b3734ccabdd94004aad263841d9f31e0,"It has a large background  circle that tells the local time and the ""ancient time"" and the smaller circle rotates to show the current  astrological sign."
C0771,Defining Terms,,Component,,Chapter 9,9.1 Parts of Circles & Tangent Lines,147,cfbe71513a834f96b1309ec731706722,
C0772,Center,,Component,"Circle: The set of all points that are the same distance away from a specific point, called the center.",Chapter 9,9.1 Parts of Circles & Tangent Lines,148,c69525798e6248f389339da048f08d5c,"Circle: The set of all points that are the same distance away from a specific point, called the center."
C0773,Secant,,Component,Center  Chord  Secant  Point of Tangency  Homework:  2 nd Section: Properties of Arcs  Central Angle  £  Arc  Semicircle  Minor Arc  Major Arc  Congruent Arcs  Arc Addition Postulate  Homework:  3 rd Section: Properties of Chords,Chapter 9,9.9 Study Guide,165,997e5dea7eec457ab14b180f2a633e33,Center  Chord  Secant  Point of Tangency  Homework:  2 nd Section: Properties of Arcs  Central Angle  £  Arc  Semicircle  Minor Arc  Major Arc  Congruent Arcs  Arc Addition Postulate  Homework:  3 rd Section: Properties of Chords
C0774,Chord,,Component,Center  Chord  Secant  Point of Tangency  Homework:  2 nd Section: Properties of Arcs  Central Angle  £  Arc  Semicircle  Minor Arc  Major Arc  Congruent Arcs  Arc Addition Postulate  Homework:  3 rd Section: Properties of Chords,Chapter 9,9.9 Study Guide,165,997e5dea7eec457ab14b180f2a633e33,Center  Chord  Secant  Point of Tangency  Homework:  2 nd Section: Properties of Arcs  Central Angle  £  Arc  Semicircle  Minor Arc  Major Arc  Congruent Arcs  Arc Addition Postulate  Homework:  3 rd Section: Properties of Chords
C0775,Diameter,,Component,"a) A radius  b) A chord  www.ckl2.org 428  c) A tangent line  d) A point of tangency  e) A diameter  f) A secant  Solution:  a) HA or AF  b) CD, HF, or DG  c) BJ  d) Point H  e) HF  f) BD  Coplanar Circles",Chapter 9,9.1 Parts of Circles & Tangent Lines,148,fbd799141f124091b9d02aae821e61b7,"a) A radius  b) A chord  www.ckl2.org 428  c) A tangent line  d) A point of tangency  e) A diameter  f) A secant  Solution:  a) HA or AF  b) CD, HF, or DG  c) BJ  d) Point H  e) HF  f) BD  Coplanar Circles"
C0776,Radius,,Component,"a) A radius  b) A chord  www.ckl2.org 428  c) A tangent line  d) A point of tangency  e) A diameter  f) A secant  Solution:  a) HA or AF  b) CD, HF, or DG  c) BJ  d) Point H  e) HF  f) BD  Coplanar Circles",Chapter 9,9.1 Parts of Circles & Tangent Lines,148,fbd799141f124091b9d02aae821e61b7,"a) A radius  b) A chord  www.ckl2.org 428  c) A tangent line  d) A point of tangency  e) A diameter  f) A secant  Solution:  a) HA or AF  b) CD, HF, or DG  c) BJ  d) Point H  e) HF  f) BD  Coplanar Circles"
C0777,Coplanar Circles,,Component,"a) A radius  b) A chord  www.ckl2.org 428  c) A tangent line  d) A point of tangency  e) A diameter  f) A secant  Solution:  a) HA or AF  b) CD, HF, or DG  c) BJ  d) Point H  e) HF  f) BD  Coplanar Circles",Chapter 9,9.1 Parts of Circles & Tangent Lines,148,fbd799141f124091b9d02aae821e61b7,"a) A radius  b) A chord  www.ckl2.org 428  c) A tangent line  d) A point of tangency  e) A diameter  f) A secant  Solution:  a) HA or AF  b) CD, HF, or DG  c) BJ  d) Point H  e) HF  f) BD  Coplanar Circles"
C0778,Congruent Circles,,Component,"tangent circles concentric circles congruent circles  Concentric Circles: When two circles have the same center, but different radii.",Chapter 9,9.1 Parts of Circles & Tangent Lines,148,9e96a9d090ac4303b64733678d27dc1f,"tangent circles concentric circles congruent circles  Concentric Circles: When two circles have the same center, but different radii."
C0779,Common Internal Tangent,Common External Tangent,Component,Common Internal Tangent  Common External Tangent  Tangents and Radii  Let's investigate a tangent line and the radius drawn to the point of tangency.,Chapter 9,9.1 Parts of Circles & Tangent Lines,149,f490c09b1da8433eb3a17a87630374e1,Common Internal Tangent  Common External Tangent  Tangents and Radii  Let's investigate a tangent line and the radius drawn to the point of tangency.
C0780,Tangent Circles,,Component,Solution:  no points of  intersection  one point of  intersection  two points of  intersection  Tangent Circles: When two circles intersect at one point.,Chapter 9,9.1 Parts of Circles & Tangent Lines,148,9e96a9d090ac4303b64733678d27dc1f,Solution:  no points of  intersection  one point of  intersection  two points of  intersection  Tangent Circles: When two circles intersect at one point.
C0781,Internally Tangent Circles,Externally Tangent Circles,Component,Internally Tangent Circles: When two circles are tangent and one is inside the other.,Chapter 9,9.1 Parts of Circles & Tangent Lines,148,9e96a9d090ac4303b64733678d27dc1f,Internally Tangent Circles: When two circles are tangent and one is inside the other.
C0782,Internally Tangent,Externally Tangent,Component,"Internally & Externally Tangent  If two circles are tangent to each other, then they are internally or externally tangent.",Chapter 9,9.1 Parts of Circles & Tangent Lines,148,9e96a9d090ac4303b64733678d27dc1f,"Internally & Externally Tangent  If two circles are tangent to each other, then they are internally or externally tangent."
C0783,Common Tangent,,Component,"Internally Tangent  Externally Tangent  If circles are not tangent, they can still share a tangent line, called a common tangent.",Chapter 9,9.1 Parts of Circles & Tangent Lines,148,9e96a9d090ac4303b64733678d27dc1f,"Internally Tangent  Externally Tangent  If circles are not tangent, they can still share a tangent line, called a common tangent."
C0784,Concentric,,Component,"tangent circles concentric circles congruent circles  Concentric Circles: When two circles have the same center, but different radii.",Chapter 9,9.1 Parts of Circles & Tangent Lines,148,9e96a9d090ac4303b64733678d27dc1f,"tangent circles concentric circles congruent circles  Concentric Circles: When two circles have the same center, but different radii."
C0785,Concentric Circles,,Component,"tangent circles concentric circles congruent circles  Concentric Circles: When two circles have the same center, but different radii.",Chapter 9,9.1 Parts of Circles & Tangent Lines,148,9e96a9d090ac4303b64733678d27dc1f,"tangent circles concentric circles congruent circles  Concentric Circles: When two circles have the same center, but different radii."
C0786,Circle Theorem,,Formula,Tangent to a Circle Theorem: A line is tangent to a circle if and only if the line is perpendicular to  the radius drawn to the point of tangency.,Chapter 9,9.1 Parts of Circles & Tangent Lines,149,f490c09b1da8433eb3a17a87630374e1,Tangent to a Circle Theorem: A line is tangent to a circle if and only if the line is perpendicular to  the radius drawn to the point of tangency.
C0787,Tangent Line,Tangent Lines,Component,Common Internal Tangent  Common External Tangent  Tangents and Radii  Let's investigate a tangent line and the radius drawn to the point of tangency.,Chapter 9,9.1 Parts of Circles & Tangent Lines,149,f490c09b1da8433eb3a17a87630374e1,Common Internal Tangent  Common External Tangent  Tangents and Radii  Let's investigate a tangent line and the radius drawn to the point of tangency.
C0788,Radius Property,,Component,"Investigation 9-1: Tangent Line and Radius Property  Tools Needed: compass, ruler, pencil, paper, protractor  1.",Chapter 9,9.1 Parts of Circles & Tangent Lines,149,f490c09b1da8433eb3a17a87630374e1,"Investigation 9-1: Tangent Line and Radius Property  Tools Needed: compass, ruler, pencil, paper, protractor  1."
C0789,Tangent Segments,,Component,5 2 + 55 2 = AC 2  25 + 3025 = AC 2  3050 = AC 2  AC = V3050 = 5 Vl22  D 55  Tangent Segments,Chapter 9,9.1 Parts of Circles & Tangent Lines,149,9c91ccbbcd6f413eae2f71dc6684ce28,5 2 + 55 2 = AC 2  25 + 3025 = AC 2  3050 = AC 2  AC = V3050 = 5 Vl22  D 55  Tangent Segments
C0790,EDCB,,Component,"Draw in BE, so EDCB is a rectangle.",Chapter 9,9.1 Parts of Circles & Tangent Lines,149,9c91ccbbcd6f413eae2f71dc6684ce28,"Draw in BE, so EDCB is a rectangle."
C0791,Moon,,Component,"The ""moon"" hand  is a diameter of the larger circle, but a secant of the smaller circle.",Chapter 9,9.1 Parts of Circles & Tangent Lines,149,543d8351d53b4a39bf5cace579d9226c,"The ""moon"" hand  is a diameter of the larger circle, but a secant of the smaller circle."
C0792,ABED,,Component,,Chapter 9,9.1 Parts of Circles & Tangent Lines,150,b3396da3712e4cc1a4486c2451f0936d,
C0793,BDFH,,Component,What type of quadrilateral is BDFH?,Chapter 9,9.1 Parts of Circles & Tangent Lines,150,b3396da3712e4cc1a4486c2451f0936d,What type of quadrilateral is BDFH?
C0794,AAEC,,Component,,Chapter 9,9.1 Parts of Circles & Tangent Lines,150,b3396da3712e4cc1a4486c2451f0936d,
C0795,Central Angle,Central Angles,Component,Center  Chord  Secant  Point of Tangency  Homework:  2 nd Section: Properties of Arcs  Central Angle  £  Arc  Semicircle  Minor Arc  Major Arc  Congruent Arcs  Arc Addition Postulate  Homework:  3 rd Section: Properties of Chords,Chapter 9,9.9 Study Guide,165,997e5dea7eec457ab14b180f2a633e33,Center  Chord  Secant  Point of Tangency  Homework:  2 nd Section: Properties of Arcs  Central Angle  £  Arc  Semicircle  Minor Arc  Major Arc  Congruent Arcs  Arc Addition Postulate  Homework:  3 rd Section: Properties of Chords
C0796,EHG,,Component,EHG and EJG are semicircles mEHG = 180°  Central Angle: The angle formed by two radii and its vertex at the center of the circle.,Chapter 9,9.2 Properties of Arcs,151,43361012ab57417b8e7418a44a0fd7fe,EHG and EJG are semicircles mEHG = 180°  Central Angle: The angle formed by two radii and its vertex at the center of the circle.
C0797,Minor Arc,,Component,Center  Chord  Secant  Point of Tangency  Homework:  2 nd Section: Properties of Arcs  Central Angle  £  Arc  Semicircle  Minor Arc  Major Arc  Congruent Arcs  Arc Addition Postulate  Homework:  3 rd Section: Properties of Chords,Chapter 9,9.9 Study Guide,165,997e5dea7eec457ab14b180f2a633e33,Center  Chord  Secant  Point of Tangency  Homework:  2 nd Section: Properties of Arcs  Central Angle  £  Arc  Semicircle  Minor Arc  Major Arc  Congruent Arcs  Arc Addition Postulate  Homework:  3 rd Section: Properties of Chords
C0798,BDC,,Component,,Chapter 9,9.2 Properties of Arcs,151,43361012ab57417b8e7418a44a0fd7fe,
C0799,EJG,,Component,EJG is semicircles mEHG = 180°  Central Angle: The angle formed by two radii and its vertex at the center of the circle,Chapter 9,9.2 Properties of Arcs,151,43361012ab57417b8e7418a44a0fd7fe,EHG and EJG are semicircles mEHG = 180°  Central Angle: The angle formed by two radii and its vertex at the center of the circle.
C0800,Major Arc,,Component,Center  Chord  Secant  Point of Tangency  Homework:  2 nd Section: Properties of Arcs  Central Angle  £  Arc  Semicircle  Minor Arc  Major Arc  Congruent Arcs  Arc Addition Postulate  Homework:  3 rd Section: Properties of Chords,Chapter 9,9.9 Study Guide,165,997e5dea7eec457ab14b180f2a633e33,Center  Chord  Secant  Point of Tangency  Homework:  2 nd Section: Properties of Arcs  Central Angle  £  Arc  Semicircle  Minor Arc  Major Arc  Congruent Arcs  Arc Addition Postulate  Homework:  3 rd Section: Properties of Chords
C0801,LACE,,Component,IDCB = LACE because they are also vertical  angles.,Chapter 9,9.2 Properties of Arcs,151,dac2485ff3c64d6ba36ed7f8a7078818,IDCB = LACE because they are also vertical  angles.
C0802,Congruent Arcs,,Component,Center  Chord  Secant  Point of Tangency  Homework:  2 nd Section: Properties of Arcs  Central Angle  £  Arc  Semicircle  Minor Arc  Major Arc  Congruent Arcs  Arc Addition Postulate  Homework:  3 rd Section: Properties of Chords,Chapter 9,9.9 Study Guide,165,997e5dea7eec457ab14b180f2a633e33,Center  Chord  Secant  Point of Tangency  Homework:  2 nd Section: Properties of Arcs  Central Angle  £  Arc  Semicircle  Minor Arc  Major Arc  Congruent Arcs  Arc Addition Postulate  Homework:  3 rd Section: Properties of Chords
C0803,Arc Addition Postulate,,Formula,Center  Chord  Secant  Point of Tangency  Homework:  2 nd Section: Properties of Arcs  Central Angle  £  Arc  Semicircle  Minor Arc  Major Arc  Congruent Arcs  Arc Addition Postulate  Homework:  3 rd Section: Properties of Chords,Chapter 9,9.9 Study Guide,165,997e5dea7eec457ab14b180f2a633e33,Center  Chord  Secant  Point of Tangency  Homework:  2 nd Section: Properties of Arcs  Central Angle  £  Arc  Semicircle  Minor Arc  Major Arc  Congruent Arcs  Arc Addition Postulate  Homework:  3 rd Section: Properties of Chords
C0804,Arc Addition,,Component,"Arc Addition Postulate  Just like the Angle Addition Postulate and the Segment Addition Postulate, there is an Arc Addition  Postulate.",Chapter 9,9.2 Properties of Arcs,152,c2dbdbdf8a30429e8a20fc4e7237bb6b,"Arc Addition Postulate  Just like the Angle Addition Postulate and the Segment Addition Postulate, there is an Arc Addition  Postulate."
C0805,Revisited Because,,Component,"Revisited Because the seats are 20° apart, there will be ^|p-  to have the seats evenly spaced for the balance of the Ferris wheel.",Chapter 9,9.2 Properties of Arcs,152,68450838d0864d068d9668503785bcda,"Revisited Because the seats are 20° apart, there will be ^|p-  to have the seats evenly spaced for the balance of the Ferris wheel."
C0806,BCE,,Component,,Chapter 9,9.2 Properties of Arcs,152,1303ae400d4a4261924ee0a2c7d9ccd4,
C0807,EAB,,Component,CAE  ABC  EAB  v\\  .ckl2.or  444  7.,Chapter 9,9.2 Properties of Arcs,152,1303ae400d4a4261924ee0a2c7d9ccd4,CAE  ABC  EAB  v\\  .ckl2.or  444  7.
C0808,DCF,,Component,,Chapter 9,9.2 Properties of Arcs,152,1303ae400d4a4261924ee0a2c7d9ccd4,
C0809,ABD,,Component,,Chapter 9,9.2 Properties of Arcs,152,1303ae400d4a4261924ee0a2c7d9ccd4,
C0810,Challenge What,,Component,Challenge What can you conclude about 0A and Q Bl  Review Queue Answers  1.,Chapter 9,9.2 Properties of Arcs,152,1303ae400d4a4261924ee0a2c7d9ccd4,Challenge What can you conclude about 0A and Q Bl  Review Queue Answers  1.
C0811,EDB,,Component,,Chapter 9,9.2 Properties of Arcs,152,1303ae400d4a4261924ee0a2c7d9ccd4,
C0812,GAB,,Component,,Chapter 9,9.2 Properties of Arcs,152,1303ae400d4a4261924ee0a2c7d9ccd4,
C0813,Gran Teatro Falla,,Component,"To the right is the Gran Teatro Falla, in Cadiz, Andalucia, Spain.",Chapter 9,9.3 Properties of Chords,153,dc759264548f44faa2124b2d27880455,"To the right is the Gran Teatro Falla, in Cadiz, Andalucia, Spain."
C0814,AADE,,Component,AADE is equilateral triangles in QA,Chapter 9,9.3 Properties of Chords,153,dc759264548f44faa2124b2d27880455,AABC and AADE are equilateral triangles in QA.
C0815,Congruent Chords,,Component,"(3jc-4)° = (5jc - 18)° y + 4 = 2y + l  14° = 2x 3 = y  7 = x  Equidistant Congruent Chords  Investigation 9-3: Properties of Congruent Chords  Tools Needed: pencil, paper, compass, ruler  1.",Chapter 9,9.3 Properties of Chords,154,1f82ed047fd643a5b85d841d4e24edd2,"(3jc-4)° = (5jc - 18)° y + 4 = 2y + l  14° = 2x 3 = y  7 = x  Equidistant Congruent Chords  Investigation 9-3: Properties of Congruent Chords  Tools Needed: pencil, paper, compass, ruler  1."
C0816,ABAE,,Component,"In the second circle, ABAE = ACAD by SAS.",Chapter 9,9.3 Properties of Chords,153,8a4ea4f6a7d64979863356e229b5564f,"In the second circle, ABAE = ACAD by SAS."
C0817,Equidistant Congruent Chords,,Component,"(3jc-4)° = (5jc - 18)° y + 4 = 2y + l  14° = 2x 3 = y  7 = x  Equidistant Congruent Chords  Investigation 9-3: Properties of Congruent Chords  Tools Needed: pencil, paper, compass, ruler  1.",Chapter 9,9.3 Properties of Chords,154,1f82ed047fd643a5b85d841d4e24edd2,"(3jc-4)° = (5jc - 18)° y + 4 = 2y + l  14° = 2x 3 = y  7 = x  Equidistant Congruent Chords  Investigation 9-3: Properties of Congruent Chords  Tools Needed: pencil, paper, compass, ruler  1."
C0818,IDGF,,Component,,Chapter 9,9.3 Properties of Chords,155,7037a03c3fb1435cbc56de4ca50094fd,
C0819,Intercepted Arc,,Component,inscribed  angle  intercepted  arc  Intercepted Arc: The arc that is inside the inscribed angle and endpoints are on the angle.,Chapter 9,9.4 Inscribed Angles,155,4cb3460758e9459a85138eb06e553939,inscribed  angle  intercepted  arc  Intercepted Arc: The arc that is inside the inscribed angle and endpoints are on the angle.
C0820,Inscribed Angles,Inscribed Angle,Component,mlDBA — -mAB  2  We now know that there are two types of angles that are half the measure of the intercepted arc; an  inscribed angle and an angle formed by a chord and a tangent.,Chapter 9,"9.5 Angles of Chords, Secants, and Tangents",158,f064a671b6964140951b8d0dc72d8770,mlDBA — -mAB  2  We now know that there are two types of angles that are half the measure of the intercepted arc; an  inscribed angle and an angle formed by a chord and a tangent.
C0821,White House,,Component,White House is walking trails on the far right,Chapter 9,9.4 Inscribed Angles,155,4cb3460758e9459a85138eb06e553939,The closest you can get to the White House are the walking trails on the far right.
C0822,Inscribed Angle Theorem,,Formula,459  www.ckl2.org  mlLAM =  mlNBP =  mlQCR =  mLM =  mNP =  mQR =  mlLKM -  mlNOP =  mlQSR =  Inscribed Angle Theorem: The measure of an inscribed angle is half the measure of its intercepted arc.,Chapter 9,9.4 Inscribed Angles,155,0500a5dc7bb149208f3e1f321718b635,459  www.ckl2.org  mlLAM =  mlNBP =  mlQCR =  mLM =  mNP =  mQR =  mlLKM -  mlNOP =  mlQSR =  Inscribed Angle Theorem: The measure of an inscribed angle is half the measure of its intercepted arc.
C0823,Inscribing Quadrilaterals,Inscribed Quadrilaterals,Component,"Investigation 9-5: Inscribing Quadrilaterals  Tools Needed: pencil, paper, compass, ruler, colored pencils, scissors  1.",Chapter 9,9.4 Inscribed Angles,156,5d3f794547b54baa8301c44dcde39692,"Investigation 9-5: Inscribing Quadrilaterals  Tools Needed: pencil, paper, compass, ruler, colored pencils, scissors  1."
C0824,Inscribed Polygon,,Component,Inscribed Quadrilaterals  Inscribed Polygon: A polygon where every vertex is on a circle.,Chapter 9,9.4 Inscribed Angles,156,5d3f794547b54baa8301c44dcde39692,Inscribed Quadrilaterals  Inscribed Polygon: A polygon where every vertex is on a circle.
C0825,UML,,Component,,Chapter 9,9.4 Inscribed Angles,157,dec957891b01478ba43af7a1a2deed50,
C0826,ICAB,,Component,,Chapter 9,"9.5 Angles of Chords, Secants, and Tangents",158,e9dd89a044ae42219fd5f6c62313a141,
C0827,ICAE,,Component,Draw central angles IDAB and ICAE.,Chapter 9,"9.5 Angles of Chords, Secants, and Tangents",158,f14cf94e46ca494495048e058298a010,Draw central angles IDAB and ICAE.
C0828,Use Theorem,,Formula,a)  m  m  1 / — — ~ N mSR + mTQ  lSVR= - [mSR + mTQ) = = mlTVQ  ISVT= 1 - (mST + mRQ) = m ^ + m ^ = m iRVQ  www.ckl2.org  472  107  Solution: Use Theorem 9-12 to write an equation.,Chapter 9,"9.5 Angles of Chords, Secants, and Tangents",159,7632b1df1cf64ba1b96c5acf1faa490a,a)  m  m  1 / — — ~ N mSR + mTQ  lSVR= - [mSR + mTQ) = = mlTVQ  ISVT= 1 - (mST + mRQ) = m ^ + m ^ = m iRVQ  www.ckl2.org  472  107  Solution: Use Theorem 9-12 to write an equation.
C0829,ISVT,,Component,a)  m  m  1 / — — ~ N mSR + mTQ  lSVR= - [mSR + mTQ) = = mlTVQ  ISVT= 1 - (mST + mRQ) = m ^ + m ^ = m iRVQ  www.ckl2.org  472  107  Solution: Use Theorem 9-12 to write an equation.,Chapter 9,"9.5 Angles of Chords, Secants, and Tangents",159,7632b1df1cf64ba1b96c5acf1faa490a,a)  m  m  1 / — — ~ N mSR + mTQ  lSVR= - [mSR + mTQ) = = mlTVQ  ISVT= 1 - (mST + mRQ) = m ^ + m ^ = m iRVQ  www.ckl2.org  472  107  Solution: Use Theorem 9-12 to write an equation.
C0830,Revisited From Theorem,,Formula,"Revisited From Theorem 9-13, we know x = — — » = -=- = 2°.",Chapter 9,"9.5 Angles of Chords, Secants, and Tangents",159,d68bad277df542928d9151945f536827,"Revisited From Theorem 9-13, we know x = — — » = -=- = 2°."
C0831,Challenge Solve,,Component,,Chapter 9,"9.5 Angles of Chords, Secants, and Tangents",160,7fa780d8d3f844afb3e967daf334eb31,
C0832,AAED,,Component,,Chapter 9,"9.6 Segments of Chords, Secants, and Tangents",160,d7399769c07d46cbb248f63536f4317d,
C0833,Cape Horn,,Component,"Drawing another line from the moon to Cape Horn we  see that Jakarta, Indonesia is collinear.",Chapter 9,"9.6 Segments of Chords, Secants, and Tangents",160,d7399769c07d46cbb248f63536f4317d,"Drawing another line from the moon to Cape Horn we  see that Jakarta, Indonesia is collinear."
C0834,Error Analysis Describe,,Component,Error Analysis Describe and correct the error in finding y.,Chapter 9,9.6 = x,162,bde9024b7b754195a424aa652a6a5afc,Error Analysis Describe and correct the error in finding y.
C0835,IQPS,,Component,,Chapter 9,9.6 = x,162,dda37ce3990449329b7535db26666476,
C0836,ZSTQ,,Component,,Chapter 9,9.6 = x,162,dda37ce3990449329b7535db26666476,
C0837,ARTQ,,Component,AfiW ~ ARTQ AA Similarity Postulate  5.,Chapter 9,9.6 = x,162,dda37ce3990449329b7535db26666476,AfiW ~ ARTQ AA Similarity Postulate  5.
C0838,Standard Equation,,Formula,"www.ckl2.org  492  (x.y)  r= ^J(x-h) 2 + (y-k) 2  If you square both sides of this equation, then we would have the standard equation of a circle.",Chapter 9,9.6 = x,163,42c27e7c19104847a5cc1ffd9ea13a23,"www.ckl2.org  492  (x.y)  r= ^J(x-h) 2 + (y-k) 2  If you square both sides of this equation, then we would have the standard equation of a circle."
C0839,BCD,,Component,"BCD  Texas Instruments Resources  In the CK-12 Texas Instruments Geometry FlexBook, there are graphing calculator activities  designed to supplement the objectives for some of the lessons in this chapter.",Chapter 9,9.8 Chapter 9 Review,164,7867b1f371a149a0a26b1b6d0107e906,"BCD  Texas Instruments Resources  In the CK-12 Texas Instruments Geometry FlexBook, there are graphing calculator activities  designed to supplement the objectives for some of the lessons in this chapter."
C0840,BAD,,Component,,Chapter 9,9.8 Chapter 9 Review,164,7867b1f371a149a0a26b1b6d0107e906,
C0841,California King,,Component,"California King is 6048 in 2  Review Questions  • Questions 1-12 are similar to Examples 3-5, 7-9",Chapter 10,10.1 Triangles and Parallelograms,167,eb001d51e1004c299801599ed0e793c6,"Revisited The area of an Eastern King is 6080 in 2 and the California King is 6048 in 2  Review Questions  • Questions 1-12 are similar to Examples 3-5, 7-9."
C0842,Congruent Areas Postulate,,Formula,"Area Postulates  Congruent Areas Postulate: If two figures are congruent, they have the same area.",Chapter 10,10.1 Triangles and Parallelograms,166,ea8b48f124b84a1f86e8b041236d9f0f,"Area Postulates  Congruent Areas Postulate: If two figures are congruent, they have the same area."
C0843,Area Postulates,,Formula,"Area Postulates  Congruent Areas Postulate: If two figures are congruent, they have the same area.",Chapter 10,10.1 Triangles and Parallelograms,166,ea8b48f124b84a1f86e8b041236d9f0f,"Area Postulates  Congruent Areas Postulate: If two figures are congruent, they have the same area."
C0844,Eastern King,,Component,"Eastern King is 6080 in 2 and the California King is 6048 in 2  Review Questions  • Questions 1-12 are similar to Examples 3-5, 7-9",Chapter 10,10.1 Triangles and Parallelograms,167,eb001d51e1004c299801599ed0e793c6,"Revisited The area of an Eastern King is 6080 in 2 and the California King is 6048 in 2  Review Questions  • Questions 1-12 are similar to Examples 3-5, 7-9."
C0845,Possible Answers,,Component,Possible Answers  Perimeter: The distance around a shape.,Chapter 10,10.1 Triangles and Parallelograms,168,5276f583c7de42adbafa676461731b5d,Possible Answers  Perimeter: The distance around a shape.
C0846,Similar Polygons Theorem,,Formula,"www.ckl2.org 522  Area of Similar Polygons Theorem: If the scale factor of the sides of two similar polygons is ~, then  the ratio of the areas would be (~J .",Chapter 10,10.3 Areas of Similar Polygons,172,65d65432ec354ca5aa20208ef2a4d75a,"www.ckl2.org 522  Area of Similar Polygons Theorem: If the scale factor of the sides of two similar polygons is ~, then  the ratio of the areas would be (~J ."
C0847,Circumference,,Component,"20/r = nr 2  20 = r 2  r= V20 = 2V5  Just like the circumference, we will leave our answers in terms of n, unless otherwise specified.",Chapter 10,10.5 Areas of Circles and Sectors,177,03163b2fe8f24064805e1141792174eb,"20/r = nr 2  20 = r 2  r= V20 = 2V5  Just like the circumference, we will leave our answers in terms of n, unless otherwise specified."
C0848,Circumference Formula,,Formula,Circumference Formula: C = nd or C = 2nr  d = 2r,Chapter 10,10.4 Circumference and Arc Length,174,6c403a1133894d9b92d2684ac9e2d69b,Circumference Formula: C = nd or C = 2nr  d = 2r
C0849,Arc Length,,Component,Arc Length Formula: length of AB = §^ • nd or g^ • 2nr  Area of Circles and Sectors  • Area of a Circle: A — nr' 2  • Sector _____  .,Chapter 10,10.6 Chapter 10 Review,179,5871d6edf0934090b815aa42c5238236,Arc Length Formula: length of AB = §^ • nd or g^ • 2nr  Area of Circles and Sectors  • Area of a Circle: A — nr' 2  • Sector _____  .
C0850,Arc Measure,,Component,"This was called the ""arc measure"" or ""degree measure."" Arcs  can also be measured in length, as a portion of the circumference.",Chapter 10,10.4 Circumference and Arc Length,175,baf52af3e7ac4d8eb3a54c17ecb22070,"This was called the ""arc measure"" or ""degree measure."" Arcs  can also be measured in length, as a portion of the circumference."
C0851,Arc Length Formula,,Formula,"Therefore, the length of PQ is g of the circumference, length of PQ = g • 2k(9) = 3n  Arc Length Formula: The length of AB = ^ ■ nd or ^ ■ 2nr.",Chapter 10,10.4 Circumference and Arc Length,175,861723ea4e01460ea95fa5e0437fe855,"Therefore, the length of PQ is g of the circumference, length of PQ = g • 2k(9) = 3n  Arc Length Formula: The length of AB = ^ ■ nd or ^ ■ 2nr."
C0852,PQSR,,Component,PQSR is inscribed in Q T,Chapter 10,10.4 Circumference and Arc Length,176,708a2e945ed7478dbc066e112625255a,71  Square PQSR is inscribed in Q T .
C0853,ICBE,,Component,,Chapter 10,10.4 Circumference and Arc Length,176,40bbe11916da447a9a5a218e37d4a613,
C0854,Russell Knightley,,Component,"Surface Area of a Sphere  The best way to understand the surface area of a sphere is to watch the link by Russell Knightley, http :  //www .",Chapter 11,11.6 Surface Area and Volume of Spheres,193,57a241df9b13419493811e59aa2a6994,"Surface Area of a Sphere  The best way to understand the surface area of a sphere is to watch the link by Russell Knightley, http :  //www ."
C0855,Sector,,Component,www.ckl2.org  536  Solution: The area of the segment is the area of the sector minus the area of the isosceles triangle made  by the radii.,Chapter 10,10.5 Areas of Circles and Sectors,178,4b60ca51a56e441d88e09c2107121d3b,www.ckl2.org  536  Solution: The area of the segment is the area of the sector minus the area of the isosceles triangle made  by the radii.
C0856,Segment,,Component,Segment of a Circle: The area of a circle that is bounded by a chord and the arc with the same endpoints  as the chord.,Chapter 10,10.5 Areas of Circles and Sectors,177,2b501772c7194c87925a861956d921c5,Segment of a Circle: The area of a circle that is bounded by a chord and the arc with the same endpoints  as the chord.
C0857,Use Euler,,Component,"Use Euler's Theorem, to solve for E.",Chapter 11,11.1 Exploring Solids,181,46bc5491dd5540e59698dc227155e599,"Use Euler's Theorem, to solve for E."
C0858,Polyhedron,,Component,547 www.ckl2.org  Polyhedrons  Polyhedron: A 3-dimensional figure that is formed by poiygons that enciose a region in space.,Chapter 11,11.1 Exploring Solids,180,23e5e062bee147ad9894097dcb79475b,547 www.ckl2.org  Polyhedrons  Polyhedron: A 3-dimensional figure that is formed by poiygons that enciose a region in space.
C0859,"S Theorem

Let",,Formula,Euler's Theorem  Let's put our results from Example 1 into a table.,Chapter 11,11.1 Exploring Solids,180,ae05f9c364b54bc484ed3dab1b00d457,Euler's Theorem  Let's put our results from Example 1 into a table.
C0860,Euler,,Component,Euler's Theorem  Let's put our results from Example 1 into a table.,Chapter 11,11.1 Exploring Solids,180,ae05f9c364b54bc484ed3dab1b00d457,Euler's Theorem  Let's put our results from Example 1 into a table.
C0861,Leonhard Euler,,Component,"This is called Euler's Theorem, after  the Swiss mathematician Leonhard Euler.",Chapter 11,11.1 Exploring Solids,180,ae05f9c364b54bc484ed3dab1b00d457,"This is called Euler's Theorem, after  the Swiss mathematician Leonhard Euler."
C0862,Pentagonal Prism,Heptagonal Prism,Component,Rectangular Prism 6  Octagonal Pyra-  mid  Regular Icosahe- 20  dron  Cube  Triangular Pyra- 4  mid  Octahedron 8  Heptagonal Prism  Triangular Prism 5  12  16  12  12  21  9  9  12  14  Determine if the following figures are polyhedra.,Chapter 11,11.1 Exploring Solids,182,d9c500384afa4523b61d2183ed63b0d7,Rectangular Prism 6  Octagonal Pyra-  mid  Regular Icosahe- 20  dron  Cube  Triangular Pyra- 4  mid  Octahedron 8  Heptagonal Prism  Triangular Prism 5  12  16  12  12  21  9  9  12  14  Determine if the following figures are polyhedra.
C0863,Triangular Pyramid,Triangular Pyra,Component,Rectangular Prism 6  Octagonal Pyra-  mid  Regular Icosahe- 20  dron  Cube  Triangular Pyra- 4  mid  Octahedron 8  Heptagonal Prism  Triangular Prism 5  12  16  12  12  21  9  9  12  14  Determine if the following figures are polyhedra.,Chapter 11,11.1 Exploring Solids,182,d9c500384afa4523b61d2183ed63b0d7,Rectangular Prism 6  Octagonal Pyra-  mid  Regular Icosahe- 20  dron  Cube  Triangular Pyra- 4  mid  Octahedron 8  Heptagonal Prism  Triangular Prism 5  12  16  12  12  21  9  9  12  14  Determine if the following figures are polyhedra.
C0864,Regular Octahedron,Regular Dodecahedron,Component,www.ckl2.org  550  Regular Dodecahedron: A 12-faced polyhedron and all the faces are regular pentagons.,Chapter 11,11.1 Exploring Solids,181,25cf41f3253b4de0924757aeaf73b2c5,www.ckl2.org  550  Regular Dodecahedron: A 12-faced polyhedron and all the faces are regular pentagons.
C0865,Platonic Solids,,Component,"A concave polyhedron ""caves in.""  convex ^-^— concave  There are only five regular polyhedra, called the Platonic solids.",Chapter 11,11.1 Exploring Solids,181,25cf41f3253b4de0924757aeaf73b2c5,"A concave polyhedron ""caves in.""  convex ^-^— concave  There are only five regular polyhedra, called the Platonic solids."
C0866,Regular Tetrahedron,,Component,Regular Tetrahedron: A 4-faced polyhedron and all the faces are equilateral triangles.,Chapter 11,11.1 Exploring Solids,181,25cf41f3253b4de0924757aeaf73b2c5,Regular Tetrahedron: A 4-faced polyhedron and all the faces are equilateral triangles.
C0867,Regular Polyhedron,Regular Polyhedra,Component,Regular Polyhedra  Regular Polyhedron: A polyhedron where all the faces are congruent regular polygons.,Chapter 11,11.1 Exploring Solids,181,25cf41f3253b4de0924757aeaf73b2c5,Regular Polyhedra  Regular Polyhedron: A polyhedron where all the faces are congruent regular polygons.
C0868,Regular Icosahedron,Regular Icosahe,Component,Rectangular Prism 6  Octagonal Pyra-  mid  Regular Icosahe- 20  dron  Cube  Triangular Pyra- 4  mid  Octahedron 8  Heptagonal Prism  Triangular Prism 5  12  16  12  12  21  9  9  12  14  Determine if the following figures are polyhedra.,Chapter 11,11.1 Exploring Solids,182,d9c500384afa4523b61d2183ed63b0d7,Rectangular Prism 6  Octagonal Pyra-  mid  Regular Icosahe- 20  dron  Cube  Triangular Pyra- 4  mid  Octahedron 8  Heptagonal Prism  Triangular Prism 5  12  16  12  12  21  9  9  12  14  Determine if the following figures are polyhedra.
C0869,View,,Component,"o  regular  tetrahedron  ^#  cube regular regular regular  octahedron dodecagon icosahedron  Cross-Sections  One way to ""view"" a three-dimensional figure in a two-dimensional plane, like in this text, is to use  cross-sections.",Chapter 11,11.1 Exploring Solids,181,25cf41f3253b4de0924757aeaf73b2c5,"o  regular  tetrahedron  ^#  cube regular regular regular  octahedron dodecagon icosahedron  Cross-Sections  One way to ""view"" a three-dimensional figure in a two-dimensional plane, like in this text, is to use  cross-sections."
C0870,Rectangular Prism,,Component,Rectangular Prism 6  Octagonal Pyra-  mid  Regular Icosahe- 20  dron  Cube  Triangular Pyra- 4  mid  Octahedron 8  Heptagonal Prism  Triangular Prism 5  12  16  12  12  21  9  9  12  14  Determine if the following figures are polyhedra.,Chapter 11,11.1 Exploring Solids,182,d9c500384afa4523b61d2183ed63b0d7,Rectangular Prism 6  Octagonal Pyra-  mid  Regular Icosahe- 20  dron  Cube  Triangular Pyra- 4  mid  Octahedron 8  Heptagonal Prism  Triangular Prism 5  12  16  12  12  21  9  9  12  14  Determine if the following figures are polyhedra.
C0871,Octagonal Pyra,,Component,Rectangular Prism 6  Octagonal Pyra-  mid  Regular Icosahe- 20  dron  Cube  Triangular Pyra- 4  mid  Octahedron 8  Heptagonal Prism  Triangular Prism 5  12  16  12  12  21  9  9  12  14  Determine if the following figures are polyhedra.,Chapter 11,11.1 Exploring Solids,182,d9c500384afa4523b61d2183ed63b0d7,Rectangular Prism 6  Octagonal Pyra-  mid  Regular Icosahe- 20  dron  Cube  Triangular Pyra- 4  mid  Octahedron 8  Heptagonal Prism  Triangular Prism 5  12  16  12  12  21  9  9  12  14  Determine if the following figures are polyhedra.
C0872,Triangular Prism,,Component,Rectangular Prism 6  Octagonal Pyra-  mid  Regular Icosahe- 20  dron  Cube  Triangular Pyra- 4  mid  Octahedron 8  Heptagonal Prism  Triangular Prism 5  12  16  12  12  21  9  9  12  14  Determine if the following figures are polyhedra.,Chapter 11,11.1 Exploring Solids,182,d9c500384afa4523b61d2183ed63b0d7,Rectangular Prism 6  Octagonal Pyra-  mid  Regular Icosahe- 20  dron  Cube  Triangular Pyra- 4  mid  Octahedron 8  Heptagonal Prism  Triangular Prism 5  12  16  12  12  21  9  9  12  14  Determine if the following figures are polyhedra.
C0873,Cross Section,,Component,www.ckl2.org 590  Great Circle: A cross section of a sphere that contains the diameter.,Chapter 11,11.6 Surface Area and Volume of Spheres,193,cc69aa5254c94d41a51aa6bb1e2aeb26,www.ckl2.org 590  Great Circle: A cross section of a sphere that contains the diameter.
C0874,Lateral Area,,Component,"Surface Area — B\ + B2 + L\ + L2 + L3  Lateral Area = L\ + L2 + Lj,  A  Ly  L 2  L3  w  Lateral Area: The sum of the areas of the lateral faces.",Chapter 11,11.2 Surface Area of Prisms and Cylinders,183,0c44625d854044b9b6877b3778c71502,"Surface Area — B\ + B2 + L\ + L2 + L3  Lateral Area = L\ + L2 + Lj,  A  Ly  L 2  L3  w  Lateral Area: The sum of the areas of the lateral faces."
C0875,Right Prism,,Component,Right Prism is sum of the area of the bases  and the area of each rectangular lateral face,Chapter 11,11.2 Surface Area of Prisms and Cylinders,183,97915324832c44a3adde7366e677ab50,"Using the net, we have:  SA  prism  2(4)(10) + 2(10)(17) + 2(17)(4)  80 + 340 + 136  556 cm  4 cm  17 cm  4 cm  10 cm  4  cm  10 cm  4  cm  Surface Area of a Right Prism: The surface area of a right prism is the sum of the area of the bases  and the area of each rectangular lateral face."
C0876,Cylinder,,Component,"B = -(9)(8 + 4) = 9(6) = 54 cm 2  V = 54(15) = 810 cm 3  Volume of a Cylinder  If we use the formula for the volume of a prism, V = Bh, we can find the volume of a cylinder.",Chapter 11,11.4 Volume of Prisms and Cylinders,189,7666dfe536324386a32455de3fcda752,"B = -(9)(8 + 4) = 9(6) = 54 cm 2  V = 54(15) = 810 cm 3  Volume of a Cylinder  If we use the formula for the volume of a prism, V = Bh, we can find the volume of a cylinder."
C0877,Oblique Prism,Oblique Prisms,Component,Oblique Prism: A prism that leans to one side and the height is outside the prism.,Chapter 11,11.2 Surface Area of Prisms and Cylinders,183,0c44625d854044b9b6877b3778c71502,Oblique Prism: A prism that leans to one side and the height is outside the prism.
C0878,Right Cylinder,,Component,radius  height  radius  height  Surface Area of a Right Cylinder  Let's find the net of a right cylinder.,Chapter 11,11.2 Surface Area of Prisms and Cylinders,183,b0346487e55840018cd842dad4d828e7,radius  height  radius  height  Surface Area of a Right Cylinder  Let's find the net of a right cylinder.
C0879,OJC,,Component,"ii""- u )  60  ""2 triangles  -^3 triangles ~~ &•% ~T~ *-&X \ J-OJC == OU.V  60 + 30x = 540  30x = 480  x = 16 unite The height is 16 units.",Chapter 11,11.2 Surface Area of Prisms and Cylinders,184,b59299129b8c44bc951dfff3db3db02f,"ii""- u )  60  ""2 triangles  -^3 triangles ~~ &•% ~T~ *-&X \ J-OJC == OU.V  60 + 30x = 540  30x = 480  x = 16 unite The height is 16 units."
C0880,Writing Describe,,Component,Writing Describe the difference between lateral surface area and total surface area.,Chapter 11,11.2 Surface Area of Prisms and Cylinders,184,b59299129b8c44bc951dfff3db3db02f,Writing Describe the difference between lateral surface area and total surface area.
C0881,Regular Pyramid,,Component,"8 2 + 24 2 = I 2  640 = I 2  1= V640 = 8VlO  Surface Area of a Regular Pyramid  Using the slant height, which is labeled /, the area of each triangular face is A  Example 2: Find the surface area of the pyramid from Example 1.",Chapter 11,11.3 Surface Area of Pyramids and Cones,185,48d0ec06a55142248d164b8ebc90d1f9,"8 2 + 24 2 = I 2  640 = I 2  1= V640 = 8VlO  Surface Area of a Regular Pyramid  Using the slant height, which is labeled /, the area of each triangular face is A  Example 2: Find the surface area of the pyramid from Example 1."
C0882,Cone,,Component,Solution:  V = -Bh  3  224 = - • 56/i  3  12 = h  Volume of a Cone  Volume of a Cone: V = ^nr 2 h.,Chapter 11,11.5 Volume of Pyramids and Cones,191,07bb1f332c274c21b12a0979ea18d8d9,Solution:  V = -Bh  3  224 = - • 56/i  3  12 = h  Volume of a Cone  Volume of a Cone: V = ^nr 2 h.
C0883,Regular,,Component,"567  www.cki2.0rg  Solution: ""Regular"" tells us the base is an equilateral triangle.",Chapter 11,11.3 Surface Area of Pyramids and Cones,185,3a6576418b4d46af90ae311831f53d0a,"567  www.cki2.0rg  Solution: ""Regular"" tells us the base is an equilateral triangle."
C0884,Right Cone,,Component,Surface Area of a Right Cone: SA = nr 2 + nrl.,Chapter 11,11.3 Surface Area of Pyramids and Cones,186,21073f27c9164be284cd5ded9b1098fc,Surface Area of a Right Cone: SA = nr 2 + nrl.
C0885,Volume Congruence Postulate,,Formula,"Volume Congruence Postulate: If two solids are congruent, then their volumes are congruent.",Chapter 11,11.4 Volume of Prisms and Cylinders,188,4395b1a68f96484da63b0a686a4324bc,"Volume Congruence Postulate: If two solids are congruent, then their volumes are congruent."
C0886,Cube Postulate,,Formula,Volume of a Cube Postulate: V = s 3 .,Chapter 11,11.4 Volume of Prisms and Cylinders,188,4395b1a68f96484da63b0a686a4324bc,Volume of a Cube Postulate: V = s 3 .
C0887,Khafre Pyramid,,Component,"Khafre Pyramid is pyramid in Giza, Egypt",Chapter 11,11.5 Volume of Pyramids and Cones,190,d91feb78b3504921bc0190e54dbea417,"The Khafre Pyramid is a pyramid in Giza, Egypt."
C0888,Composite Solids,,Component,484tt = -7rr 2 (12)  121 = r 2  11 = r  Composite Solids,Chapter 11,11.5 Volume of Pyramids and Cones,191,1ea9ca3fa9354f0db73f94fdd3605e2c,484tt = -7rr 2 (12)  121 = r 2  11 = r  Composite Solids
C0889,Sphere,,Component,Sphere is last of the three-dimensional shapes that we will find the surface area and volume of,Chapter 11,11.6 Surface Area and Volume of Spheres,193,cc69aa5254c94d41a51aa6bb1e2aeb26,A sphere is the last of the three-dimensional shapes that we will find the surface area and volume of.
C0890,Great Circle,,Component,Great Circle is largest circle cross section in a sphere,Chapter 11,11.6 Surface Area and Volume of Spheres,193,cc69aa5254c94d41a51aa6bb1e2aeb26,A great circle is the largest circle cross section in a sphere.
C0891,Similar Solids,,Component,16 1536tt  25 A  16 A = 38400tt  A = 2400tt cm 2  www.ckl2.org  598  Volumes of Similar Solids  Let's look at what we know about similar solids so far.,Chapter 11,211.5 9 3 :,196,c0081672f5c54d69968f3aa30b95cf53,16 1536tt  25 A  16 A = 38400tt  A = 2400tt cm 2  www.ckl2.org  598  Volumes of Similar Solids  Let's look at what we know about similar solids so far.
C0892,Surface Area Ratio,,Formula,"Surface Area Ratio: If two solids are similar with a scale factor of ^, then the surface areas are in a  ratio of (f) .",Chapter 11,211.5 9 3 :,195,4a08461df417482ea1b73b5095db7ec1,"Surface Area Ratio: If two solids are similar with a scale factor of ^, then the surface areas are in a  ratio of (f) ."
C0893,Volume Ratio,,Formula,"Volume Ratio: If two solids are similar with a scale factor of |, then the volumes are in a ratio of I |J .",Chapter 11,211.5 9 3 :,196,c0081672f5c54d69968f3aa30b95cf53,"Volume Ratio: If two solids are similar with a scale factor of |, then the volumes are in a ratio of I |J ."
C0894,Exploring Solids,,Component,,Chapter 11,11.8 Chapter 11 Review,197,32055dcf7f1b4846b057b2907808492b,
C0895,Lateral Edge,,Component,,Chapter 11,11.8 Chapter 11 Review,197,32055dcf7f1b4846b057b2907808492b,
C0896,Octagonal Prism,,Component,,Chapter 11,11.8 Chapter 11 Review,197,32055dcf7f1b4846b057b2907808492b,
C0897,Hexagonal Pyramid,,Component,,Chapter 11,11.8 Chapter 11 Review,197,32055dcf7f1b4846b057b2907808492b,
C0898,Base Edge,,Component,,Chapter 11,11.8 Chapter 11 Review,197,32055dcf7f1b4846b057b2907808492b,
C0899,Lateral Face,,Component,,Chapter 11,11.8 Chapter 11 Review,197,32055dcf7f1b4846b057b2907808492b,
C0900,Slant Height,,Component,,Chapter 11,11.8 Chapter 11 Review,197,32055dcf7f1b4846b057b2907808492b,
C0901,Volume Addition Postulate,,Formula,,Chapter 11,11.9 Study Guide,198,916484f141964fddbe8ac1e08f452036,
C0902,Rotational Symmetry,,Component,www.ckl2.org  610  Rotational Symmetry  Rotational Symmetry: When a figure can be rotated (less that 180°) and it looks like it did before the  rotation.,Chapter 12,12.1 Exploring Symmetry,199,225b3073b8d24dc7805ca30082aae099,www.ckl2.org  610  Rotational Symmetry  Rotational Symmetry: When a figure can be rotated (less that 180°) and it looks like it did before the  rotation.
C0903,Line Symmetry,,Component,Determine if the figures below have line symmetry or rotational symmetry.,Chapter 12,12.1 Exploring Symmetry,200,025b666ff67f48d99a5c5a60ef6e657f,Determine if the figures below have line symmetry or rotational symmetry.
C0904,DAO,,Component,These figures have line symmetry:  DAO  These figures do not have line symmetry:  P  \,Chapter 12,12.1 Exploring Symmetry,199,674ae3f851264e3bba65c3886f72c03e,These figures have line symmetry:  DAO  These figures do not have line symmetry:  P  \
C0905,Rotation,,Component,"If we compare the coordinates of it to  ADEF, we have:  D(3,-l) ->D'(-3,1)  £(8,-3) -»£'(-8,3)  F(6,4) -> F'(-6,-4)  653  www.ckl2.org  From the rules of rotations in the previous section, this is also an 180° rotation.",Chapter 12,12.5 Composition of Transformations,210,93b156029ccb4234a3dc6208d6f5e612,"If we compare the coordinates of it to  ADEF, we have:  D(3,-l) ->D'(-3,1)  £(8,-3) -»£'(-8,3)  F(6,4) -> F'(-6,-4)  653  www.ckl2.org  From the rules of rotations in the previous section, this is also an 180° rotation."
C0906,WOW,,Component,,Chapter 12,12.1 Exploring Symmetry,200,9edbea096fe8421faa86a31c9463c8d3,
C0907,MOW,,Component,,Chapter 12,12.1 Exploring Symmetry,200,9edbea096fe8421faa86a31c9463c8d3,
C0908,KICK,,Component,,Chapter 12,12.1 Exploring Symmetry,200,9edbea096fe8421faa86a31c9463c8d3,
C0909,OHIO,,Component,,Chapter 12,12.1 Exploring Symmetry,200,9edbea096fe8421faa86a31c9463c8d3,
C0910,Translation,,Component,"Solution: From the Reflections over Parallel Lines Theorem, we know that this double reflection is going  to be the same as a single translation of 2(l-(— 5)) or 12 units.",Chapter 12,12.5 Composition of Transformations,209,15b7caa02a984e3b932ac5cf90b12472,"Solution: From the Reflections over Parallel Lines Theorem, we know that this double reflection is going  to be the same as a single translation of 2(l-(— 5)) or 12 units."
C0911,Preimage,,Component,"Preimage is , then the image would be A\ said ""a  prime",Chapter 12,12.2 Translations,200,e25ae2a6a7f74c8fb3484e7077bc39fe,"If the preimage is A, then the image would be A\ said ""a  prime."" If there is an image of A', that would be labeled A"", said ""a double prime.""  Translations  Translation: A transformation that moves every point in a figure the same distance in the same direction."
C0912,Image,,Component,The new figure created by a trans-  formation is called the image.,Chapter 12,12.2 Translations,200,e25ae2a6a7f74c8fb3484e7077bc39fe,The new figure created by a trans-  formation is called the image.
C0913,Paso Robles,,Component,"The distances between San Francisco, S , Paso Robles, P, and Ukiah, U, are given in miles  the graph.",Chapter 12,12.2 Translations,200,e25ae2a6a7f74c8fb3484e7077bc39fe,"The distances between San Francisco, S , Paso Robles, P, and Ukiah, U, are given in miles  the graph."
C0914,ATRI,,Component,Example 2: Find the translation rule for ATRI to AT'RT.,Chapter 12,12.2 Translations,201,0f72d38235f64b3c9c613910607f0e0b,Example 2: Find the translation rule for ATRI to AT'RT.
C0915,ATR,,Component,Example 3: Show ATRI = ATR'V from Example 2.,Chapter 12,12.2 Translations,201,6555e0fa5a3b4acfbef3c363eccbf9d8,Example 3: Show ATRI = ATR'V from Example 2.
C0916,QUAD,,Component,"QUAD is g(-6, 1), f/(-3, 7), A (4, -2) and D(l,-8)",Chapter 12,12.2 Translations,202,a0bf8a81c4af4f3b853ce8f1ce851996,"The coordinates of quadrilateral QUAD are g(-6, 1), f/(-3, 7), A (4, -2) and D(l,-8)."
C0917,Vertical Lines,,Component,-y)  Reflections over Horizontal and Vertical Lines  We can also reflect a figure over any vertical or horizontal line.,Chapter 12,12.3 Reflections,202,21085f17c72c4868a061807f8db92872,-y)  Reflections over Horizontal and Vertical Lines  We can also reflect a figure over any vertical or horizontal line.
C0918,Two Reflections The,,Component,"|i J  ^ R  - ^ *  ^ -O  r  Two Reflections The vertices of AGHI are G(— 2, 2),H(8, 2), and 7(6,8).",Chapter 12,12.4 Rotations,207,93435af4de794c7382d0a6230158f15e,"|i J  ^ R  - ^ *  ^ -O  r  Two Reflections The vertices of AGHI are G(— 2, 2),H(8, 2), and 7(6,8)."
C0919,Defining Rotations,,Component,,Chapter 12,12.4 Rotations,205,926e2221d2ce43959b645dfdde21f987,
C0920,RECT,,Component,Example 3: Rotate rectangle RECT 80° counterclockwise around P.,Chapter 12,12.4 Rotations,205,4475dc4e03204cb5a6897bba31daf887,Example 3: Rotate rectangle RECT 80° counterclockwise around P.
C0921,Glide Reflections,Glide Reflection,Component,"0.413 x height (for women)  0.415 x height (for men)  Glide Reflections  Now that we have learned all our rigid transformations, or isometries, we can perform more than one on  the same figure.",Chapter 12,12.5 Composition of Transformations,208,6386e7d9068e4be5b77e50f31d117253,"0.413 x height (for women)  0.415 x height (for men)  Glide Reflections  Now that we have learned all our rigid transformations, or isometries, we can perform more than one on  the same figure."
C0922,Parallel Lines Theorem,,Formula,"(x,y) -> (x,y-W)  Reflections over Parallel Lines Theorem: The composition of two reflections over parallel lines that  are h units apart, it is the same as a translation of 2h units.",Chapter 12,12.5 Composition of Transformations,209,25ae6a159bf9439995b4786ca9f8058e,"(x,y) -> (x,y-W)  Reflections over Parallel Lines Theorem: The composition of two reflections over parallel lines that  are h units apart, it is the same as a translation of 2h units."
C0923,Axes Theorem,,Formula,"Reflection over the Axes Theorem: If you compose two reflections over each axis, then the final image  is a rotation of 180° of the original.",Chapter 12,12.5 Composition of Transformations,210,93b156029ccb4234a3dc6208d6f5e612,"Reflection over the Axes Theorem: If you compose two reflections over each axis, then the final image  is a rotation of 180° of the original."
C0924,Intersecting Lines,,Component,"Reflections over Intersecting Lines  For this composition, we are going to take it out of the coordinate plane.",Chapter 12,12.5 Composition of Transformations,210,93b156029ccb4234a3dc6208d6f5e612,"Reflections over Intersecting Lines  For this composition, we are going to take it out of the coordinate plane."
C0925,Double Reflection,,Component,"Investigation 12-2: Double Reflection over Intersecting Lines  Tools Needed: Example 7, protractor, ruler, pencil  1.",Chapter 12,12.5 Composition of Transformations,210,93b156029ccb4234a3dc6208d6f5e612,"Investigation 12-2: Double Reflection over Intersecting Lines  Tools Needed: Example 7, protractor, ruler, pencil  1."
C0926,Intersecting Lines Theorem,,Formula,"Reflection over Intersecting Lines Theorem: A composition of two reflections over lines that intersect  at x°, then the resulting image is a rotation of 2x°.",Chapter 12,12.5 Composition of Transformations,210,f29fb40f813e49b5a976d5e7ceee9874,"Reflection over Intersecting Lines Theorem: A composition of two reflections over lines that intersect  at x°, then the resulting image is a rotation of 2x°."
C0927,Tessellation Artist,,Component,"Check out http://www.mathsisfun.com/geometry/  659 www.ckl2.org  tessellation.html to see other tessellations and play with the Tessellation Artist, which has a link at  the bottom of the page.",Chapter 12,12.6 Extension: Tessellating Polygons,212,2e8540d65d5f4bc598a1e864282bacea,"Check out http://www.mathsisfun.com/geometry/  659 www.ckl2.org  tessellation.html to see other tessellations and play with the Tessellation Artist, which has a link at  the bottom of the page."
C0928,Tessellating Polygons,,Component,,Chapter 12,12.7 Chapter 12 Review,213,58aab6a0614c4adebeee77138a5e9302,
C0929,Exploring Symmetry,,Component,,Chapter 12,12.7 Chapter 12 Review,213,58aab6a0614c4adebeee77138a5e9302,
