relation_id,source_id,target_id,relation_type,weight,page,chunk_id,evidence
R0001,C0029,C0044,Extension,0.3178,4,e24ccdde30be4c1798f7bf56733f20ab,Segment AB  Segment BA  Ray: A line with one endpoint and extends forever in the other direction.
R0002,C0029,C0202,Extension,0.2318,4,e24ccdde30be4c1798f7bf56733f20ab,Segment AB  Segment BA  Ray: A line with one endpoint and extends forever in the other direction.
R0003,C0029,C0856,Extension,0.293,4,e24ccdde30be4c1798f7bf56733f20ab,Segment AB  Segment BA  Ray: A line with one endpoint and extends forever in the other direction.
R0004,C0044,C0029,Extension,0.3178,4,e24ccdde30be4c1798f7bf56733f20ab,Segment AB  Segment BA  Ray: A line with one endpoint and extends forever in the other direction.
R0005,C0044,C0202,Extension,0.2572,4,e24ccdde30be4c1798f7bf56733f20ab,Segment AB  Segment BA  Ray: A line with one endpoint and extends forever in the other direction.
R0006,C0044,C0856,Extension,0.2509,4,e24ccdde30be4c1798f7bf56733f20ab,Segment AB  Segment BA  Ray: A line with one endpoint and extends forever in the other direction.
R0007,C0202,C0029,Extension,0.2318,4,e24ccdde30be4c1798f7bf56733f20ab,Segment AB  Segment BA  Ray: A line with one endpoint and extends forever in the other direction.
R0008,C0202,C0044,Extension,0.2572,4,e24ccdde30be4c1798f7bf56733f20ab,Segment AB  Segment BA  Ray: A line with one endpoint and extends forever in the other direction.
R0009,C0202,C0856,Extension,0.2485,4,e24ccdde30be4c1798f7bf56733f20ab,Segment AB  Segment BA  Ray: A line with one endpoint and extends forever in the other direction.
R0010,C0856,C0029,Extension,0.293,4,e24ccdde30be4c1798f7bf56733f20ab,Segment AB  Segment BA  Ray: A line with one endpoint and extends forever in the other direction.
R0011,C0856,C0044,Extension,0.2509,4,e24ccdde30be4c1798f7bf56733f20ab,Segment AB  Segment BA  Ray: A line with one endpoint and extends forever in the other direction.
R0012,C0856,C0202,Extension,0.2485,4,e24ccdde30be4c1798f7bf56733f20ab,Segment AB  Segment BA  Ray: A line with one endpoint and extends forever in the other direction.
R0013,C0057,C0148,Application,0.26,6,abfac2f5fe644b48a69d84ff6a46c193,See if you can find the following measurements:  9 www.ckl2.org  The length from the wrist to the elbow  The length from the top of the neck to the hip  The width of each shoulder  Elbow to  fingertip  2 head  lengths  I head width  1 head  length  Height  7 head  lengths  Wrist to  fingertip  1 head  length  Measuring Distances  Distance: The length between two points.
R0014,C0057,C0196,Application,0.26,6,abfac2f5fe644b48a69d84ff6a46c193,See if you can find the following measurements:  9 www.ckl2.org  The length from the wrist to the elbow  The length from the top of the neck to the hip  The width of each shoulder  Elbow to  fingertip  2 head  lengths  I head width  1 head  length  Height  7 head  lengths  Wrist to  fingertip  1 head  length  Measuring Distances  Distance: The length between two points.
R0015,C0148,C0057,Application,0.26,6,abfac2f5fe644b48a69d84ff6a46c193,See if you can find the following measurements:  9 www.ckl2.org  The length from the wrist to the elbow  The length from the top of the neck to the hip  The width of each shoulder  Elbow to  fingertip  2 head  lengths  I head width  1 head  length  Height  7 head  lengths  Wrist to  fingertip  1 head  length  Measuring Distances  Distance: The length between two points.
R0016,C0148,C0196,Application,0.2779,6,abfac2f5fe644b48a69d84ff6a46c193,See if you can find the following measurements:  9 www.ckl2.org  The length from the wrist to the elbow  The length from the top of the neck to the hip  The width of each shoulder  Elbow to  fingertip  2 head  lengths  I head width  1 head  length  Height  7 head  lengths  Wrist to  fingertip  1 head  length  Measuring Distances  Distance: The length between two points.
R0017,C0196,C0057,Application,0.26,6,abfac2f5fe644b48a69d84ff6a46c193,See if you can find the following measurements:  9 www.ckl2.org  The length from the wrist to the elbow  The length from the top of the neck to the hip  The width of each shoulder  Elbow to  fingertip  2 head  lengths  I head width  1 head  length  Height  7 head  lengths  Wrist to  fingertip  1 head  length  Measuring Distances  Distance: The length between two points.
R0018,C0196,C0148,Application,0.2779,6,abfac2f5fe644b48a69d84ff6a46c193,See if you can find the following measurements:  9 www.ckl2.org  The length from the wrist to the elbow  The length from the top of the neck to the hip  The width of each shoulder  Elbow to  fingertip  2 head  lengths  I head width  1 head  length  Height  7 head  lengths  Wrist to  fingertip  1 head  length  Measuring Distances  Distance: The length between two points.
R0019,C0062,C0856,Similarity,0.2475,6,80150bffab5e421f923d727921bb0029,"T l,l l , ""|'l'|l|l|i|l|l|ill|l| l M|l|l|rS T r T T T T T rT  1 2 s i 1 I  From this ruler, it looks like the segment is 4.75 inches (in) long."
R0020,C0856,C0062,Similarity,0.2475,6,80150bffab5e421f923d727921bb0029,"T l,l l , ""|'l'|l|l|i|l|l|ill|l| l M|l|l|rS T r T T T T T rT  1 2 s i 1 I  From this ruler, it looks like the segment is 4.75 inches (in) long."
R0021,C0026,C0196,Application,0.215,8,046f54f6f2004dffb059025a7dfd4e96,HJ + JK =KH  (2x + 4) + (3* + 3) = 22  5x + 7 = 22  5x= 15  x = 3  Distances on a Grid  You can now find the distances between points in the x — y plane if the lines are horizontal or vertical.
R0022,C0196,C0026,Application,0.215,8,046f54f6f2004dffb059025a7dfd4e96,HJ + JK =KH  (2x + 4) + (3* + 3) = 22  5x + 7 = 22  5x= 15  x = 3  Distances on a Grid  You can now find the distances between points in the x — y plane if the lines are horizontal or vertical.
R0023,C0029,C0041,Application,0.84,9,40ed8aaf54a241bebf23e5955dd5cce4,"For 1-4, find the length of each line segment in inches."
R0024,C0029,C0856,Application,0.453,9,40ed8aaf54a241bebf23e5955dd5cce4,"For 1-4, find the length of each line segment in inches."
R0025,C0041,C0029,Application,0.84,9,40ed8aaf54a241bebf23e5955dd5cce4,"For 1-4, find the length of each line segment in inches."
R0026,C0041,C0856,Application,0.293,9,40ed8aaf54a241bebf23e5955dd5cce4,"For 1-4, find the length of each line segment in inches."
R0027,C0856,C0029,Application,0.453,9,40ed8aaf54a241bebf23e5955dd5cce4,"For 1-4, find the length of each line segment in inches."
R0028,C0856,C0041,Application,0.293,9,40ed8aaf54a241bebf23e5955dd5cce4,"For 1-4, find the length of each line segment in inches."
R0029,C0073,C0082,Application,0.3506,9,b87496da8c4a465ea53055b3f3c56c13,"Using a protractor, find the measure of the three outlined angles in the ""castle"" to the right."
R0030,C0082,C0073,Application,0.3506,9,b87496da8c4a465ea53055b3f3c56c13,"Using a protractor, find the measure of the three outlined angles in the ""castle"" to the right."
R0031,C0028,C0079,Application,0.2521,10,f1116aea7e684fe0b7b05c3862789e5a,"A protractor is a measuring device that measures how ""open"" an angle is."
R0032,C0028,C0082,Application,0.4121,10,f1116aea7e684fe0b7b05c3862789e5a,"A protractor is a measuring device that measures how ""open"" an angle is."
R0033,C0079,C0028,Application,0.2521,10,f1116aea7e684fe0b7b05c3862789e5a,"A protractor is a measuring device that measures how ""open"" an angle is."
R0034,C0079,C0082,Application,0.84,10,f1116aea7e684fe0b7b05c3862789e5a,"A protractor is a measuring device that measures how ""open"" an angle is."
R0035,C0082,C0028,Application,0.4121,10,f1116aea7e684fe0b7b05c3862789e5a,"A protractor is a measuring device that measures how ""open"" an angle is."
R0036,C0082,C0079,Application,0.84,10,f1116aea7e684fe0b7b05c3862789e5a,"A protractor is a measuring device that measures how ""open"" an angle is."
R0037,C0029,C0046,Similarity,0.2509,10,89f24f6c73344fb0b355eeb8d8bed5fc,"Just like the Ruler Postulate for line segments, there is a Protractor Postulate for angles."
R0038,C0029,C0062,Similarity,0.2497,10,89f24f6c73344fb0b355eeb8d8bed5fc,"Just like the Ruler Postulate for line segments, there is a Protractor Postulate for angles."
R0039,C0029,C0064,Similarity,0.2336,10,89f24f6c73344fb0b355eeb8d8bed5fc,"Just like the Ruler Postulate for line segments, there is a Protractor Postulate for angles."
R0040,C0029,C0077,Similarity,0.267,10,89f24f6c73344fb0b355eeb8d8bed5fc,"Just like the Ruler Postulate for line segments, there is a Protractor Postulate for angles."
R0041,C0029,C0082,Similarity,0.2439,10,89f24f6c73344fb0b355eeb8d8bed5fc,"Just like the Ruler Postulate for line segments, there is a Protractor Postulate for angles."
R0042,C0029,C0235,Similarity,0.255,10,89f24f6c73344fb0b355eeb8d8bed5fc,"Just like the Ruler Postulate for line segments, there is a Protractor Postulate for angles."
R0043,C0029,C0242,Similarity,0.215,10,89f24f6c73344fb0b355eeb8d8bed5fc,"Just like the Ruler Postulate for line segments, there is a Protractor Postulate for angles."
R0044,C0046,C0029,Similarity,0.2509,10,89f24f6c73344fb0b355eeb8d8bed5fc,"Just like the Ruler Postulate for line segments, there is a Protractor Postulate for angles."
R0045,C0046,C0062,Similarity,0.2367,10,89f24f6c73344fb0b355eeb8d8bed5fc,"Just like the Ruler Postulate for line segments, there is a Protractor Postulate for angles."
R0046,C0046,C0064,Similarity,0.2762,10,89f24f6c73344fb0b355eeb8d8bed5fc,"Just like the Ruler Postulate for line segments, there is a Protractor Postulate for angles."
R0047,C0046,C0077,Similarity,0.2509,10,89f24f6c73344fb0b355eeb8d8bed5fc,"Just like the Ruler Postulate for line segments, there is a Protractor Postulate for angles."
R0048,C0046,C0082,Similarity,0.2343,10,89f24f6c73344fb0b355eeb8d8bed5fc,"Just like the Ruler Postulate for line segments, there is a Protractor Postulate for angles."
R0049,C0046,C0235,Similarity,0.215,10,89f24f6c73344fb0b355eeb8d8bed5fc,"Just like the Ruler Postulate for line segments, there is a Protractor Postulate for angles."
R0050,C0046,C0242,Similarity,0.215,10,89f24f6c73344fb0b355eeb8d8bed5fc,"Just like the Ruler Postulate for line segments, there is a Protractor Postulate for angles."
R0051,C0062,C0029,Similarity,0.2497,10,89f24f6c73344fb0b355eeb8d8bed5fc,"Just like the Ruler Postulate for line segments, there is a Protractor Postulate for angles."
R0052,C0062,C0046,Similarity,0.2367,10,89f24f6c73344fb0b355eeb8d8bed5fc,"Just like the Ruler Postulate for line segments, there is a Protractor Postulate for angles."
R0053,C0062,C0064,Similarity,0.3695,10,89f24f6c73344fb0b355eeb8d8bed5fc,"Just like the Ruler Postulate for line segments, there is a Protractor Postulate for angles."
R0054,C0062,C0077,Similarity,0.3343,10,89f24f6c73344fb0b355eeb8d8bed5fc,"Just like the Ruler Postulate for line segments, there is a Protractor Postulate for angles."
R0055,C0062,C0082,Similarity,0.26,10,89f24f6c73344fb0b355eeb8d8bed5fc,"Just like the Ruler Postulate for line segments, there is a Protractor Postulate for angles."
R0056,C0062,C0235,Similarity,0.26,10,89f24f6c73344fb0b355eeb8d8bed5fc,"Just like the Ruler Postulate for line segments, there is a Protractor Postulate for angles."
R0057,C0062,C0242,Similarity,0.26,10,89f24f6c73344fb0b355eeb8d8bed5fc,"Just like the Ruler Postulate for line segments, there is a Protractor Postulate for angles."
R0058,C0064,C0029,Similarity,0.2336,10,89f24f6c73344fb0b355eeb8d8bed5fc,"Just like the Ruler Postulate for line segments, there is a Protractor Postulate for angles."
R0059,C0064,C0046,Similarity,0.2762,10,89f24f6c73344fb0b355eeb8d8bed5fc,"Just like the Ruler Postulate for line segments, there is a Protractor Postulate for angles."
R0060,C0064,C0062,Similarity,0.3695,10,89f24f6c73344fb0b355eeb8d8bed5fc,"Just like the Ruler Postulate for line segments, there is a Protractor Postulate for angles."
R0061,C0064,C0077,Similarity,0.32,10,89f24f6c73344fb0b355eeb8d8bed5fc,"Just like the Ruler Postulate for line segments, there is a Protractor Postulate for angles."
R0062,C0064,C0082,Similarity,0.26,10,89f24f6c73344fb0b355eeb8d8bed5fc,"Just like the Ruler Postulate for line segments, there is a Protractor Postulate for angles."
R0063,C0064,C0235,Similarity,0.26,10,89f24f6c73344fb0b355eeb8d8bed5fc,"Just like the Ruler Postulate for line segments, there is a Protractor Postulate for angles."
R0064,C0064,C0242,Similarity,0.26,10,89f24f6c73344fb0b355eeb8d8bed5fc,"Just like the Ruler Postulate for line segments, there is a Protractor Postulate for angles."
R0065,C0077,C0029,Similarity,0.267,10,89f24f6c73344fb0b355eeb8d8bed5fc,"Just like the Ruler Postulate for line segments, there is a Protractor Postulate for angles."
R0066,C0077,C0046,Similarity,0.2509,10,89f24f6c73344fb0b355eeb8d8bed5fc,"Just like the Ruler Postulate for line segments, there is a Protractor Postulate for angles."
R0067,C0077,C0062,Similarity,0.3343,10,89f24f6c73344fb0b355eeb8d8bed5fc,"Just like the Ruler Postulate for line segments, there is a Protractor Postulate for angles."
R0068,C0077,C0064,Similarity,0.32,10,89f24f6c73344fb0b355eeb8d8bed5fc,"Just like the Ruler Postulate for line segments, there is a Protractor Postulate for angles."
R0069,C0077,C0082,Similarity,0.3489,10,89f24f6c73344fb0b355eeb8d8bed5fc,"Just like the Ruler Postulate for line segments, there is a Protractor Postulate for angles."
R0070,C0077,C0235,Similarity,0.4018,10,89f24f6c73344fb0b355eeb8d8bed5fc,"Just like the Ruler Postulate for line segments, there is a Protractor Postulate for angles."
R0071,C0077,C0242,Similarity,0.3545,10,89f24f6c73344fb0b355eeb8d8bed5fc,"Just like the Ruler Postulate for line segments, there is a Protractor Postulate for angles."
R0072,C0082,C0029,Similarity,0.2439,10,89f24f6c73344fb0b355eeb8d8bed5fc,"Just like the Ruler Postulate for line segments, there is a Protractor Postulate for angles."
R0073,C0082,C0046,Similarity,0.2343,10,89f24f6c73344fb0b355eeb8d8bed5fc,"Just like the Ruler Postulate for line segments, there is a Protractor Postulate for angles."
R0074,C0082,C0062,Similarity,0.26,10,89f24f6c73344fb0b355eeb8d8bed5fc,"Just like the Ruler Postulate for line segments, there is a Protractor Postulate for angles."
R0075,C0082,C0064,Similarity,0.26,10,89f24f6c73344fb0b355eeb8d8bed5fc,"Just like the Ruler Postulate for line segments, there is a Protractor Postulate for angles."
R0076,C0082,C0077,Similarity,0.3489,10,89f24f6c73344fb0b355eeb8d8bed5fc,"Just like the Ruler Postulate for line segments, there is a Protractor Postulate for angles."
R0077,C0082,C0235,Similarity,0.26,10,89f24f6c73344fb0b355eeb8d8bed5fc,"Just like the Ruler Postulate for line segments, there is a Protractor Postulate for angles."
R0078,C0082,C0242,Similarity,0.26,10,89f24f6c73344fb0b355eeb8d8bed5fc,"Just like the Ruler Postulate for line segments, there is a Protractor Postulate for angles."
R0079,C0235,C0029,Similarity,0.255,10,89f24f6c73344fb0b355eeb8d8bed5fc,"Just like the Ruler Postulate for line segments, there is a Protractor Postulate for angles."
R0080,C0235,C0046,Similarity,0.215,10,89f24f6c73344fb0b355eeb8d8bed5fc,"Just like the Ruler Postulate for line segments, there is a Protractor Postulate for angles."
R0081,C0235,C0062,Similarity,0.26,10,89f24f6c73344fb0b355eeb8d8bed5fc,"Just like the Ruler Postulate for line segments, there is a Protractor Postulate for angles."
R0082,C0235,C0064,Similarity,0.26,10,89f24f6c73344fb0b355eeb8d8bed5fc,"Just like the Ruler Postulate for line segments, there is a Protractor Postulate for angles."
R0083,C0235,C0077,Similarity,0.4018,10,89f24f6c73344fb0b355eeb8d8bed5fc,"Just like the Ruler Postulate for line segments, there is a Protractor Postulate for angles."
R0084,C0235,C0082,Similarity,0.26,10,89f24f6c73344fb0b355eeb8d8bed5fc,"Just like the Ruler Postulate for line segments, there is a Protractor Postulate for angles."
R0085,C0235,C0242,Similarity,0.45,10,89f24f6c73344fb0b355eeb8d8bed5fc,"Just like the Ruler Postulate for line segments, there is a Protractor Postulate for angles."
R0086,C0242,C0029,Similarity,0.215,10,89f24f6c73344fb0b355eeb8d8bed5fc,"Just like the Ruler Postulate for line segments, there is a Protractor Postulate for angles."
R0087,C0242,C0046,Similarity,0.215,10,89f24f6c73344fb0b355eeb8d8bed5fc,"Just like the Ruler Postulate for line segments, there is a Protractor Postulate for angles."
R0088,C0242,C0062,Similarity,0.26,10,89f24f6c73344fb0b355eeb8d8bed5fc,"Just like the Ruler Postulate for line segments, there is a Protractor Postulate for angles."
R0089,C0242,C0064,Similarity,0.26,10,89f24f6c73344fb0b355eeb8d8bed5fc,"Just like the Ruler Postulate for line segments, there is a Protractor Postulate for angles."
R0090,C0242,C0077,Similarity,0.3545,10,89f24f6c73344fb0b355eeb8d8bed5fc,"Just like the Ruler Postulate for line segments, there is a Protractor Postulate for angles."
R0091,C0242,C0082,Similarity,0.26,10,89f24f6c73344fb0b355eeb8d8bed5fc,"Just like the Ruler Postulate for line segments, there is a Protractor Postulate for angles."
R0092,C0242,C0235,Similarity,0.45,10,89f24f6c73344fb0b355eeb8d8bed5fc,"Just like the Ruler Postulate for line segments, there is a Protractor Postulate for angles."
R0093,C0019,C0028,Application,0.4472,10,1b1b8eb1b6d040e49c97c4284d5eae44,"Straight Angle: An angle that measures exactly 180°  180°  Right Angle: An angle that measures exactly 90°  21  www.ckl2.org  90°  < *  This half-square marks right, or 90°, angles."
R0094,C0019,C0086,Application,0.3079,10,1b1b8eb1b6d040e49c97c4284d5eae44,"Straight Angle: An angle that measures exactly 180°  180°  Right Angle: An angle that measures exactly 90°  21  www.ckl2.org  90°  < *  This half-square marks right, or 90°, angles."
R0095,C0019,C0087,Application,0.84,10,1b1b8eb1b6d040e49c97c4284d5eae44,"Straight Angle: An angle that measures exactly 180°  180°  Right Angle: An angle that measures exactly 90°  21  www.ckl2.org  90°  < *  This half-square marks right, or 90°, angles."
R0096,C0028,C0019,Application,0.4472,10,1b1b8eb1b6d040e49c97c4284d5eae44,"Straight Angle: An angle that measures exactly 180°  180°  Right Angle: An angle that measures exactly 90°  21  www.ckl2.org  90°  < *  This half-square marks right, or 90°, angles."
R0097,C0028,C0086,Application,0.2623,10,1b1b8eb1b6d040e49c97c4284d5eae44,"Straight Angle: An angle that measures exactly 180°  180°  Right Angle: An angle that measures exactly 90°  21  www.ckl2.org  90°  < *  This half-square marks right, or 90°, angles."
R0098,C0028,C0087,Application,0.2872,10,1b1b8eb1b6d040e49c97c4284d5eae44,"Straight Angle: An angle that measures exactly 180°  180°  Right Angle: An angle that measures exactly 90°  21  www.ckl2.org  90°  < *  This half-square marks right, or 90°, angles."
R0099,C0086,C0019,Application,0.3079,10,1b1b8eb1b6d040e49c97c4284d5eae44,"Straight Angle: An angle that measures exactly 180°  180°  Right Angle: An angle that measures exactly 90°  21  www.ckl2.org  90°  < *  This half-square marks right, or 90°, angles."
R0100,C0086,C0028,Application,0.2623,10,1b1b8eb1b6d040e49c97c4284d5eae44,"Straight Angle: An angle that measures exactly 180°  180°  Right Angle: An angle that measures exactly 90°  21  www.ckl2.org  90°  < *  This half-square marks right, or 90°, angles."
R0101,C0086,C0087,Application,0.3079,10,1b1b8eb1b6d040e49c97c4284d5eae44,"Straight Angle: An angle that measures exactly 180°  180°  Right Angle: An angle that measures exactly 90°  21  www.ckl2.org  90°  < *  This half-square marks right, or 90°, angles."
R0102,C0087,C0019,Application,0.84,10,1b1b8eb1b6d040e49c97c4284d5eae44,"Straight Angle: An angle that measures exactly 180°  180°  Right Angle: An angle that measures exactly 90°  21  www.ckl2.org  90°  < *  This half-square marks right, or 90°, angles."
R0103,C0087,C0028,Application,0.2872,10,1b1b8eb1b6d040e49c97c4284d5eae44,"Straight Angle: An angle that measures exactly 180°  180°  Right Angle: An angle that measures exactly 90°  21  www.ckl2.org  90°  < *  This half-square marks right, or 90°, angles."
R0104,C0087,C0086,Application,0.3079,10,1b1b8eb1b6d040e49c97c4284d5eae44,"Straight Angle: An angle that measures exactly 180°  180°  Right Angle: An angle that measures exactly 90°  21  www.ckl2.org  90°  < *  This half-square marks right, or 90°, angles."
R0105,C0028,C0062,Similarity,0.2566,12,7bddacf32bff49019ed45a1685a7ca4b,"Solution: Following the steps from above, your angle should look like this:  Now that we know how to draw an angle, we can also copy that angle with a compass and a ruler."
R0106,C0028,C0278,Similarity,0.4064,12,7bddacf32bff49019ed45a1685a7ca4b,"Solution: Following the steps from above, your angle should look like this:  Now that we know how to draw an angle, we can also copy that angle with a compass and a ruler."
R0107,C0062,C0028,Similarity,0.2566,12,7bddacf32bff49019ed45a1685a7ca4b,"Solution: Following the steps from above, your angle should look like this:  Now that we know how to draw an angle, we can also copy that angle with a compass and a ruler."
R0108,C0062,C0278,Similarity,0.2475,12,7bddacf32bff49019ed45a1685a7ca4b,"Solution: Following the steps from above, your angle should look like this:  Now that we know how to draw an angle, we can also copy that angle with a compass and a ruler."
R0109,C0278,C0028,Similarity,0.4064,12,7bddacf32bff49019ed45a1685a7ca4b,"Solution: Following the steps from above, your angle should look like this:  Now that we know how to draw an angle, we can also copy that angle with a compass and a ruler."
R0110,C0278,C0062,Similarity,0.2475,12,7bddacf32bff49019ed45a1685a7ca4b,"Solution: Following the steps from above, your angle should look like this:  Now that we know how to draw an angle, we can also copy that angle with a compass and a ruler."
R0111,C0028,C0046,Similarity,0.4903,12,510cf28c81974093a9b6e35fb669e6ce,"A  Solution: AD _L FC  mlADB = mlBDC = mlFDE = 45°  AD = DE  FD = DB = DC  mlADF = mlADC = 90°  Angle Addition Postulate  Like the Segment Addition Postulate, there is an Angle Addition Postulate."
R0112,C0028,C0066,Similarity,0.3437,12,510cf28c81974093a9b6e35fb669e6ce,"A  Solution: AD _L FC  mlADB = mlBDC = mlFDE = 45°  AD = DE  FD = DB = DC  mlADF = mlADC = 90°  Angle Addition Postulate  Like the Segment Addition Postulate, there is an Angle Addition Postulate."
R0113,C0028,C0078,Similarity,0.4238,12,510cf28c81974093a9b6e35fb669e6ce,"A  Solution: AD _L FC  mlADB = mlBDC = mlFDE = 45°  AD = DE  FD = DB = DC  mlADF = mlADC = 90°  Angle Addition Postulate  Like the Segment Addition Postulate, there is an Angle Addition Postulate."
R0114,C0028,C0856,Similarity,0.3275,12,510cf28c81974093a9b6e35fb669e6ce,"A  Solution: AD _L FC  mlADB = mlBDC = mlFDE = 45°  AD = DE  FD = DB = DC  mlADF = mlADC = 90°  Angle Addition Postulate  Like the Segment Addition Postulate, there is an Angle Addition Postulate."
R0115,C0046,C0028,Similarity,0.4903,12,510cf28c81974093a9b6e35fb669e6ce,"A  Solution: AD _L FC  mlADB = mlBDC = mlFDE = 45°  AD = DE  FD = DB = DC  mlADF = mlADC = 90°  Angle Addition Postulate  Like the Segment Addition Postulate, there is an Angle Addition Postulate."
R0116,C0046,C0066,Similarity,0.427,12,510cf28c81974093a9b6e35fb669e6ce,"A  Solution: AD _L FC  mlADB = mlBDC = mlFDE = 45°  AD = DE  FD = DB = DC  mlADF = mlADC = 90°  Angle Addition Postulate  Like the Segment Addition Postulate, there is an Angle Addition Postulate."
R0117,C0046,C0078,Similarity,0.427,12,510cf28c81974093a9b6e35fb669e6ce,"A  Solution: AD _L FC  mlADB = mlBDC = mlFDE = 45°  AD = DE  FD = DB = DC  mlADF = mlADC = 90°  Angle Addition Postulate  Like the Segment Addition Postulate, there is an Angle Addition Postulate."
R0118,C0046,C0856,Similarity,0.4097,12,510cf28c81974093a9b6e35fb669e6ce,"A  Solution: AD _L FC  mlADB = mlBDC = mlFDE = 45°  AD = DE  FD = DB = DC  mlADF = mlADC = 90°  Angle Addition Postulate  Like the Segment Addition Postulate, there is an Angle Addition Postulate."
R0119,C0066,C0028,Similarity,0.3437,12,510cf28c81974093a9b6e35fb669e6ce,"A  Solution: AD _L FC  mlADB = mlBDC = mlFDE = 45°  AD = DE  FD = DB = DC  mlADF = mlADC = 90°  Angle Addition Postulate  Like the Segment Addition Postulate, there is an Angle Addition Postulate."
R0120,C0066,C0046,Similarity,0.427,12,510cf28c81974093a9b6e35fb669e6ce,"A  Solution: AD _L FC  mlADB = mlBDC = mlFDE = 45°  AD = DE  FD = DB = DC  mlADF = mlADC = 90°  Angle Addition Postulate  Like the Segment Addition Postulate, there is an Angle Addition Postulate."
R0121,C0066,C0078,Similarity,0.92,12,510cf28c81974093a9b6e35fb669e6ce,"A  Solution: AD _L FC  mlADB = mlBDC = mlFDE = 45°  AD = DE  FD = DB = DC  mlADF = mlADC = 90°  Angle Addition Postulate  Like the Segment Addition Postulate, there is an Angle Addition Postulate."
R0122,C0066,C0856,Similarity,0.4202,12,510cf28c81974093a9b6e35fb669e6ce,"A  Solution: AD _L FC  mlADB = mlBDC = mlFDE = 45°  AD = DE  FD = DB = DC  mlADF = mlADC = 90°  Angle Addition Postulate  Like the Segment Addition Postulate, there is an Angle Addition Postulate."
R0123,C0078,C0028,Similarity,0.4238,12,510cf28c81974093a9b6e35fb669e6ce,"A  Solution: AD _L FC  mlADB = mlBDC = mlFDE = 45°  AD = DE  FD = DB = DC  mlADF = mlADC = 90°  Angle Addition Postulate  Like the Segment Addition Postulate, there is an Angle Addition Postulate."
R0124,C0078,C0046,Similarity,0.427,12,510cf28c81974093a9b6e35fb669e6ce,"A  Solution: AD _L FC  mlADB = mlBDC = mlFDE = 45°  AD = DE  FD = DB = DC  mlADF = mlADC = 90°  Angle Addition Postulate  Like the Segment Addition Postulate, there is an Angle Addition Postulate."
R0125,C0078,C0066,Similarity,0.92,12,510cf28c81974093a9b6e35fb669e6ce,"A  Solution: AD _L FC  mlADB = mlBDC = mlFDE = 45°  AD = DE  FD = DB = DC  mlADF = mlADC = 90°  Angle Addition Postulate  Like the Segment Addition Postulate, there is an Angle Addition Postulate."
R0126,C0078,C0856,Similarity,0.3402,12,510cf28c81974093a9b6e35fb669e6ce,"A  Solution: AD _L FC  mlADB = mlBDC = mlFDE = 45°  AD = DE  FD = DB = DC  mlADF = mlADC = 90°  Angle Addition Postulate  Like the Segment Addition Postulate, there is an Angle Addition Postulate."
R0127,C0856,C0028,Similarity,0.3275,12,510cf28c81974093a9b6e35fb669e6ce,"A  Solution: AD _L FC  mlADB = mlBDC = mlFDE = 45°  AD = DE  FD = DB = DC  mlADF = mlADC = 90°  Angle Addition Postulate  Like the Segment Addition Postulate, there is an Angle Addition Postulate."
R0128,C0856,C0046,Similarity,0.4097,12,510cf28c81974093a9b6e35fb669e6ce,"A  Solution: AD _L FC  mlADB = mlBDC = mlFDE = 45°  AD = DE  FD = DB = DC  mlADF = mlADC = 90°  Angle Addition Postulate  Like the Segment Addition Postulate, there is an Angle Addition Postulate."
R0129,C0856,C0066,Similarity,0.4202,12,510cf28c81974093a9b6e35fb669e6ce,"A  Solution: AD _L FC  mlADB = mlBDC = mlFDE = 45°  AD = DE  FD = DB = DC  mlADF = mlADC = 90°  Angle Addition Postulate  Like the Segment Addition Postulate, there is an Angle Addition Postulate."
R0130,C0856,C0078,Similarity,0.3402,12,510cf28c81974093a9b6e35fb669e6ce,"A  Solution: AD _L FC  mlADB = mlBDC = mlFDE = 45°  AD = DE  FD = DB = DC  mlADF = mlADC = 90°  Angle Addition Postulate  Like the Segment Addition Postulate, there is an Angle Addition Postulate."
R0131,C0036,C0038,Similarity,0.84,13,57ff6c9a0498419a866adf24a156ab08,"Table 1.9:  Label It  Say It  AB = BA  AB is congruent to BA  Table 1.10:  Equal  Congruent  used with measurement  mAB — AB = hem  mlABC = 60°  used with figures  AB = BA  lABC = ICBA  If two segments or angles are congruent, then they are also equal."
R0132,C0036,C0075,Similarity,0.36,13,57ff6c9a0498419a866adf24a156ab08,"Table 1.9:  Label It  Say It  AB = BA  AB is congruent to BA  Table 1.10:  Equal  Congruent  used with measurement  mAB — AB = hem  mlABC = 60°  used with figures  AB = BA  lABC = ICBA  If two segments or angles are congruent, then they are also equal."
R0133,C0036,C0151,Similarity,0.3529,13,57ff6c9a0498419a866adf24a156ab08,"Table 1.9:  Label It  Say It  AB = BA  AB is congruent to BA  Table 1.10:  Equal  Congruent  used with measurement  mAB — AB = hem  mlABC = 60°  used with figures  AB = BA  lABC = ICBA  If two segments or angles are congruent, then they are also equal."
R0134,C0038,C0036,Similarity,0.84,13,57ff6c9a0498419a866adf24a156ab08,"Table 1.9:  Label It  Say It  AB = BA  AB is congruent to BA  Table 1.10:  Equal  Congruent  used with measurement  mAB — AB = hem  mlABC = 60°  used with figures  AB = BA  lABC = ICBA  If two segments or angles are congruent, then they are also equal."
R0135,C0038,C0075,Similarity,0.36,13,57ff6c9a0498419a866adf24a156ab08,"Table 1.9:  Label It  Say It  AB = BA  AB is congruent to BA  Table 1.10:  Equal  Congruent  used with measurement  mAB — AB = hem  mlABC = 60°  used with figures  AB = BA  lABC = ICBA  If two segments or angles are congruent, then they are also equal."
R0136,C0038,C0151,Similarity,0.3529,13,57ff6c9a0498419a866adf24a156ab08,"Table 1.9:  Label It  Say It  AB = BA  AB is congruent to BA  Table 1.10:  Equal  Congruent  used with measurement  mAB — AB = hem  mlABC = 60°  used with figures  AB = BA  lABC = ICBA  If two segments or angles are congruent, then they are also equal."
R0137,C0075,C0036,Similarity,0.36,13,57ff6c9a0498419a866adf24a156ab08,"Table 1.9:  Label It  Say It  AB = BA  AB is congruent to BA  Table 1.10:  Equal  Congruent  used with measurement  mAB — AB = hem  mlABC = 60°  used with figures  AB = BA  lABC = ICBA  If two segments or angles are congruent, then they are also equal."
R0138,C0075,C0038,Similarity,0.36,13,57ff6c9a0498419a866adf24a156ab08,"Table 1.9:  Label It  Say It  AB = BA  AB is congruent to BA  Table 1.10:  Equal  Congruent  used with measurement  mAB — AB = hem  mlABC = 60°  used with figures  AB = BA  lABC = ICBA  If two segments or angles are congruent, then they are also equal."
R0139,C0075,C0151,Similarity,0.3467,13,57ff6c9a0498419a866adf24a156ab08,"Table 1.9:  Label It  Say It  AB = BA  AB is congruent to BA  Table 1.10:  Equal  Congruent  used with measurement  mAB — AB = hem  mlABC = 60°  used with figures  AB = BA  lABC = ICBA  If two segments or angles are congruent, then they are also equal."
R0140,C0151,C0036,Similarity,0.3529,13,57ff6c9a0498419a866adf24a156ab08,"Table 1.9:  Label It  Say It  AB = BA  AB is congruent to BA  Table 1.10:  Equal  Congruent  used with measurement  mAB — AB = hem  mlABC = 60°  used with figures  AB = BA  lABC = ICBA  If two segments or angles are congruent, then they are also equal."
R0141,C0151,C0038,Similarity,0.3529,13,57ff6c9a0498419a866adf24a156ab08,"Table 1.9:  Label It  Say It  AB = BA  AB is congruent to BA  Table 1.10:  Equal  Congruent  used with measurement  mAB — AB = hem  mlABC = 60°  used with figures  AB = BA  lABC = ICBA  If two segments or angles are congruent, then they are also equal."
R0142,C0151,C0075,Similarity,0.3467,13,57ff6c9a0498419a866adf24a156ab08,"Table 1.9:  Label It  Say It  AB = BA  AB is congruent to BA  Table 1.10:  Equal  Congruent  used with measurement  mAB — AB = hem  mlABC = 60°  used with figures  AB = BA  lABC = ICBA  If two segments or angles are congruent, then they are also equal."
R0143,C0114,C0113,Application,0.4467,14,2b3cbd62716d407e8086277cbc0637b0,"Midpoint Formula  When points are plotted in the coordinate plane, we can use a formula to find the midpoint between them."
R0144,C0026,C0059,Application,0.2367,14,2b3cbd62716d407e8086277cbc0637b0,"Midpoint Formula  When points are plotted in the coordinate plane, we can use a formula to find the midpoint between them."
R0145,C0026,C0109,Application,0.215,14,2b3cbd62716d407e8086277cbc0637b0,"Midpoint Formula  When points are plotted in the coordinate plane, we can use a formula to find the midpoint between them."
R0146,C0026,C0113,Application,0.4031,14,2b3cbd62716d407e8086277cbc0637b0,"Midpoint Formula  When points are plotted in the coordinate plane, we can use a formula to find the midpoint between them."
R0147,C0026,C0114,Application,0.2475,14,2b3cbd62716d407e8086277cbc0637b0,"Midpoint Formula  When points are plotted in the coordinate plane, we can use a formula to find the midpoint between them."
R0148,C0059,C0026,Application,0.2367,14,2b3cbd62716d407e8086277cbc0637b0,"Midpoint Formula  When points are plotted in the coordinate plane, we can use a formula to find the midpoint between them."
R0149,C0059,C0109,Application,0.2521,14,2b3cbd62716d407e8086277cbc0637b0,"Midpoint Formula  When points are plotted in the coordinate plane, we can use a formula to find the midpoint between them."
R0150,C0059,C0113,Application,0.2376,14,2b3cbd62716d407e8086277cbc0637b0,"Midpoint Formula  When points are plotted in the coordinate plane, we can use a formula to find the midpoint between them."
R0151,C0059,C0114,Application,0.3212,14,2b3cbd62716d407e8086277cbc0637b0,"Midpoint Formula  When points are plotted in the coordinate plane, we can use a formula to find the midpoint between them."
R0152,C0109,C0026,Application,0.215,14,2b3cbd62716d407e8086277cbc0637b0,"Midpoint Formula  When points are plotted in the coordinate plane, we can use a formula to find the midpoint between them."
R0153,C0109,C0059,Application,0.2521,14,2b3cbd62716d407e8086277cbc0637b0,"Midpoint Formula  When points are plotted in the coordinate plane, we can use a formula to find the midpoint between them."
R0154,C0109,C0113,Application,0.2982,14,2b3cbd62716d407e8086277cbc0637b0,"Midpoint Formula  When points are plotted in the coordinate plane, we can use a formula to find the midpoint between them."
R0155,C0109,C0114,Application,0.3693,14,2b3cbd62716d407e8086277cbc0637b0,"Midpoint Formula  When points are plotted in the coordinate plane, we can use a formula to find the midpoint between them."
R0156,C0113,C0026,Application,0.4031,14,2b3cbd62716d407e8086277cbc0637b0,"Midpoint Formula  When points are plotted in the coordinate plane, we can use a formula to find the midpoint between them."
R0157,C0113,C0059,Application,0.2376,14,2b3cbd62716d407e8086277cbc0637b0,"Midpoint Formula  When points are plotted in the coordinate plane, we can use a formula to find the midpoint between them."
R0158,C0113,C0109,Application,0.2982,14,2b3cbd62716d407e8086277cbc0637b0,"Midpoint Formula  When points are plotted in the coordinate plane, we can use a formula to find the midpoint between them."
R0159,C0113,C0114,Application,0.2867,14,2b3cbd62716d407e8086277cbc0637b0,"Midpoint Formula  When points are plotted in the coordinate plane, we can use a formula to find the midpoint between them."
R0160,C0114,C0026,Application,0.2475,14,2b3cbd62716d407e8086277cbc0637b0,"Midpoint Formula  When points are plotted in the coordinate plane, we can use a formula to find the midpoint between them."
R0161,C0114,C0059,Application,0.3212,14,2b3cbd62716d407e8086277cbc0637b0,"Midpoint Formula  When points are plotted in the coordinate plane, we can use a formula to find the midpoint between them."
R0162,C0114,C0109,Application,0.3693,14,2b3cbd62716d407e8086277cbc0637b0,"Midpoint Formula  When points are plotted in the coordinate plane, we can use a formula to find the midpoint between them."
R0163,C0109,C0714,Application,0.215,14,053895c7ad7f41e29b2dd1118a1053e2,"To find the midpoint,  divide 4 cm by 2 because we want 2 equal pieces."
R0164,C0714,C0109,Application,0.215,14,053895c7ad7f41e29b2dd1118a1053e2,"To find the midpoint,  divide 4 cm by 2 because we want 2 equal pieces."
R0165,C0121,C0122,Similarity,0.32,15,ca4d2d208b3c457e98a9f2c3e3c1eb98,"From this outline, we can see the following parts are congruent:  TR = TC LTCR 2 ITRC  RS =CM ICIE = IRAN  CI = RA and IT MS = ITS M  AN = lE IIEC = lANR  TS = TM ITCI = ITRA  All the four triangular sides of the building are congruent to each other as well."
R0166,C0121,C0123,Similarity,0.32,15,ca4d2d208b3c457e98a9f2c3e3c1eb98,"From this outline, we can see the following parts are congruent:  TR = TC LTCR 2 ITRC  RS =CM ICIE = IRAN  CI = RA and IT MS = ITS M  AN = lE IIEC = lANR  TS = TM ITCI = ITRA  All the four triangular sides of the building are congruent to each other as well."
R0167,C0121,C0124,Similarity,0.32,15,ca4d2d208b3c457e98a9f2c3e3c1eb98,"From this outline, we can see the following parts are congruent:  TR = TC LTCR 2 ITRC  RS =CM ICIE = IRAN  CI = RA and IT MS = ITS M  AN = lE IIEC = lANR  TS = TM ITCI = ITRA  All the four triangular sides of the building are congruent to each other as well."
R0168,C0121,C0126,Similarity,0.32,15,ca4d2d208b3c457e98a9f2c3e3c1eb98,"From this outline, we can see the following parts are congruent:  TR = TC LTCR 2 ITRC  RS =CM ICIE = IRAN  CI = RA and IT MS = ITS M  AN = lE IIEC = lANR  TS = TM ITCI = ITRA  All the four triangular sides of the building are congruent to each other as well."
R0169,C0121,C0127,Similarity,0.32,15,ca4d2d208b3c457e98a9f2c3e3c1eb98,"From this outline, we can see the following parts are congruent:  TR = TC LTCR 2 ITRC  RS =CM ICIE = IRAN  CI = RA and IT MS = ITS M  AN = lE IIEC = lANR  TS = TM ITCI = ITRA  All the four triangular sides of the building are congruent to each other as well."
R0170,C0121,C0128,Similarity,0.32,15,ca4d2d208b3c457e98a9f2c3e3c1eb98,"From this outline, we can see the following parts are congruent:  TR = TC LTCR 2 ITRC  RS =CM ICIE = IRAN  CI = RA and IT MS = ITS M  AN = lE IIEC = lANR  TS = TM ITCI = ITRA  All the four triangular sides of the building are congruent to each other as well."
R0171,C0121,C0129,Similarity,0.32,15,ca4d2d208b3c457e98a9f2c3e3c1eb98,"From this outline, we can see the following parts are congruent:  TR = TC LTCR 2 ITRC  RS =CM ICIE = IRAN  CI = RA and IT MS = ITS M  AN = lE IIEC = lANR  TS = TM ITCI = ITRA  All the four triangular sides of the building are congruent to each other as well."
R0172,C0121,C0148,Similarity,0.26,15,ca4d2d208b3c457e98a9f2c3e3c1eb98,"From this outline, we can see the following parts are congruent:  TR = TC LTCR 2 ITRC  RS =CM ICIE = IRAN  CI = RA and IT MS = ITS M  AN = lE IIEC = lANR  TS = TM ITCI = ITRA  All the four triangular sides of the building are congruent to each other as well."
R0173,C0122,C0121,Similarity,0.32,15,ca4d2d208b3c457e98a9f2c3e3c1eb98,"From this outline, we can see the following parts are congruent:  TR = TC LTCR 2 ITRC  RS =CM ICIE = IRAN  CI = RA and IT MS = ITS M  AN = lE IIEC = lANR  TS = TM ITCI = ITRA  All the four triangular sides of the building are congruent to each other as well."
R0174,C0122,C0123,Similarity,0.32,15,ca4d2d208b3c457e98a9f2c3e3c1eb98,"From this outline, we can see the following parts are congruent:  TR = TC LTCR 2 ITRC  RS =CM ICIE = IRAN  CI = RA and IT MS = ITS M  AN = lE IIEC = lANR  TS = TM ITCI = ITRA  All the four triangular sides of the building are congruent to each other as well."
R0175,C0122,C0124,Similarity,0.32,15,ca4d2d208b3c457e98a9f2c3e3c1eb98,"From this outline, we can see the following parts are congruent:  TR = TC LTCR 2 ITRC  RS =CM ICIE = IRAN  CI = RA and IT MS = ITS M  AN = lE IIEC = lANR  TS = TM ITCI = ITRA  All the four triangular sides of the building are congruent to each other as well."
R0176,C0122,C0126,Similarity,0.32,15,ca4d2d208b3c457e98a9f2c3e3c1eb98,"From this outline, we can see the following parts are congruent:  TR = TC LTCR 2 ITRC  RS =CM ICIE = IRAN  CI = RA and IT MS = ITS M  AN = lE IIEC = lANR  TS = TM ITCI = ITRA  All the four triangular sides of the building are congruent to each other as well."
R0177,C0122,C0127,Similarity,0.32,15,ca4d2d208b3c457e98a9f2c3e3c1eb98,"From this outline, we can see the following parts are congruent:  TR = TC LTCR 2 ITRC  RS =CM ICIE = IRAN  CI = RA and IT MS = ITS M  AN = lE IIEC = lANR  TS = TM ITCI = ITRA  All the four triangular sides of the building are congruent to each other as well."
R0178,C0122,C0128,Similarity,0.32,15,ca4d2d208b3c457e98a9f2c3e3c1eb98,"From this outline, we can see the following parts are congruent:  TR = TC LTCR 2 ITRC  RS =CM ICIE = IRAN  CI = RA and IT MS = ITS M  AN = lE IIEC = lANR  TS = TM ITCI = ITRA  All the four triangular sides of the building are congruent to each other as well."
R0179,C0122,C0129,Similarity,0.32,15,ca4d2d208b3c457e98a9f2c3e3c1eb98,"From this outline, we can see the following parts are congruent:  TR = TC LTCR 2 ITRC  RS =CM ICIE = IRAN  CI = RA and IT MS = ITS M  AN = lE IIEC = lANR  TS = TM ITCI = ITRA  All the four triangular sides of the building are congruent to each other as well."
R0180,C0122,C0148,Similarity,0.26,15,ca4d2d208b3c457e98a9f2c3e3c1eb98,"From this outline, we can see the following parts are congruent:  TR = TC LTCR 2 ITRC  RS =CM ICIE = IRAN  CI = RA and IT MS = ITS M  AN = lE IIEC = lANR  TS = TM ITCI = ITRA  All the four triangular sides of the building are congruent to each other as well."
R0181,C0123,C0121,Similarity,0.32,15,ca4d2d208b3c457e98a9f2c3e3c1eb98,"From this outline, we can see the following parts are congruent:  TR = TC LTCR 2 ITRC  RS =CM ICIE = IRAN  CI = RA and IT MS = ITS M  AN = lE IIEC = lANR  TS = TM ITCI = ITRA  All the four triangular sides of the building are congruent to each other as well."
R0182,C0123,C0122,Similarity,0.32,15,ca4d2d208b3c457e98a9f2c3e3c1eb98,"From this outline, we can see the following parts are congruent:  TR = TC LTCR 2 ITRC  RS =CM ICIE = IRAN  CI = RA and IT MS = ITS M  AN = lE IIEC = lANR  TS = TM ITCI = ITRA  All the four triangular sides of the building are congruent to each other as well."
R0183,C0123,C0124,Similarity,0.32,15,ca4d2d208b3c457e98a9f2c3e3c1eb98,"From this outline, we can see the following parts are congruent:  TR = TC LTCR 2 ITRC  RS =CM ICIE = IRAN  CI = RA and IT MS = ITS M  AN = lE IIEC = lANR  TS = TM ITCI = ITRA  All the four triangular sides of the building are congruent to each other as well."
R0184,C0123,C0126,Similarity,0.32,15,ca4d2d208b3c457e98a9f2c3e3c1eb98,"From this outline, we can see the following parts are congruent:  TR = TC LTCR 2 ITRC  RS =CM ICIE = IRAN  CI = RA and IT MS = ITS M  AN = lE IIEC = lANR  TS = TM ITCI = ITRA  All the four triangular sides of the building are congruent to each other as well."
R0185,C0123,C0127,Similarity,0.32,15,ca4d2d208b3c457e98a9f2c3e3c1eb98,"From this outline, we can see the following parts are congruent:  TR = TC LTCR 2 ITRC  RS =CM ICIE = IRAN  CI = RA and IT MS = ITS M  AN = lE IIEC = lANR  TS = TM ITCI = ITRA  All the four triangular sides of the building are congruent to each other as well."
R0186,C0123,C0128,Similarity,0.32,15,ca4d2d208b3c457e98a9f2c3e3c1eb98,"From this outline, we can see the following parts are congruent:  TR = TC LTCR 2 ITRC  RS =CM ICIE = IRAN  CI = RA and IT MS = ITS M  AN = lE IIEC = lANR  TS = TM ITCI = ITRA  All the four triangular sides of the building are congruent to each other as well."
R0187,C0123,C0129,Similarity,0.32,15,ca4d2d208b3c457e98a9f2c3e3c1eb98,"From this outline, we can see the following parts are congruent:  TR = TC LTCR 2 ITRC  RS =CM ICIE = IRAN  CI = RA and IT MS = ITS M  AN = lE IIEC = lANR  TS = TM ITCI = ITRA  All the four triangular sides of the building are congruent to each other as well."
R0188,C0123,C0148,Similarity,0.26,15,ca4d2d208b3c457e98a9f2c3e3c1eb98,"From this outline, we can see the following parts are congruent:  TR = TC LTCR 2 ITRC  RS =CM ICIE = IRAN  CI = RA and IT MS = ITS M  AN = lE IIEC = lANR  TS = TM ITCI = ITRA  All the four triangular sides of the building are congruent to each other as well."
R0189,C0124,C0121,Similarity,0.32,15,ca4d2d208b3c457e98a9f2c3e3c1eb98,"From this outline, we can see the following parts are congruent:  TR = TC LTCR 2 ITRC  RS =CM ICIE = IRAN  CI = RA and IT MS = ITS M  AN = lE IIEC = lANR  TS = TM ITCI = ITRA  All the four triangular sides of the building are congruent to each other as well."
R0190,C0124,C0122,Similarity,0.32,15,ca4d2d208b3c457e98a9f2c3e3c1eb98,"From this outline, we can see the following parts are congruent:  TR = TC LTCR 2 ITRC  RS =CM ICIE = IRAN  CI = RA and IT MS = ITS M  AN = lE IIEC = lANR  TS = TM ITCI = ITRA  All the four triangular sides of the building are congruent to each other as well."
R0191,C0124,C0123,Similarity,0.32,15,ca4d2d208b3c457e98a9f2c3e3c1eb98,"From this outline, we can see the following parts are congruent:  TR = TC LTCR 2 ITRC  RS =CM ICIE = IRAN  CI = RA and IT MS = ITS M  AN = lE IIEC = lANR  TS = TM ITCI = ITRA  All the four triangular sides of the building are congruent to each other as well."
R0192,C0124,C0126,Similarity,0.32,15,ca4d2d208b3c457e98a9f2c3e3c1eb98,"From this outline, we can see the following parts are congruent:  TR = TC LTCR 2 ITRC  RS =CM ICIE = IRAN  CI = RA and IT MS = ITS M  AN = lE IIEC = lANR  TS = TM ITCI = ITRA  All the four triangular sides of the building are congruent to each other as well."
R0193,C0124,C0127,Similarity,0.32,15,ca4d2d208b3c457e98a9f2c3e3c1eb98,"From this outline, we can see the following parts are congruent:  TR = TC LTCR 2 ITRC  RS =CM ICIE = IRAN  CI = RA and IT MS = ITS M  AN = lE IIEC = lANR  TS = TM ITCI = ITRA  All the four triangular sides of the building are congruent to each other as well."
R0194,C0124,C0128,Similarity,0.32,15,ca4d2d208b3c457e98a9f2c3e3c1eb98,"From this outline, we can see the following parts are congruent:  TR = TC LTCR 2 ITRC  RS =CM ICIE = IRAN  CI = RA and IT MS = ITS M  AN = lE IIEC = lANR  TS = TM ITCI = ITRA  All the four triangular sides of the building are congruent to each other as well."
R0195,C0124,C0129,Similarity,0.32,15,ca4d2d208b3c457e98a9f2c3e3c1eb98,"From this outline, we can see the following parts are congruent:  TR = TC LTCR 2 ITRC  RS =CM ICIE = IRAN  CI = RA and IT MS = ITS M  AN = lE IIEC = lANR  TS = TM ITCI = ITRA  All the four triangular sides of the building are congruent to each other as well."
R0196,C0124,C0148,Similarity,0.26,15,ca4d2d208b3c457e98a9f2c3e3c1eb98,"From this outline, we can see the following parts are congruent:  TR = TC LTCR 2 ITRC  RS =CM ICIE = IRAN  CI = RA and IT MS = ITS M  AN = lE IIEC = lANR  TS = TM ITCI = ITRA  All the four triangular sides of the building are congruent to each other as well."
R0197,C0126,C0121,Similarity,0.32,15,ca4d2d208b3c457e98a9f2c3e3c1eb98,"From this outline, we can see the following parts are congruent:  TR = TC LTCR 2 ITRC  RS =CM ICIE = IRAN  CI = RA and IT MS = ITS M  AN = lE IIEC = lANR  TS = TM ITCI = ITRA  All the four triangular sides of the building are congruent to each other as well."
R0198,C0126,C0122,Similarity,0.32,15,ca4d2d208b3c457e98a9f2c3e3c1eb98,"From this outline, we can see the following parts are congruent:  TR = TC LTCR 2 ITRC  RS =CM ICIE = IRAN  CI = RA and IT MS = ITS M  AN = lE IIEC = lANR  TS = TM ITCI = ITRA  All the four triangular sides of the building are congruent to each other as well."
R0199,C0126,C0123,Similarity,0.32,15,ca4d2d208b3c457e98a9f2c3e3c1eb98,"From this outline, we can see the following parts are congruent:  TR = TC LTCR 2 ITRC  RS =CM ICIE = IRAN  CI = RA and IT MS = ITS M  AN = lE IIEC = lANR  TS = TM ITCI = ITRA  All the four triangular sides of the building are congruent to each other as well."
R0200,C0126,C0124,Similarity,0.32,15,ca4d2d208b3c457e98a9f2c3e3c1eb98,"From this outline, we can see the following parts are congruent:  TR = TC LTCR 2 ITRC  RS =CM ICIE = IRAN  CI = RA and IT MS = ITS M  AN = lE IIEC = lANR  TS = TM ITCI = ITRA  All the four triangular sides of the building are congruent to each other as well."
R0201,C0126,C0127,Similarity,0.32,15,ca4d2d208b3c457e98a9f2c3e3c1eb98,"From this outline, we can see the following parts are congruent:  TR = TC LTCR 2 ITRC  RS =CM ICIE = IRAN  CI = RA and IT MS = ITS M  AN = lE IIEC = lANR  TS = TM ITCI = ITRA  All the four triangular sides of the building are congruent to each other as well."
R0202,C0126,C0128,Similarity,0.32,15,ca4d2d208b3c457e98a9f2c3e3c1eb98,"From this outline, we can see the following parts are congruent:  TR = TC LTCR 2 ITRC  RS =CM ICIE = IRAN  CI = RA and IT MS = ITS M  AN = lE IIEC = lANR  TS = TM ITCI = ITRA  All the four triangular sides of the building are congruent to each other as well."
R0203,C0126,C0129,Similarity,0.32,15,ca4d2d208b3c457e98a9f2c3e3c1eb98,"From this outline, we can see the following parts are congruent:  TR = TC LTCR 2 ITRC  RS =CM ICIE = IRAN  CI = RA and IT MS = ITS M  AN = lE IIEC = lANR  TS = TM ITCI = ITRA  All the four triangular sides of the building are congruent to each other as well."
R0204,C0126,C0148,Similarity,0.26,15,ca4d2d208b3c457e98a9f2c3e3c1eb98,"From this outline, we can see the following parts are congruent:  TR = TC LTCR 2 ITRC  RS =CM ICIE = IRAN  CI = RA and IT MS = ITS M  AN = lE IIEC = lANR  TS = TM ITCI = ITRA  All the four triangular sides of the building are congruent to each other as well."
R0205,C0127,C0121,Similarity,0.32,15,ca4d2d208b3c457e98a9f2c3e3c1eb98,"From this outline, we can see the following parts are congruent:  TR = TC LTCR 2 ITRC  RS =CM ICIE = IRAN  CI = RA and IT MS = ITS M  AN = lE IIEC = lANR  TS = TM ITCI = ITRA  All the four triangular sides of the building are congruent to each other as well."
R0206,C0127,C0122,Similarity,0.32,15,ca4d2d208b3c457e98a9f2c3e3c1eb98,"From this outline, we can see the following parts are congruent:  TR = TC LTCR 2 ITRC  RS =CM ICIE = IRAN  CI = RA and IT MS = ITS M  AN = lE IIEC = lANR  TS = TM ITCI = ITRA  All the four triangular sides of the building are congruent to each other as well."
R0207,C0127,C0123,Similarity,0.32,15,ca4d2d208b3c457e98a9f2c3e3c1eb98,"From this outline, we can see the following parts are congruent:  TR = TC LTCR 2 ITRC  RS =CM ICIE = IRAN  CI = RA and IT MS = ITS M  AN = lE IIEC = lANR  TS = TM ITCI = ITRA  All the four triangular sides of the building are congruent to each other as well."
R0208,C0127,C0124,Similarity,0.32,15,ca4d2d208b3c457e98a9f2c3e3c1eb98,"From this outline, we can see the following parts are congruent:  TR = TC LTCR 2 ITRC  RS =CM ICIE = IRAN  CI = RA and IT MS = ITS M  AN = lE IIEC = lANR  TS = TM ITCI = ITRA  All the four triangular sides of the building are congruent to each other as well."
R0209,C0127,C0126,Similarity,0.32,15,ca4d2d208b3c457e98a9f2c3e3c1eb98,"From this outline, we can see the following parts are congruent:  TR = TC LTCR 2 ITRC  RS =CM ICIE = IRAN  CI = RA and IT MS = ITS M  AN = lE IIEC = lANR  TS = TM ITCI = ITRA  All the four triangular sides of the building are congruent to each other as well."
R0210,C0127,C0128,Similarity,0.32,15,ca4d2d208b3c457e98a9f2c3e3c1eb98,"From this outline, we can see the following parts are congruent:  TR = TC LTCR 2 ITRC  RS =CM ICIE = IRAN  CI = RA and IT MS = ITS M  AN = lE IIEC = lANR  TS = TM ITCI = ITRA  All the four triangular sides of the building are congruent to each other as well."
R0211,C0127,C0129,Similarity,0.32,15,ca4d2d208b3c457e98a9f2c3e3c1eb98,"From this outline, we can see the following parts are congruent:  TR = TC LTCR 2 ITRC  RS =CM ICIE = IRAN  CI = RA and IT MS = ITS M  AN = lE IIEC = lANR  TS = TM ITCI = ITRA  All the four triangular sides of the building are congruent to each other as well."
R0212,C0127,C0148,Similarity,0.26,15,ca4d2d208b3c457e98a9f2c3e3c1eb98,"From this outline, we can see the following parts are congruent:  TR = TC LTCR 2 ITRC  RS =CM ICIE = IRAN  CI = RA and IT MS = ITS M  AN = lE IIEC = lANR  TS = TM ITCI = ITRA  All the four triangular sides of the building are congruent to each other as well."
R0213,C0128,C0121,Similarity,0.32,15,ca4d2d208b3c457e98a9f2c3e3c1eb98,"From this outline, we can see the following parts are congruent:  TR = TC LTCR 2 ITRC  RS =CM ICIE = IRAN  CI = RA and IT MS = ITS M  AN = lE IIEC = lANR  TS = TM ITCI = ITRA  All the four triangular sides of the building are congruent to each other as well."
R0214,C0128,C0122,Similarity,0.32,15,ca4d2d208b3c457e98a9f2c3e3c1eb98,"From this outline, we can see the following parts are congruent:  TR = TC LTCR 2 ITRC  RS =CM ICIE = IRAN  CI = RA and IT MS = ITS M  AN = lE IIEC = lANR  TS = TM ITCI = ITRA  All the four triangular sides of the building are congruent to each other as well."
R0215,C0128,C0123,Similarity,0.32,15,ca4d2d208b3c457e98a9f2c3e3c1eb98,"From this outline, we can see the following parts are congruent:  TR = TC LTCR 2 ITRC  RS =CM ICIE = IRAN  CI = RA and IT MS = ITS M  AN = lE IIEC = lANR  TS = TM ITCI = ITRA  All the four triangular sides of the building are congruent to each other as well."
R0216,C0128,C0124,Similarity,0.32,15,ca4d2d208b3c457e98a9f2c3e3c1eb98,"From this outline, we can see the following parts are congruent:  TR = TC LTCR 2 ITRC  RS =CM ICIE = IRAN  CI = RA and IT MS = ITS M  AN = lE IIEC = lANR  TS = TM ITCI = ITRA  All the four triangular sides of the building are congruent to each other as well."
R0217,C0128,C0126,Similarity,0.32,15,ca4d2d208b3c457e98a9f2c3e3c1eb98,"From this outline, we can see the following parts are congruent:  TR = TC LTCR 2 ITRC  RS =CM ICIE = IRAN  CI = RA and IT MS = ITS M  AN = lE IIEC = lANR  TS = TM ITCI = ITRA  All the four triangular sides of the building are congruent to each other as well."
R0218,C0128,C0127,Similarity,0.32,15,ca4d2d208b3c457e98a9f2c3e3c1eb98,"From this outline, we can see the following parts are congruent:  TR = TC LTCR 2 ITRC  RS =CM ICIE = IRAN  CI = RA and IT MS = ITS M  AN = lE IIEC = lANR  TS = TM ITCI = ITRA  All the four triangular sides of the building are congruent to each other as well."
R0219,C0128,C0129,Similarity,0.32,15,ca4d2d208b3c457e98a9f2c3e3c1eb98,"From this outline, we can see the following parts are congruent:  TR = TC LTCR 2 ITRC  RS =CM ICIE = IRAN  CI = RA and IT MS = ITS M  AN = lE IIEC = lANR  TS = TM ITCI = ITRA  All the four triangular sides of the building are congruent to each other as well."
R0220,C0128,C0148,Similarity,0.26,15,ca4d2d208b3c457e98a9f2c3e3c1eb98,"From this outline, we can see the following parts are congruent:  TR = TC LTCR 2 ITRC  RS =CM ICIE = IRAN  CI = RA and IT MS = ITS M  AN = lE IIEC = lANR  TS = TM ITCI = ITRA  All the four triangular sides of the building are congruent to each other as well."
R0221,C0129,C0121,Similarity,0.32,15,ca4d2d208b3c457e98a9f2c3e3c1eb98,"From this outline, we can see the following parts are congruent:  TR = TC LTCR 2 ITRC  RS =CM ICIE = IRAN  CI = RA and IT MS = ITS M  AN = lE IIEC = lANR  TS = TM ITCI = ITRA  All the four triangular sides of the building are congruent to each other as well."
R0222,C0129,C0122,Similarity,0.32,15,ca4d2d208b3c457e98a9f2c3e3c1eb98,"From this outline, we can see the following parts are congruent:  TR = TC LTCR 2 ITRC  RS =CM ICIE = IRAN  CI = RA and IT MS = ITS M  AN = lE IIEC = lANR  TS = TM ITCI = ITRA  All the four triangular sides of the building are congruent to each other as well."
R0223,C0129,C0123,Similarity,0.32,15,ca4d2d208b3c457e98a9f2c3e3c1eb98,"From this outline, we can see the following parts are congruent:  TR = TC LTCR 2 ITRC  RS =CM ICIE = IRAN  CI = RA and IT MS = ITS M  AN = lE IIEC = lANR  TS = TM ITCI = ITRA  All the four triangular sides of the building are congruent to each other as well."
R0224,C0129,C0124,Similarity,0.32,15,ca4d2d208b3c457e98a9f2c3e3c1eb98,"From this outline, we can see the following parts are congruent:  TR = TC LTCR 2 ITRC  RS =CM ICIE = IRAN  CI = RA and IT MS = ITS M  AN = lE IIEC = lANR  TS = TM ITCI = ITRA  All the four triangular sides of the building are congruent to each other as well."
R0225,C0129,C0126,Similarity,0.32,15,ca4d2d208b3c457e98a9f2c3e3c1eb98,"From this outline, we can see the following parts are congruent:  TR = TC LTCR 2 ITRC  RS =CM ICIE = IRAN  CI = RA and IT MS = ITS M  AN = lE IIEC = lANR  TS = TM ITCI = ITRA  All the four triangular sides of the building are congruent to each other as well."
R0226,C0129,C0127,Similarity,0.32,15,ca4d2d208b3c457e98a9f2c3e3c1eb98,"From this outline, we can see the following parts are congruent:  TR = TC LTCR 2 ITRC  RS =CM ICIE = IRAN  CI = RA and IT MS = ITS M  AN = lE IIEC = lANR  TS = TM ITCI = ITRA  All the four triangular sides of the building are congruent to each other as well."
R0227,C0129,C0128,Similarity,0.32,15,ca4d2d208b3c457e98a9f2c3e3c1eb98,"From this outline, we can see the following parts are congruent:  TR = TC LTCR 2 ITRC  RS =CM ICIE = IRAN  CI = RA and IT MS = ITS M  AN = lE IIEC = lANR  TS = TM ITCI = ITRA  All the four triangular sides of the building are congruent to each other as well."
R0228,C0129,C0148,Similarity,0.26,15,ca4d2d208b3c457e98a9f2c3e3c1eb98,"From this outline, we can see the following parts are congruent:  TR = TC LTCR 2 ITRC  RS =CM ICIE = IRAN  CI = RA and IT MS = ITS M  AN = lE IIEC = lANR  TS = TM ITCI = ITRA  All the four triangular sides of the building are congruent to each other as well."
R0229,C0148,C0121,Similarity,0.26,15,ca4d2d208b3c457e98a9f2c3e3c1eb98,"From this outline, we can see the following parts are congruent:  TR = TC LTCR 2 ITRC  RS =CM ICIE = IRAN  CI = RA and IT MS = ITS M  AN = lE IIEC = lANR  TS = TM ITCI = ITRA  All the four triangular sides of the building are congruent to each other as well."
R0230,C0148,C0122,Similarity,0.26,15,ca4d2d208b3c457e98a9f2c3e3c1eb98,"From this outline, we can see the following parts are congruent:  TR = TC LTCR 2 ITRC  RS =CM ICIE = IRAN  CI = RA and IT MS = ITS M  AN = lE IIEC = lANR  TS = TM ITCI = ITRA  All the four triangular sides of the building are congruent to each other as well."
R0231,C0148,C0123,Similarity,0.26,15,ca4d2d208b3c457e98a9f2c3e3c1eb98,"From this outline, we can see the following parts are congruent:  TR = TC LTCR 2 ITRC  RS =CM ICIE = IRAN  CI = RA and IT MS = ITS M  AN = lE IIEC = lANR  TS = TM ITCI = ITRA  All the four triangular sides of the building are congruent to each other as well."
R0232,C0148,C0124,Similarity,0.26,15,ca4d2d208b3c457e98a9f2c3e3c1eb98,"From this outline, we can see the following parts are congruent:  TR = TC LTCR 2 ITRC  RS =CM ICIE = IRAN  CI = RA and IT MS = ITS M  AN = lE IIEC = lANR  TS = TM ITCI = ITRA  All the four triangular sides of the building are congruent to each other as well."
R0233,C0148,C0126,Similarity,0.26,15,ca4d2d208b3c457e98a9f2c3e3c1eb98,"From this outline, we can see the following parts are congruent:  TR = TC LTCR 2 ITRC  RS =CM ICIE = IRAN  CI = RA and IT MS = ITS M  AN = lE IIEC = lANR  TS = TM ITCI = ITRA  All the four triangular sides of the building are congruent to each other as well."
R0234,C0148,C0127,Similarity,0.26,15,ca4d2d208b3c457e98a9f2c3e3c1eb98,"From this outline, we can see the following parts are congruent:  TR = TC LTCR 2 ITRC  RS =CM ICIE = IRAN  CI = RA and IT MS = ITS M  AN = lE IIEC = lANR  TS = TM ITCI = ITRA  All the four triangular sides of the building are congruent to each other as well."
R0235,C0148,C0128,Similarity,0.26,15,ca4d2d208b3c457e98a9f2c3e3c1eb98,"From this outline, we can see the following parts are congruent:  TR = TC LTCR 2 ITRC  RS =CM ICIE = IRAN  CI = RA and IT MS = ITS M  AN = lE IIEC = lANR  TS = TM ITCI = ITRA  All the four triangular sides of the building are congruent to each other as well."
R0236,C0148,C0129,Similarity,0.26,15,ca4d2d208b3c457e98a9f2c3e3c1eb98,"From this outline, we can see the following parts are congruent:  TR = TC LTCR 2 ITRC  RS =CM ICIE = IRAN  CI = RA and IT MS = ITS M  AN = lE IIEC = lANR  TS = TM ITCI = ITRA  All the four triangular sides of the building are congruent to each other as well."
R0237,C0109,C0328,Application,0.215,16,192636a8459a4703bd3fc203c79c3931,"For questions 25-28, find the midpoint between each pair of points."
R0238,C0328,C0109,Application,0.215,16,192636a8459a4703bd3fc203c79c3931,"For questions 25-28, find the midpoint between each pair of points."
R0239,C0109,C0246,Application,0.3256,16,192636a8459a4703bd3fc203c79c3931,"(0, -5) and (-9, 9)  Given the midpoint (M) and either endpoint of AB, find the other endpoint."
R0240,C0246,C0109,Application,0.3256,16,192636a8459a4703bd3fc203c79c3931,"(0, -5) and (-9, 9)  Given the midpoint (M) and either endpoint of AB, find the other endpoint."
R0241,C0136,C0028,Part-of,0.4641,16,71d9059b01d6497e98aa58c4c99a579e,"Learning Objectives  • Recognize complementary angles supplementary angles, linear pairs, and vertical angles."
R0242,C0140,C0028,Part-of,0.4307,16,71d9059b01d6497e98aa58c4c99a579e,"Learning Objectives  • Recognize complementary angles supplementary angles, linear pairs, and vertical angles."
R0243,C0137,C0028,Part-of,0.4538,16,71d9059b01d6497e98aa58c4c99a579e,"Learning Objectives  • Recognize complementary angles supplementary angles, linear pairs, and vertical angles."
R0244,C0138,C0028,Part-of,1.0,16,71d9059b01d6497e98aa58c4c99a579e,"Learning Objectives  • Recognize complementary angles supplementary angles, linear pairs, and vertical angles."
R0245,C0045,C0134,Application,0.2938,18,8ba51c19091547fb8a70b9debd940193,We can prove the Vertical Angles Theorem using the same process we used in the investigation.
R0246,C0045,C0137,Application,0.2938,18,8ba51c19091547fb8a70b9debd940193,We can prove the Vertical Angles Theorem using the same process we used in the investigation.
R0247,C0134,C0045,Application,0.2938,18,8ba51c19091547fb8a70b9debd940193,We can prove the Vertical Angles Theorem using the same process we used in the investigation.
R0248,C0134,C0137,Application,0.84,18,8ba51c19091547fb8a70b9debd940193,We can prove the Vertical Angles Theorem using the same process we used in the investigation.
R0249,C0137,C0045,Application,0.2938,18,8ba51c19091547fb8a70b9debd940193,We can prove the Vertical Angles Theorem using the same process we used in the investigation.
R0250,C0137,C0134,Application,0.84,18,8ba51c19091547fb8a70b9debd940193,We can prove the Vertical Angles Theorem using the same process we used in the investigation.
R0251,C0052,C0148,Similarity,0.3374,18,1593a55fcf53471c95941db5ca070149,"N  NE>  NNE  NNW  NEE-*,  22.5°  SEE**  yC"" SWW  se'  SSE  ssw  w  Review Questions  • Questions 1 and 2 are similar to Examples 1, 2, and 3."
R0252,C0052,C0149,Similarity,0.3374,18,1593a55fcf53471c95941db5ca070149,"N  NE>  NNE  NNW  NEE-*,  22.5°  SEE**  yC"" SWW  se'  SSE  ssw  w  Review Questions  • Questions 1 and 2 are similar to Examples 1, 2, and 3."
R0253,C0052,C0150,Similarity,0.3374,18,1593a55fcf53471c95941db5ca070149,"N  NE>  NNE  NNW  NEE-*,  22.5°  SEE**  yC"" SWW  se'  SSE  ssw  w  Review Questions  • Questions 1 and 2 are similar to Examples 1, 2, and 3."
R0254,C0052,C0152,Similarity,0.3374,18,1593a55fcf53471c95941db5ca070149,"N  NE>  NNE  NNW  NEE-*,  22.5°  SEE**  yC"" SWW  se'  SSE  ssw  w  Review Questions  • Questions 1 and 2 are similar to Examples 1, 2, and 3."
R0255,C0052,C0153,Similarity,0.3374,18,1593a55fcf53471c95941db5ca070149,"N  NE>  NNE  NNW  NEE-*,  22.5°  SEE**  yC"" SWW  se'  SSE  ssw  w  Review Questions  • Questions 1 and 2 are similar to Examples 1, 2, and 3."
R0256,C0052,C0154,Similarity,0.3374,18,1593a55fcf53471c95941db5ca070149,"N  NE>  NNE  NNW  NEE-*,  22.5°  SEE**  yC"" SWW  se'  SSE  ssw  w  Review Questions  • Questions 1 and 2 are similar to Examples 1, 2, and 3."
R0257,C0148,C0052,Similarity,0.3374,18,1593a55fcf53471c95941db5ca070149,"N  NE>  NNE  NNW  NEE-*,  22.5°  SEE**  yC"" SWW  se'  SSE  ssw  w  Review Questions  • Questions 1 and 2 are similar to Examples 1, 2, and 3."
R0258,C0148,C0149,Similarity,0.84,18,1593a55fcf53471c95941db5ca070149,"N  NE>  NNE  NNW  NEE-*,  22.5°  SEE**  yC"" SWW  se'  SSE  ssw  w  Review Questions  • Questions 1 and 2 are similar to Examples 1, 2, and 3."
R0259,C0148,C0150,Similarity,0.84,18,1593a55fcf53471c95941db5ca070149,"N  NE>  NNE  NNW  NEE-*,  22.5°  SEE**  yC"" SWW  se'  SSE  ssw  w  Review Questions  • Questions 1 and 2 are similar to Examples 1, 2, and 3."
R0260,C0148,C0152,Similarity,0.84,18,1593a55fcf53471c95941db5ca070149,"N  NE>  NNE  NNW  NEE-*,  22.5°  SEE**  yC"" SWW  se'  SSE  ssw  w  Review Questions  • Questions 1 and 2 are similar to Examples 1, 2, and 3."
R0261,C0148,C0153,Similarity,0.84,18,1593a55fcf53471c95941db5ca070149,"N  NE>  NNE  NNW  NEE-*,  22.5°  SEE**  yC"" SWW  se'  SSE  ssw  w  Review Questions  • Questions 1 and 2 are similar to Examples 1, 2, and 3."
R0262,C0148,C0154,Similarity,0.84,18,1593a55fcf53471c95941db5ca070149,"N  NE>  NNE  NNW  NEE-*,  22.5°  SEE**  yC"" SWW  se'  SSE  ssw  w  Review Questions  • Questions 1 and 2 are similar to Examples 1, 2, and 3."
R0263,C0149,C0052,Similarity,0.3374,18,1593a55fcf53471c95941db5ca070149,"N  NE>  NNE  NNW  NEE-*,  22.5°  SEE**  yC"" SWW  se'  SSE  ssw  w  Review Questions  • Questions 1 and 2 are similar to Examples 1, 2, and 3."
R0264,C0149,C0148,Similarity,0.84,18,1593a55fcf53471c95941db5ca070149,"N  NE>  NNE  NNW  NEE-*,  22.5°  SEE**  yC"" SWW  se'  SSE  ssw  w  Review Questions  • Questions 1 and 2 are similar to Examples 1, 2, and 3."
R0265,C0149,C0150,Similarity,0.84,18,1593a55fcf53471c95941db5ca070149,"N  NE>  NNE  NNW  NEE-*,  22.5°  SEE**  yC"" SWW  se'  SSE  ssw  w  Review Questions  • Questions 1 and 2 are similar to Examples 1, 2, and 3."
R0266,C0149,C0152,Similarity,0.84,18,1593a55fcf53471c95941db5ca070149,"N  NE>  NNE  NNW  NEE-*,  22.5°  SEE**  yC"" SWW  se'  SSE  ssw  w  Review Questions  • Questions 1 and 2 are similar to Examples 1, 2, and 3."
R0267,C0149,C0153,Similarity,0.84,18,1593a55fcf53471c95941db5ca070149,"N  NE>  NNE  NNW  NEE-*,  22.5°  SEE**  yC"" SWW  se'  SSE  ssw  w  Review Questions  • Questions 1 and 2 are similar to Examples 1, 2, and 3."
R0268,C0149,C0154,Similarity,0.84,18,1593a55fcf53471c95941db5ca070149,"N  NE>  NNE  NNW  NEE-*,  22.5°  SEE**  yC"" SWW  se'  SSE  ssw  w  Review Questions  • Questions 1 and 2 are similar to Examples 1, 2, and 3."
R0269,C0150,C0052,Similarity,0.3374,18,1593a55fcf53471c95941db5ca070149,"N  NE>  NNE  NNW  NEE-*,  22.5°  SEE**  yC"" SWW  se'  SSE  ssw  w  Review Questions  • Questions 1 and 2 are similar to Examples 1, 2, and 3."
R0270,C0150,C0148,Similarity,0.84,18,1593a55fcf53471c95941db5ca070149,"N  NE>  NNE  NNW  NEE-*,  22.5°  SEE**  yC"" SWW  se'  SSE  ssw  w  Review Questions  • Questions 1 and 2 are similar to Examples 1, 2, and 3."
R0271,C0150,C0149,Similarity,0.84,18,1593a55fcf53471c95941db5ca070149,"N  NE>  NNE  NNW  NEE-*,  22.5°  SEE**  yC"" SWW  se'  SSE  ssw  w  Review Questions  • Questions 1 and 2 are similar to Examples 1, 2, and 3."
R0272,C0150,C0152,Similarity,0.84,18,1593a55fcf53471c95941db5ca070149,"N  NE>  NNE  NNW  NEE-*,  22.5°  SEE**  yC"" SWW  se'  SSE  ssw  w  Review Questions  • Questions 1 and 2 are similar to Examples 1, 2, and 3."
R0273,C0150,C0153,Similarity,0.84,18,1593a55fcf53471c95941db5ca070149,"N  NE>  NNE  NNW  NEE-*,  22.5°  SEE**  yC"" SWW  se'  SSE  ssw  w  Review Questions  • Questions 1 and 2 are similar to Examples 1, 2, and 3."
R0274,C0150,C0154,Similarity,0.84,18,1593a55fcf53471c95941db5ca070149,"N  NE>  NNE  NNW  NEE-*,  22.5°  SEE**  yC"" SWW  se'  SSE  ssw  w  Review Questions  • Questions 1 and 2 are similar to Examples 1, 2, and 3."
R0275,C0152,C0052,Similarity,0.3374,18,1593a55fcf53471c95941db5ca070149,"N  NE>  NNE  NNW  NEE-*,  22.5°  SEE**  yC"" SWW  se'  SSE  ssw  w  Review Questions  • Questions 1 and 2 are similar to Examples 1, 2, and 3."
R0276,C0152,C0148,Similarity,0.84,18,1593a55fcf53471c95941db5ca070149,"N  NE>  NNE  NNW  NEE-*,  22.5°  SEE**  yC"" SWW  se'  SSE  ssw  w  Review Questions  • Questions 1 and 2 are similar to Examples 1, 2, and 3."
R0277,C0152,C0149,Similarity,0.84,18,1593a55fcf53471c95941db5ca070149,"N  NE>  NNE  NNW  NEE-*,  22.5°  SEE**  yC"" SWW  se'  SSE  ssw  w  Review Questions  • Questions 1 and 2 are similar to Examples 1, 2, and 3."
R0278,C0152,C0150,Similarity,0.84,18,1593a55fcf53471c95941db5ca070149,"N  NE>  NNE  NNW  NEE-*,  22.5°  SEE**  yC"" SWW  se'  SSE  ssw  w  Review Questions  • Questions 1 and 2 are similar to Examples 1, 2, and 3."
R0279,C0152,C0153,Similarity,0.84,18,1593a55fcf53471c95941db5ca070149,"N  NE>  NNE  NNW  NEE-*,  22.5°  SEE**  yC"" SWW  se'  SSE  ssw  w  Review Questions  • Questions 1 and 2 are similar to Examples 1, 2, and 3."
R0280,C0152,C0154,Similarity,0.84,18,1593a55fcf53471c95941db5ca070149,"N  NE>  NNE  NNW  NEE-*,  22.5°  SEE**  yC"" SWW  se'  SSE  ssw  w  Review Questions  • Questions 1 and 2 are similar to Examples 1, 2, and 3."
R0281,C0153,C0052,Similarity,0.3374,18,1593a55fcf53471c95941db5ca070149,"N  NE>  NNE  NNW  NEE-*,  22.5°  SEE**  yC"" SWW  se'  SSE  ssw  w  Review Questions  • Questions 1 and 2 are similar to Examples 1, 2, and 3."
R0282,C0153,C0148,Similarity,0.84,18,1593a55fcf53471c95941db5ca070149,"N  NE>  NNE  NNW  NEE-*,  22.5°  SEE**  yC"" SWW  se'  SSE  ssw  w  Review Questions  • Questions 1 and 2 are similar to Examples 1, 2, and 3."
R0283,C0153,C0149,Similarity,0.84,18,1593a55fcf53471c95941db5ca070149,"N  NE>  NNE  NNW  NEE-*,  22.5°  SEE**  yC"" SWW  se'  SSE  ssw  w  Review Questions  • Questions 1 and 2 are similar to Examples 1, 2, and 3."
R0284,C0153,C0150,Similarity,0.84,18,1593a55fcf53471c95941db5ca070149,"N  NE>  NNE  NNW  NEE-*,  22.5°  SEE**  yC"" SWW  se'  SSE  ssw  w  Review Questions  • Questions 1 and 2 are similar to Examples 1, 2, and 3."
R0285,C0153,C0152,Similarity,0.84,18,1593a55fcf53471c95941db5ca070149,"N  NE>  NNE  NNW  NEE-*,  22.5°  SEE**  yC"" SWW  se'  SSE  ssw  w  Review Questions  • Questions 1 and 2 are similar to Examples 1, 2, and 3."
R0286,C0153,C0154,Similarity,0.84,18,1593a55fcf53471c95941db5ca070149,"N  NE>  NNE  NNW  NEE-*,  22.5°  SEE**  yC"" SWW  se'  SSE  ssw  w  Review Questions  • Questions 1 and 2 are similar to Examples 1, 2, and 3."
R0287,C0154,C0052,Similarity,0.3374,18,1593a55fcf53471c95941db5ca070149,"N  NE>  NNE  NNW  NEE-*,  22.5°  SEE**  yC"" SWW  se'  SSE  ssw  w  Review Questions  • Questions 1 and 2 are similar to Examples 1, 2, and 3."
R0288,C0154,C0148,Similarity,0.84,18,1593a55fcf53471c95941db5ca070149,"N  NE>  NNE  NNW  NEE-*,  22.5°  SEE**  yC"" SWW  se'  SSE  ssw  w  Review Questions  • Questions 1 and 2 are similar to Examples 1, 2, and 3."
R0289,C0154,C0149,Similarity,0.84,18,1593a55fcf53471c95941db5ca070149,"N  NE>  NNE  NNW  NEE-*,  22.5°  SEE**  yC"" SWW  se'  SSE  ssw  w  Review Questions  • Questions 1 and 2 are similar to Examples 1, 2, and 3."
R0290,C0154,C0150,Similarity,0.84,18,1593a55fcf53471c95941db5ca070149,"N  NE>  NNE  NNW  NEE-*,  22.5°  SEE**  yC"" SWW  se'  SSE  ssw  w  Review Questions  • Questions 1 and 2 are similar to Examples 1, 2, and 3."
R0291,C0154,C0152,Similarity,0.84,18,1593a55fcf53471c95941db5ca070149,"N  NE>  NNE  NNW  NEE-*,  22.5°  SEE**  yC"" SWW  se'  SSE  ssw  w  Review Questions  • Questions 1 and 2 are similar to Examples 1, 2, and 3."
R0292,C0154,C0153,Similarity,0.84,18,1593a55fcf53471c95941db5ca070149,"N  NE>  NNE  NNW  NEE-*,  22.5°  SEE**  yC"" SWW  se'  SSE  ssw  w  Review Questions  • Questions 1 and 2 are similar to Examples 1, 2, and 3."
R0293,C0028,C0140,Application,0.2707,18,1593a55fcf53471c95941db5ca070149,Find the measure of an angle that is complementary to LABC if mlABC is  (a) 45°  (b) 82°  (c) 19°  (d) z°  2.
R0294,C0028,C0151,Application,0.3094,18,1593a55fcf53471c95941db5ca070149,Find the measure of an angle that is complementary to LABC if mlABC is  (a) 45°  (b) 82°  (c) 19°  (d) z°  2.
R0295,C0140,C0028,Application,0.4307,18,1593a55fcf53471c95941db5ca070149,Find the measure of an angle that is complementary to LABC if mlABC is  (a) 45°  (b) 82°  (c) 19°  (d) z°  2.
R0296,C0140,C0151,Application,0.215,18,1593a55fcf53471c95941db5ca070149,Find the measure of an angle that is complementary to LABC if mlABC is  (a) 45°  (b) 82°  (c) 19°  (d) z°  2.
R0297,C0151,C0028,Application,0.3094,18,1593a55fcf53471c95941db5ca070149,Find the measure of an angle that is complementary to LABC if mlABC is  (a) 45°  (b) 82°  (c) 19°  (d) z°  2.
R0298,C0151,C0140,Application,0.215,18,1593a55fcf53471c95941db5ca070149,Find the measure of an angle that is complementary to LABC if mlABC is  (a) 45°  (b) 82°  (c) 19°  (d) z°  2.
R0299,C0028,C0059,Application,0.4166,18,1593a55fcf53471c95941db5ca070149,Find the measure of an angle that is supplementary to LABC if mlABC is  (a) 45°  (b) 118°  (c) 32°  (d) x°  Use the diagram below for exercises 3-7.
R0300,C0028,C0136,Application,0.3041,18,1593a55fcf53471c95941db5ca070149,Find the measure of an angle that is supplementary to LABC if mlABC is  (a) 45°  (b) 118°  (c) 32°  (d) x°  Use the diagram below for exercises 3-7.
R0301,C0059,C0028,Application,0.4166,18,1593a55fcf53471c95941db5ca070149,Find the measure of an angle that is supplementary to LABC if mlABC is  (a) 45°  (b) 118°  (c) 32°  (d) x°  Use the diagram below for exercises 3-7.
R0302,C0059,C0136,Application,0.2376,18,1593a55fcf53471c95941db5ca070149,Find the measure of an angle that is supplementary to LABC if mlABC is  (a) 45°  (b) 118°  (c) 32°  (d) x°  Use the diagram below for exercises 3-7.
R0303,C0059,C0151,Application,0.26,18,1593a55fcf53471c95941db5ca070149,Find the measure of an angle that is supplementary to LABC if mlABC is  (a) 45°  (b) 118°  (c) 32°  (d) x°  Use the diagram below for exercises 3-7.
R0304,C0136,C0028,Application,0.4641,18,1593a55fcf53471c95941db5ca070149,Find the measure of an angle that is supplementary to LABC if mlABC is  (a) 45°  (b) 118°  (c) 32°  (d) x°  Use the diagram below for exercises 3-7.
R0305,C0136,C0059,Application,0.2376,18,1593a55fcf53471c95941db5ca070149,Find the measure of an angle that is supplementary to LABC if mlABC is  (a) 45°  (b) 118°  (c) 32°  (d) x°  Use the diagram below for exercises 3-7.
R0306,C0136,C0151,Application,0.2308,18,1593a55fcf53471c95941db5ca070149,Find the measure of an angle that is supplementary to LABC if mlABC is  (a) 45°  (b) 118°  (c) 32°  (d) x°  Use the diagram below for exercises 3-7.
R0307,C0151,C0059,Application,0.26,18,1593a55fcf53471c95941db5ca070149,Find the measure of an angle that is supplementary to LABC if mlABC is  (a) 45°  (b) 118°  (c) 32°  (d) x°  Use the diagram below for exercises 3-7.
R0308,C0151,C0136,Application,0.2308,18,1593a55fcf53471c95941db5ca070149,Find the measure of an angle that is supplementary to LABC if mlABC is  (a) 45°  (b) 118°  (c) 32°  (d) x°  Use the diagram below for exercises 3-7.
R0309,C0029,C0156,Similarity,0.3095,20,a34d2b9602e24b299aca3ab66f176e58,Convex polygons look like:  49  www.ckl2.org  Diagonals: Line segments that connect the vertices of a convex polygon that are not sides.
R0310,C0029,C0164,Similarity,0.267,20,a34d2b9602e24b299aca3ab66f176e58,Convex polygons look like:  49  www.ckl2.org  Diagonals: Line segments that connect the vertices of a convex polygon that are not sides.
R0311,C0029,C0167,Similarity,0.3095,20,a34d2b9602e24b299aca3ab66f176e58,Convex polygons look like:  49  www.ckl2.org  Diagonals: Line segments that connect the vertices of a convex polygon that are not sides.
R0312,C0029,C0278,Similarity,0.2645,20,a34d2b9602e24b299aca3ab66f176e58,Convex polygons look like:  49  www.ckl2.org  Diagonals: Line segments that connect the vertices of a convex polygon that are not sides.
R0313,C0156,C0029,Similarity,0.3095,20,a34d2b9602e24b299aca3ab66f176e58,Convex polygons look like:  49  www.ckl2.org  Diagonals: Line segments that connect the vertices of a convex polygon that are not sides.
R0314,C0156,C0164,Similarity,0.2645,20,a34d2b9602e24b299aca3ab66f176e58,Convex polygons look like:  49  www.ckl2.org  Diagonals: Line segments that connect the vertices of a convex polygon that are not sides.
R0315,C0156,C0167,Similarity,0.84,20,a34d2b9602e24b299aca3ab66f176e58,Convex polygons look like:  49  www.ckl2.org  Diagonals: Line segments that connect the vertices of a convex polygon that are not sides.
R0316,C0156,C0278,Similarity,0.2376,20,a34d2b9602e24b299aca3ab66f176e58,Convex polygons look like:  49  www.ckl2.org  Diagonals: Line segments that connect the vertices of a convex polygon that are not sides.
R0317,C0164,C0029,Similarity,0.267,20,a34d2b9602e24b299aca3ab66f176e58,Convex polygons look like:  49  www.ckl2.org  Diagonals: Line segments that connect the vertices of a convex polygon that are not sides.
R0318,C0164,C0156,Similarity,0.2645,20,a34d2b9602e24b299aca3ab66f176e58,Convex polygons look like:  49  www.ckl2.org  Diagonals: Line segments that connect the vertices of a convex polygon that are not sides.
R0319,C0164,C0167,Similarity,0.2645,20,a34d2b9602e24b299aca3ab66f176e58,Convex polygons look like:  49  www.ckl2.org  Diagonals: Line segments that connect the vertices of a convex polygon that are not sides.
R0320,C0164,C0278,Similarity,0.2386,20,a34d2b9602e24b299aca3ab66f176e58,Convex polygons look like:  49  www.ckl2.org  Diagonals: Line segments that connect the vertices of a convex polygon that are not sides.
R0321,C0167,C0029,Similarity,0.3095,20,a34d2b9602e24b299aca3ab66f176e58,Convex polygons look like:  49  www.ckl2.org  Diagonals: Line segments that connect the vertices of a convex polygon that are not sides.
R0322,C0167,C0156,Similarity,0.84,20,a34d2b9602e24b299aca3ab66f176e58,Convex polygons look like:  49  www.ckl2.org  Diagonals: Line segments that connect the vertices of a convex polygon that are not sides.
R0323,C0167,C0164,Similarity,0.2645,20,a34d2b9602e24b299aca3ab66f176e58,Convex polygons look like:  49  www.ckl2.org  Diagonals: Line segments that connect the vertices of a convex polygon that are not sides.
R0324,C0167,C0278,Similarity,0.2376,20,a34d2b9602e24b299aca3ab66f176e58,Convex polygons look like:  49  www.ckl2.org  Diagonals: Line segments that connect the vertices of a convex polygon that are not sides.
R0325,C0278,C0029,Similarity,0.2645,20,a34d2b9602e24b299aca3ab66f176e58,Convex polygons look like:  49  www.ckl2.org  Diagonals: Line segments that connect the vertices of a convex polygon that are not sides.
R0326,C0278,C0156,Similarity,0.2376,20,a34d2b9602e24b299aca3ab66f176e58,Convex polygons look like:  49  www.ckl2.org  Diagonals: Line segments that connect the vertices of a convex polygon that are not sides.
R0327,C0278,C0164,Similarity,0.2386,20,a34d2b9602e24b299aca3ab66f176e58,Convex polygons look like:  49  www.ckl2.org  Diagonals: Line segments that connect the vertices of a convex polygon that are not sides.
R0328,C0278,C0167,Similarity,0.2376,20,a34d2b9602e24b299aca3ab66f176e58,Convex polygons look like:  49  www.ckl2.org  Diagonals: Line segments that connect the vertices of a convex polygon that are not sides.
R0329,C0029,C0107,Application,0.5171,24,b824072d83d64d02b9a08d9f9f8d073a,"For the line, y = 3x + 1:  (a) Find the slope."
R0330,C0107,C0029,Application,0.5171,24,b824072d83d64d02b9a08d9f9f8d073a,"For the line, y = 3x + 1:  (a) Find the slope."
R0331,C0193,C0197,Application,0.3652,28,9bc69a730ff44bc49df9ff442eec208c,"An arrow can also be used in place of the ""if-then"": p — > q  We can also make the negations, or ""nots"" of p and q."
R0332,C0197,C0193,Application,0.3652,28,9bc69a730ff44bc49df9ff442eec208c,"An arrow can also be used in place of the ""if-then"": p — > q  We can also make the negations, or ""nots"" of p and q."
R0333,C0192,C0193,Application,0.398,30,f47881ebc30742298afb0084591dc313,Find the converse of each true if-then statement.
R0334,C0193,C0192,Application,0.398,30,f47881ebc30742298afb0084591dc313,Find the converse of each true if-then statement.
R0335,C0182,C0012,Prerequisite,0.375,31,2ecd1fcdad2e4962bded79700ae34440,• Compare inductive reasoning and deductive reasoning.
R0336,C0196,C0200,Application,0.2889,31,2ecd1fcdad2e4962bded79700ae34440,"If you pick correctly, you will find the lady."
R0337,C0200,C0196,Application,0.2889,31,2ecd1fcdad2e4962bded79700ae34440,"If you pick correctly, you will find the lady."
R0338,C0208,C0278,Similarity,0.295,32,79133bfbf53f4d8fb881bb5d5fac928f,"Solution: If we were to rewrite this symbolically, it would look like:  ~ p-»~ q  P  This is not in the form of the Law of Contrapositive or the Law of Detachment, so there is no logical  conclusion."
R0339,C0278,C0208,Similarity,0.295,32,79133bfbf53f4d8fb881bb5d5fac928f,"Solution: If we were to rewrite this symbolically, it would look like:  ~ p-»~ q  P  This is not in the form of the Law of Contrapositive or the Law of Detachment, so there is no logical  conclusion."
R0340,C0015,C0151,Prerequisite,0.3265,35,bba1eeb226064a3880292ac2dab79925,"Multiplication Property of Equality — If y = 8, then 5 • y = 5 • 8 or 5y = 40  Division Property of Equality — If 3b = 18, then 4  Distributive Property — 5(2x - 7) = 5(2x) - 5(7) = lOx - 35  f or b = 6  Properties of Congruence  Recall that AB = CD if and only if AB = CD and lABC = IDEF if and only if mlABC = mlDEF."
R0341,C0015,C0199,Prerequisite,0.3047,35,bba1eeb226064a3880292ac2dab79925,"Multiplication Property of Equality — If y = 8, then 5 • y = 5 • 8 or 5y = 40  Division Property of Equality — If 3b = 18, then 4  Distributive Property — 5(2x - 7) = 5(2x) - 5(7) = lOx - 35  f or b = 6  Properties of Congruence  Recall that AB = CD if and only if AB = CD and lABC = IDEF if and only if mlABC = mlDEF."
R0342,C0015,C0231,Prerequisite,0.415,35,bba1eeb226064a3880292ac2dab79925,"Multiplication Property of Equality — If y = 8, then 5 • y = 5 • 8 or 5y = 40  Division Property of Equality — If 3b = 18, then 4  Distributive Property — 5(2x - 7) = 5(2x) - 5(7) = lOx - 35  f or b = 6  Properties of Congruence  Recall that AB = CD if and only if AB = CD and lABC = IDEF if and only if mlABC = mlDEF."
R0343,C0015,C0234,Prerequisite,0.295,35,bba1eeb226064a3880292ac2dab79925,"Multiplication Property of Equality — If y = 8, then 5 • y = 5 • 8 or 5y = 40  Division Property of Equality — If 3b = 18, then 4  Distributive Property — 5(2x - 7) = 5(2x) - 5(7) = lOx - 35  f or b = 6  Properties of Congruence  Recall that AB = CD if and only if AB = CD and lABC = IDEF if and only if mlABC = mlDEF."
R0344,C0015,C0236,Prerequisite,0.215,35,bba1eeb226064a3880292ac2dab79925,"Multiplication Property of Equality — If y = 8, then 5 • y = 5 • 8 or 5y = 40  Division Property of Equality — If 3b = 18, then 4  Distributive Property — 5(2x - 7) = 5(2x) - 5(7) = lOx - 35  f or b = 6  Properties of Congruence  Recall that AB = CD if and only if AB = CD and lABC = IDEF if and only if mlABC = mlDEF."
R0345,C0015,C0237,Prerequisite,0.2859,35,bba1eeb226064a3880292ac2dab79925,"Multiplication Property of Equality — If y = 8, then 5 • y = 5 • 8 or 5y = 40  Division Property of Equality — If 3b = 18, then 4  Distributive Property — 5(2x - 7) = 5(2x) - 5(7) = lOx - 35  f or b = 6  Properties of Congruence  Recall that AB = CD if and only if AB = CD and lABC = IDEF if and only if mlABC = mlDEF."
R0346,C0015,C0238,Prerequisite,0.255,35,bba1eeb226064a3880292ac2dab79925,"Multiplication Property of Equality — If y = 8, then 5 • y = 5 • 8 or 5y = 40  Division Property of Equality — If 3b = 18, then 4  Distributive Property — 5(2x - 7) = 5(2x) - 5(7) = lOx - 35  f or b = 6  Properties of Congruence  Recall that AB = CD if and only if AB = CD and lABC = IDEF if and only if mlABC = mlDEF."
R0347,C0015,C0239,Prerequisite,0.215,35,bba1eeb226064a3880292ac2dab79925,"Multiplication Property of Equality — If y = 8, then 5 • y = 5 • 8 or 5y = 40  Division Property of Equality — If 3b = 18, then 4  Distributive Property — 5(2x - 7) = 5(2x) - 5(7) = lOx - 35  f or b = 6  Properties of Congruence  Recall that AB = CD if and only if AB = CD and lABC = IDEF if and only if mlABC = mlDEF."
R0348,C0151,C0015,Prerequisite,0.3265,35,bba1eeb226064a3880292ac2dab79925,"Multiplication Property of Equality — If y = 8, then 5 • y = 5 • 8 or 5y = 40  Division Property of Equality — If 3b = 18, then 4  Distributive Property — 5(2x - 7) = 5(2x) - 5(7) = lOx - 35  f or b = 6  Properties of Congruence  Recall that AB = CD if and only if AB = CD and lABC = IDEF if and only if mlABC = mlDEF."
R0349,C0151,C0199,Prerequisite,0.2985,35,bba1eeb226064a3880292ac2dab79925,"Multiplication Property of Equality — If y = 8, then 5 • y = 5 • 8 or 5y = 40  Division Property of Equality — If 3b = 18, then 4  Distributive Property — 5(2x - 7) = 5(2x) - 5(7) = lOx - 35  f or b = 6  Properties of Congruence  Recall that AB = CD if and only if AB = CD and lABC = IDEF if and only if mlABC = mlDEF."
R0350,C0151,C0231,Prerequisite,0.3636,35,bba1eeb226064a3880292ac2dab79925,"Multiplication Property of Equality — If y = 8, then 5 • y = 5 • 8 or 5y = 40  Division Property of Equality — If 3b = 18, then 4  Distributive Property — 5(2x - 7) = 5(2x) - 5(7) = lOx - 35  f or b = 6  Properties of Congruence  Recall that AB = CD if and only if AB = CD and lABC = IDEF if and only if mlABC = mlDEF."
R0351,C0151,C0234,Prerequisite,0.34,35,bba1eeb226064a3880292ac2dab79925,"Multiplication Property of Equality — If y = 8, then 5 • y = 5 • 8 or 5y = 40  Division Property of Equality — If 3b = 18, then 4  Distributive Property — 5(2x - 7) = 5(2x) - 5(7) = lOx - 35  f or b = 6  Properties of Congruence  Recall that AB = CD if and only if AB = CD and lABC = IDEF if and only if mlABC = mlDEF."
R0352,C0151,C0236,Prerequisite,0.26,35,bba1eeb226064a3880292ac2dab79925,"Multiplication Property of Equality — If y = 8, then 5 • y = 5 • 8 or 5y = 40  Division Property of Equality — If 3b = 18, then 4  Distributive Property — 5(2x - 7) = 5(2x) - 5(7) = lOx - 35  f or b = 6  Properties of Congruence  Recall that AB = CD if and only if AB = CD and lABC = IDEF if and only if mlABC = mlDEF."
R0353,C0151,C0237,Prerequisite,0.26,35,bba1eeb226064a3880292ac2dab79925,"Multiplication Property of Equality — If y = 8, then 5 • y = 5 • 8 or 5y = 40  Division Property of Equality — If 3b = 18, then 4  Distributive Property — 5(2x - 7) = 5(2x) - 5(7) = lOx - 35  f or b = 6  Properties of Congruence  Recall that AB = CD if and only if AB = CD and lABC = IDEF if and only if mlABC = mlDEF."
R0354,C0151,C0238,Prerequisite,0.2836,35,bba1eeb226064a3880292ac2dab79925,"Multiplication Property of Equality — If y = 8, then 5 • y = 5 • 8 or 5y = 40  Division Property of Equality — If 3b = 18, then 4  Distributive Property — 5(2x - 7) = 5(2x) - 5(7) = lOx - 35  f or b = 6  Properties of Congruence  Recall that AB = CD if and only if AB = CD and lABC = IDEF if and only if mlABC = mlDEF."
R0355,C0151,C0239,Prerequisite,0.26,35,bba1eeb226064a3880292ac2dab79925,"Multiplication Property of Equality — If y = 8, then 5 • y = 5 • 8 or 5y = 40  Division Property of Equality — If 3b = 18, then 4  Distributive Property — 5(2x - 7) = 5(2x) - 5(7) = lOx - 35  f or b = 6  Properties of Congruence  Recall that AB = CD if and only if AB = CD and lABC = IDEF if and only if mlABC = mlDEF."
R0356,C0199,C0015,Prerequisite,0.3047,35,bba1eeb226064a3880292ac2dab79925,"Multiplication Property of Equality — If y = 8, then 5 • y = 5 • 8 or 5y = 40  Division Property of Equality — If 3b = 18, then 4  Distributive Property — 5(2x - 7) = 5(2x) - 5(7) = lOx - 35  f or b = 6  Properties of Congruence  Recall that AB = CD if and only if AB = CD and lABC = IDEF if and only if mlABC = mlDEF."
R0357,C0199,C0151,Prerequisite,0.2985,35,bba1eeb226064a3880292ac2dab79925,"Multiplication Property of Equality — If y = 8, then 5 • y = 5 • 8 or 5y = 40  Division Property of Equality — If 3b = 18, then 4  Distributive Property — 5(2x - 7) = 5(2x) - 5(7) = lOx - 35  f or b = 6  Properties of Congruence  Recall that AB = CD if and only if AB = CD and lABC = IDEF if and only if mlABC = mlDEF."
R0358,C0199,C0231,Prerequisite,0.2848,35,bba1eeb226064a3880292ac2dab79925,"Multiplication Property of Equality — If y = 8, then 5 • y = 5 • 8 or 5y = 40  Division Property of Equality — If 3b = 18, then 4  Distributive Property — 5(2x - 7) = 5(2x) - 5(7) = lOx - 35  f or b = 6  Properties of Congruence  Recall that AB = CD if and only if AB = CD and lABC = IDEF if and only if mlABC = mlDEF."
R0359,C0199,C0234,Prerequisite,0.26,35,bba1eeb226064a3880292ac2dab79925,"Multiplication Property of Equality — If y = 8, then 5 • y = 5 • 8 or 5y = 40  Division Property of Equality — If 3b = 18, then 4  Distributive Property — 5(2x - 7) = 5(2x) - 5(7) = lOx - 35  f or b = 6  Properties of Congruence  Recall that AB = CD if and only if AB = CD and lABC = IDEF if and only if mlABC = mlDEF."
R0360,C0199,C0236,Prerequisite,0.26,35,bba1eeb226064a3880292ac2dab79925,"Multiplication Property of Equality — If y = 8, then 5 • y = 5 • 8 or 5y = 40  Division Property of Equality — If 3b = 18, then 4  Distributive Property — 5(2x - 7) = 5(2x) - 5(7) = lOx - 35  f or b = 6  Properties of Congruence  Recall that AB = CD if and only if AB = CD and lABC = IDEF if and only if mlABC = mlDEF."
R0361,C0199,C0237,Prerequisite,0.26,35,bba1eeb226064a3880292ac2dab79925,"Multiplication Property of Equality — If y = 8, then 5 • y = 5 • 8 or 5y = 40  Division Property of Equality — If 3b = 18, then 4  Distributive Property — 5(2x - 7) = 5(2x) - 5(7) = lOx - 35  f or b = 6  Properties of Congruence  Recall that AB = CD if and only if AB = CD and lABC = IDEF if and only if mlABC = mlDEF."
R0362,C0199,C0238,Prerequisite,0.2848,35,bba1eeb226064a3880292ac2dab79925,"Multiplication Property of Equality — If y = 8, then 5 • y = 5 • 8 or 5y = 40  Division Property of Equality — If 3b = 18, then 4  Distributive Property — 5(2x - 7) = 5(2x) - 5(7) = lOx - 35  f or b = 6  Properties of Congruence  Recall that AB = CD if and only if AB = CD and lABC = IDEF if and only if mlABC = mlDEF."
R0363,C0199,C0239,Prerequisite,0.26,35,bba1eeb226064a3880292ac2dab79925,"Multiplication Property of Equality — If y = 8, then 5 • y = 5 • 8 or 5y = 40  Division Property of Equality — If 3b = 18, then 4  Distributive Property — 5(2x - 7) = 5(2x) - 5(7) = lOx - 35  f or b = 6  Properties of Congruence  Recall that AB = CD if and only if AB = CD and lABC = IDEF if and only if mlABC = mlDEF."
R0364,C0231,C0015,Prerequisite,0.415,35,bba1eeb226064a3880292ac2dab79925,"Multiplication Property of Equality — If y = 8, then 5 • y = 5 • 8 or 5y = 40  Division Property of Equality — If 3b = 18, then 4  Distributive Property — 5(2x - 7) = 5(2x) - 5(7) = lOx - 35  f or b = 6  Properties of Congruence  Recall that AB = CD if and only if AB = CD and lABC = IDEF if and only if mlABC = mlDEF."
R0365,C0231,C0151,Prerequisite,0.3636,35,bba1eeb226064a3880292ac2dab79925,"Multiplication Property of Equality — If y = 8, then 5 • y = 5 • 8 or 5y = 40  Division Property of Equality — If 3b = 18, then 4  Distributive Property — 5(2x - 7) = 5(2x) - 5(7) = lOx - 35  f or b = 6  Properties of Congruence  Recall that AB = CD if and only if AB = CD and lABC = IDEF if and only if mlABC = mlDEF."
R0366,C0231,C0199,Prerequisite,0.2848,35,bba1eeb226064a3880292ac2dab79925,"Multiplication Property of Equality — If y = 8, then 5 • y = 5 • 8 or 5y = 40  Division Property of Equality — If 3b = 18, then 4  Distributive Property — 5(2x - 7) = 5(2x) - 5(7) = lOx - 35  f or b = 6  Properties of Congruence  Recall that AB = CD if and only if AB = CD and lABC = IDEF if and only if mlABC = mlDEF."
R0367,C0231,C0234,Prerequisite,0.4,35,bba1eeb226064a3880292ac2dab79925,"Multiplication Property of Equality — If y = 8, then 5 • y = 5 • 8 or 5y = 40  Division Property of Equality — If 3b = 18, then 4  Distributive Property — 5(2x - 7) = 5(2x) - 5(7) = lOx - 35  f or b = 6  Properties of Congruence  Recall that AB = CD if and only if AB = CD and lABC = IDEF if and only if mlABC = mlDEF."
R0368,C0231,C0236,Prerequisite,0.32,35,bba1eeb226064a3880292ac2dab79925,"Multiplication Property of Equality — If y = 8, then 5 • y = 5 • 8 or 5y = 40  Division Property of Equality — If 3b = 18, then 4  Distributive Property — 5(2x - 7) = 5(2x) - 5(7) = lOx - 35  f or b = 6  Properties of Congruence  Recall that AB = CD if and only if AB = CD and lABC = IDEF if and only if mlABC = mlDEF."
R0369,C0231,C0237,Prerequisite,0.26,35,bba1eeb226064a3880292ac2dab79925,"Multiplication Property of Equality — If y = 8, then 5 • y = 5 • 8 or 5y = 40  Division Property of Equality — If 3b = 18, then 4  Distributive Property — 5(2x - 7) = 5(2x) - 5(7) = lOx - 35  f or b = 6  Properties of Congruence  Recall that AB = CD if and only if AB = CD and lABC = IDEF if and only if mlABC = mlDEF."
R0370,C0231,C0238,Prerequisite,0.44,35,bba1eeb226064a3880292ac2dab79925,"Multiplication Property of Equality — If y = 8, then 5 • y = 5 • 8 or 5y = 40  Division Property of Equality — If 3b = 18, then 4  Distributive Property — 5(2x - 7) = 5(2x) - 5(7) = lOx - 35  f or b = 6  Properties of Congruence  Recall that AB = CD if and only if AB = CD and lABC = IDEF if and only if mlABC = mlDEF."
R0371,C0231,C0239,Prerequisite,0.32,35,bba1eeb226064a3880292ac2dab79925,"Multiplication Property of Equality — If y = 8, then 5 • y = 5 • 8 or 5y = 40  Division Property of Equality — If 3b = 18, then 4  Distributive Property — 5(2x - 7) = 5(2x) - 5(7) = lOx - 35  f or b = 6  Properties of Congruence  Recall that AB = CD if and only if AB = CD and lABC = IDEF if and only if mlABC = mlDEF."
R0372,C0234,C0015,Prerequisite,0.295,35,bba1eeb226064a3880292ac2dab79925,"Multiplication Property of Equality — If y = 8, then 5 • y = 5 • 8 or 5y = 40  Division Property of Equality — If 3b = 18, then 4  Distributive Property — 5(2x - 7) = 5(2x) - 5(7) = lOx - 35  f or b = 6  Properties of Congruence  Recall that AB = CD if and only if AB = CD and lABC = IDEF if and only if mlABC = mlDEF."
R0373,C0234,C0151,Prerequisite,0.34,35,bba1eeb226064a3880292ac2dab79925,"Multiplication Property of Equality — If y = 8, then 5 • y = 5 • 8 or 5y = 40  Division Property of Equality — If 3b = 18, then 4  Distributive Property — 5(2x - 7) = 5(2x) - 5(7) = lOx - 35  f or b = 6  Properties of Congruence  Recall that AB = CD if and only if AB = CD and lABC = IDEF if and only if mlABC = mlDEF."
R0374,C0234,C0199,Prerequisite,0.26,35,bba1eeb226064a3880292ac2dab79925,"Multiplication Property of Equality — If y = 8, then 5 • y = 5 • 8 or 5y = 40  Division Property of Equality — If 3b = 18, then 4  Distributive Property — 5(2x - 7) = 5(2x) - 5(7) = lOx - 35  f or b = 6  Properties of Congruence  Recall that AB = CD if and only if AB = CD and lABC = IDEF if and only if mlABC = mlDEF."
R0375,C0234,C0231,Prerequisite,0.4,35,bba1eeb226064a3880292ac2dab79925,"Multiplication Property of Equality — If y = 8, then 5 • y = 5 • 8 or 5y = 40  Division Property of Equality — If 3b = 18, then 4  Distributive Property — 5(2x - 7) = 5(2x) - 5(7) = lOx - 35  f or b = 6  Properties of Congruence  Recall that AB = CD if and only if AB = CD and lABC = IDEF if and only if mlABC = mlDEF."
R0376,C0234,C0236,Prerequisite,0.32,35,bba1eeb226064a3880292ac2dab79925,"Multiplication Property of Equality — If y = 8, then 5 • y = 5 • 8 or 5y = 40  Division Property of Equality — If 3b = 18, then 4  Distributive Property — 5(2x - 7) = 5(2x) - 5(7) = lOx - 35  f or b = 6  Properties of Congruence  Recall that AB = CD if and only if AB = CD and lABC = IDEF if and only if mlABC = mlDEF."
R0377,C0234,C0237,Prerequisite,0.26,35,bba1eeb226064a3880292ac2dab79925,"Multiplication Property of Equality — If y = 8, then 5 • y = 5 • 8 or 5y = 40  Division Property of Equality — If 3b = 18, then 4  Distributive Property — 5(2x - 7) = 5(2x) - 5(7) = lOx - 35  f or b = 6  Properties of Congruence  Recall that AB = CD if and only if AB = CD and lABC = IDEF if and only if mlABC = mlDEF."
R0378,C0234,C0238,Prerequisite,0.32,35,bba1eeb226064a3880292ac2dab79925,"Multiplication Property of Equality — If y = 8, then 5 • y = 5 • 8 or 5y = 40  Division Property of Equality — If 3b = 18, then 4  Distributive Property — 5(2x - 7) = 5(2x) - 5(7) = lOx - 35  f or b = 6  Properties of Congruence  Recall that AB = CD if and only if AB = CD and lABC = IDEF if and only if mlABC = mlDEF."
R0379,C0234,C0239,Prerequisite,0.32,35,bba1eeb226064a3880292ac2dab79925,"Multiplication Property of Equality — If y = 8, then 5 • y = 5 • 8 or 5y = 40  Division Property of Equality — If 3b = 18, then 4  Distributive Property — 5(2x - 7) = 5(2x) - 5(7) = lOx - 35  f or b = 6  Properties of Congruence  Recall that AB = CD if and only if AB = CD and lABC = IDEF if and only if mlABC = mlDEF."
R0380,C0236,C0015,Prerequisite,0.215,35,bba1eeb226064a3880292ac2dab79925,"Multiplication Property of Equality — If y = 8, then 5 • y = 5 • 8 or 5y = 40  Division Property of Equality — If 3b = 18, then 4  Distributive Property — 5(2x - 7) = 5(2x) - 5(7) = lOx - 35  f or b = 6  Properties of Congruence  Recall that AB = CD if and only if AB = CD and lABC = IDEF if and only if mlABC = mlDEF."
R0381,C0236,C0151,Prerequisite,0.26,35,bba1eeb226064a3880292ac2dab79925,"Multiplication Property of Equality — If y = 8, then 5 • y = 5 • 8 or 5y = 40  Division Property of Equality — If 3b = 18, then 4  Distributive Property — 5(2x - 7) = 5(2x) - 5(7) = lOx - 35  f or b = 6  Properties of Congruence  Recall that AB = CD if and only if AB = CD and lABC = IDEF if and only if mlABC = mlDEF."
R0382,C0236,C0199,Prerequisite,0.26,35,bba1eeb226064a3880292ac2dab79925,"Multiplication Property of Equality — If y = 8, then 5 • y = 5 • 8 or 5y = 40  Division Property of Equality — If 3b = 18, then 4  Distributive Property — 5(2x - 7) = 5(2x) - 5(7) = lOx - 35  f or b = 6  Properties of Congruence  Recall that AB = CD if and only if AB = CD and lABC = IDEF if and only if mlABC = mlDEF."
R0383,C0236,C0231,Prerequisite,0.32,35,bba1eeb226064a3880292ac2dab79925,"Multiplication Property of Equality — If y = 8, then 5 • y = 5 • 8 or 5y = 40  Division Property of Equality — If 3b = 18, then 4  Distributive Property — 5(2x - 7) = 5(2x) - 5(7) = lOx - 35  f or b = 6  Properties of Congruence  Recall that AB = CD if and only if AB = CD and lABC = IDEF if and only if mlABC = mlDEF."
R0384,C0236,C0234,Prerequisite,0.32,35,bba1eeb226064a3880292ac2dab79925,"Multiplication Property of Equality — If y = 8, then 5 • y = 5 • 8 or 5y = 40  Division Property of Equality — If 3b = 18, then 4  Distributive Property — 5(2x - 7) = 5(2x) - 5(7) = lOx - 35  f or b = 6  Properties of Congruence  Recall that AB = CD if and only if AB = CD and lABC = IDEF if and only if mlABC = mlDEF."
R0385,C0236,C0237,Prerequisite,0.3467,35,bba1eeb226064a3880292ac2dab79925,"Multiplication Property of Equality — If y = 8, then 5 • y = 5 • 8 or 5y = 40  Division Property of Equality — If 3b = 18, then 4  Distributive Property — 5(2x - 7) = 5(2x) - 5(7) = lOx - 35  f or b = 6  Properties of Congruence  Recall that AB = CD if and only if AB = CD and lABC = IDEF if and only if mlABC = mlDEF."
R0386,C0236,C0238,Prerequisite,0.3778,35,bba1eeb226064a3880292ac2dab79925,"Multiplication Property of Equality — If y = 8, then 5 • y = 5 • 8 or 5y = 40  Division Property of Equality — If 3b = 18, then 4  Distributive Property — 5(2x - 7) = 5(2x) - 5(7) = lOx - 35  f or b = 6  Properties of Congruence  Recall that AB = CD if and only if AB = CD and lABC = IDEF if and only if mlABC = mlDEF."
R0387,C0236,C0239,Prerequisite,0.4933,35,bba1eeb226064a3880292ac2dab79925,"Multiplication Property of Equality — If y = 8, then 5 • y = 5 • 8 or 5y = 40  Division Property of Equality — If 3b = 18, then 4  Distributive Property — 5(2x - 7) = 5(2x) - 5(7) = lOx - 35  f or b = 6  Properties of Congruence  Recall that AB = CD if and only if AB = CD and lABC = IDEF if and only if mlABC = mlDEF."
R0388,C0237,C0015,Prerequisite,0.2859,35,bba1eeb226064a3880292ac2dab79925,"Multiplication Property of Equality — If y = 8, then 5 • y = 5 • 8 or 5y = 40  Division Property of Equality — If 3b = 18, then 4  Distributive Property — 5(2x - 7) = 5(2x) - 5(7) = lOx - 35  f or b = 6  Properties of Congruence  Recall that AB = CD if and only if AB = CD and lABC = IDEF if and only if mlABC = mlDEF."
R0389,C0237,C0151,Prerequisite,0.26,35,bba1eeb226064a3880292ac2dab79925,"Multiplication Property of Equality — If y = 8, then 5 • y = 5 • 8 or 5y = 40  Division Property of Equality — If 3b = 18, then 4  Distributive Property — 5(2x - 7) = 5(2x) - 5(7) = lOx - 35  f or b = 6  Properties of Congruence  Recall that AB = CD if and only if AB = CD and lABC = IDEF if and only if mlABC = mlDEF."
R0390,C0237,C0199,Prerequisite,0.26,35,bba1eeb226064a3880292ac2dab79925,"Multiplication Property of Equality — If y = 8, then 5 • y = 5 • 8 or 5y = 40  Division Property of Equality — If 3b = 18, then 4  Distributive Property — 5(2x - 7) = 5(2x) - 5(7) = lOx - 35  f or b = 6  Properties of Congruence  Recall that AB = CD if and only if AB = CD and lABC = IDEF if and only if mlABC = mlDEF."
R0391,C0237,C0231,Prerequisite,0.26,35,bba1eeb226064a3880292ac2dab79925,"Multiplication Property of Equality — If y = 8, then 5 • y = 5 • 8 or 5y = 40  Division Property of Equality — If 3b = 18, then 4  Distributive Property — 5(2x - 7) = 5(2x) - 5(7) = lOx - 35  f or b = 6  Properties of Congruence  Recall that AB = CD if and only if AB = CD and lABC = IDEF if and only if mlABC = mlDEF."
R0392,C0237,C0234,Prerequisite,0.26,35,bba1eeb226064a3880292ac2dab79925,"Multiplication Property of Equality — If y = 8, then 5 • y = 5 • 8 or 5y = 40  Division Property of Equality — If 3b = 18, then 4  Distributive Property — 5(2x - 7) = 5(2x) - 5(7) = lOx - 35  f or b = 6  Properties of Congruence  Recall that AB = CD if and only if AB = CD and lABC = IDEF if and only if mlABC = mlDEF."
R0393,C0237,C0236,Prerequisite,0.3467,35,bba1eeb226064a3880292ac2dab79925,"Multiplication Property of Equality — If y = 8, then 5 • y = 5 • 8 or 5y = 40  Division Property of Equality — If 3b = 18, then 4  Distributive Property — 5(2x - 7) = 5(2x) - 5(7) = lOx - 35  f or b = 6  Properties of Congruence  Recall that AB = CD if and only if AB = CD and lABC = IDEF if and only if mlABC = mlDEF."
R0394,C0237,C0238,Prerequisite,0.3033,35,bba1eeb226064a3880292ac2dab79925,"Multiplication Property of Equality — If y = 8, then 5 • y = 5 • 8 or 5y = 40  Division Property of Equality — If 3b = 18, then 4  Distributive Property — 5(2x - 7) = 5(2x) - 5(7) = lOx - 35  f or b = 6  Properties of Congruence  Recall that AB = CD if and only if AB = CD and lABC = IDEF if and only if mlABC = mlDEF."
R0395,C0237,C0239,Prerequisite,0.3467,35,bba1eeb226064a3880292ac2dab79925,"Multiplication Property of Equality — If y = 8, then 5 • y = 5 • 8 or 5y = 40  Division Property of Equality — If 3b = 18, then 4  Distributive Property — 5(2x - 7) = 5(2x) - 5(7) = lOx - 35  f or b = 6  Properties of Congruence  Recall that AB = CD if and only if AB = CD and lABC = IDEF if and only if mlABC = mlDEF."
R0396,C0238,C0015,Prerequisite,0.255,35,bba1eeb226064a3880292ac2dab79925,"Multiplication Property of Equality — If y = 8, then 5 • y = 5 • 8 or 5y = 40  Division Property of Equality — If 3b = 18, then 4  Distributive Property — 5(2x - 7) = 5(2x) - 5(7) = lOx - 35  f or b = 6  Properties of Congruence  Recall that AB = CD if and only if AB = CD and lABC = IDEF if and only if mlABC = mlDEF."
R0397,C0238,C0151,Prerequisite,0.2836,35,bba1eeb226064a3880292ac2dab79925,"Multiplication Property of Equality — If y = 8, then 5 • y = 5 • 8 or 5y = 40  Division Property of Equality — If 3b = 18, then 4  Distributive Property — 5(2x - 7) = 5(2x) - 5(7) = lOx - 35  f or b = 6  Properties of Congruence  Recall that AB = CD if and only if AB = CD and lABC = IDEF if and only if mlABC = mlDEF."
R0398,C0238,C0199,Prerequisite,0.2848,35,bba1eeb226064a3880292ac2dab79925,"Multiplication Property of Equality — If y = 8, then 5 • y = 5 • 8 or 5y = 40  Division Property of Equality — If 3b = 18, then 4  Distributive Property — 5(2x - 7) = 5(2x) - 5(7) = lOx - 35  f or b = 6  Properties of Congruence  Recall that AB = CD if and only if AB = CD and lABC = IDEF if and only if mlABC = mlDEF."
R0399,C0238,C0231,Prerequisite,0.44,35,bba1eeb226064a3880292ac2dab79925,"Multiplication Property of Equality — If y = 8, then 5 • y = 5 • 8 or 5y = 40  Division Property of Equality — If 3b = 18, then 4  Distributive Property — 5(2x - 7) = 5(2x) - 5(7) = lOx - 35  f or b = 6  Properties of Congruence  Recall that AB = CD if and only if AB = CD and lABC = IDEF if and only if mlABC = mlDEF."
R0400,C0238,C0234,Prerequisite,0.32,35,bba1eeb226064a3880292ac2dab79925,"Multiplication Property of Equality — If y = 8, then 5 • y = 5 • 8 or 5y = 40  Division Property of Equality — If 3b = 18, then 4  Distributive Property — 5(2x - 7) = 5(2x) - 5(7) = lOx - 35  f or b = 6  Properties of Congruence  Recall that AB = CD if and only if AB = CD and lABC = IDEF if and only if mlABC = mlDEF."
R0401,C0238,C0236,Prerequisite,0.3778,35,bba1eeb226064a3880292ac2dab79925,"Multiplication Property of Equality — If y = 8, then 5 • y = 5 • 8 or 5y = 40  Division Property of Equality — If 3b = 18, then 4  Distributive Property — 5(2x - 7) = 5(2x) - 5(7) = lOx - 35  f or b = 6  Properties of Congruence  Recall that AB = CD if and only if AB = CD and lABC = IDEF if and only if mlABC = mlDEF."
R0402,C0238,C0237,Prerequisite,0.3033,35,bba1eeb226064a3880292ac2dab79925,"Multiplication Property of Equality — If y = 8, then 5 • y = 5 • 8 or 5y = 40  Division Property of Equality — If 3b = 18, then 4  Distributive Property — 5(2x - 7) = 5(2x) - 5(7) = lOx - 35  f or b = 6  Properties of Congruence  Recall that AB = CD if and only if AB = CD and lABC = IDEF if and only if mlABC = mlDEF."
R0403,C0238,C0239,Prerequisite,0.3778,35,bba1eeb226064a3880292ac2dab79925,"Multiplication Property of Equality — If y = 8, then 5 • y = 5 • 8 or 5y = 40  Division Property of Equality — If 3b = 18, then 4  Distributive Property — 5(2x - 7) = 5(2x) - 5(7) = lOx - 35  f or b = 6  Properties of Congruence  Recall that AB = CD if and only if AB = CD and lABC = IDEF if and only if mlABC = mlDEF."
R0404,C0239,C0015,Prerequisite,0.215,35,bba1eeb226064a3880292ac2dab79925,"Multiplication Property of Equality — If y = 8, then 5 • y = 5 • 8 or 5y = 40  Division Property of Equality — If 3b = 18, then 4  Distributive Property — 5(2x - 7) = 5(2x) - 5(7) = lOx - 35  f or b = 6  Properties of Congruence  Recall that AB = CD if and only if AB = CD and lABC = IDEF if and only if mlABC = mlDEF."
R0405,C0239,C0151,Prerequisite,0.26,35,bba1eeb226064a3880292ac2dab79925,"Multiplication Property of Equality — If y = 8, then 5 • y = 5 • 8 or 5y = 40  Division Property of Equality — If 3b = 18, then 4  Distributive Property — 5(2x - 7) = 5(2x) - 5(7) = lOx - 35  f or b = 6  Properties of Congruence  Recall that AB = CD if and only if AB = CD and lABC = IDEF if and only if mlABC = mlDEF."
R0406,C0239,C0199,Prerequisite,0.26,35,bba1eeb226064a3880292ac2dab79925,"Multiplication Property of Equality — If y = 8, then 5 • y = 5 • 8 or 5y = 40  Division Property of Equality — If 3b = 18, then 4  Distributive Property — 5(2x - 7) = 5(2x) - 5(7) = lOx - 35  f or b = 6  Properties of Congruence  Recall that AB = CD if and only if AB = CD and lABC = IDEF if and only if mlABC = mlDEF."
R0407,C0239,C0231,Prerequisite,0.32,35,bba1eeb226064a3880292ac2dab79925,"Multiplication Property of Equality — If y = 8, then 5 • y = 5 • 8 or 5y = 40  Division Property of Equality — If 3b = 18, then 4  Distributive Property — 5(2x - 7) = 5(2x) - 5(7) = lOx - 35  f or b = 6  Properties of Congruence  Recall that AB = CD if and only if AB = CD and lABC = IDEF if and only if mlABC = mlDEF."
R0408,C0239,C0234,Prerequisite,0.32,35,bba1eeb226064a3880292ac2dab79925,"Multiplication Property of Equality — If y = 8, then 5 • y = 5 • 8 or 5y = 40  Division Property of Equality — If 3b = 18, then 4  Distributive Property — 5(2x - 7) = 5(2x) - 5(7) = lOx - 35  f or b = 6  Properties of Congruence  Recall that AB = CD if and only if AB = CD and lABC = IDEF if and only if mlABC = mlDEF."
R0409,C0239,C0236,Prerequisite,0.4933,35,bba1eeb226064a3880292ac2dab79925,"Multiplication Property of Equality — If y = 8, then 5 • y = 5 • 8 or 5y = 40  Division Property of Equality — If 3b = 18, then 4  Distributive Property — 5(2x - 7) = 5(2x) - 5(7) = lOx - 35  f or b = 6  Properties of Congruence  Recall that AB = CD if and only if AB = CD and lABC = IDEF if and only if mlABC = mlDEF."
R0410,C0239,C0237,Prerequisite,0.3467,35,bba1eeb226064a3880292ac2dab79925,"Multiplication Property of Equality — If y = 8, then 5 • y = 5 • 8 or 5y = 40  Division Property of Equality — If 3b = 18, then 4  Distributive Property — 5(2x - 7) = 5(2x) - 5(7) = lOx - 35  f or b = 6  Properties of Congruence  Recall that AB = CD if and only if AB = CD and lABC = IDEF if and only if mlABC = mlDEF."
R0411,C0239,C0238,Prerequisite,0.3778,35,bba1eeb226064a3880292ac2dab79925,"Multiplication Property of Equality — If y = 8, then 5 • y = 5 • 8 or 5y = 40  Division Property of Equality — If 3b = 18, then 4  Distributive Property — 5(2x - 7) = 5(2x) - 5(7) = lOx - 35  f or b = 6  Properties of Congruence  Recall that AB = CD if and only if AB = CD and lABC = IDEF if and only if mlABC = mlDEF."
R0412,C0015,C0231,Similarity,0.335,35,bba1eeb226064a3880292ac2dab79925,"Just like the properties of equality, there are properties of congruence."
R0413,C0231,C0015,Similarity,0.335,35,bba1eeb226064a3880292ac2dab79925,"Just like the properties of equality, there are properties of congruence."
R0414,C0015,C0029,Prerequisite,0.2509,35,bba1eeb226064a3880292ac2dab79925,"Table 2.5:  For Line Segments  For Angles  Reflexive Property  of Congruence  AB = AB  IB = IB  Symmetric Property  of Congruence  If AB = CD, then CD = AB  If lABC = IDEF, then IDEF  lABC  Transitive Property  of Congruence  If AB = CD and CD = EF,  then AB = ~EF  If lABC = IDEF and IDEF  IGHI,  then lABC = IGHI  79  www.ckl2.org  Using Properties of Equality with Equations  When you solve equations in algebra you use properties of equality."
R0415,C0015,C0059,Prerequisite,0.2367,35,bba1eeb226064a3880292ac2dab79925,"Table 2.5:  For Line Segments  For Angles  Reflexive Property  of Congruence  AB = AB  IB = IB  Symmetric Property  of Congruence  If AB = CD, then CD = AB  If lABC = IDEF, then IDEF  lABC  Transitive Property  of Congruence  If AB = CD and CD = EF,  then AB = ~EF  If lABC = IDEF and IDEF  IGHI,  then lABC = IGHI  79  www.ckl2.org  Using Properties of Equality with Equations  When you solve equations in algebra you use properties of equality."
R0416,C0015,C0196,Prerequisite,0.2609,35,bba1eeb226064a3880292ac2dab79925,"Table 2.5:  For Line Segments  For Angles  Reflexive Property  of Congruence  AB = AB  IB = IB  Symmetric Property  of Congruence  If AB = CD, then CD = AB  If lABC = IDEF, then IDEF  lABC  Transitive Property  of Congruence  If AB = CD and CD = EF,  then AB = ~EF  If lABC = IDEF and IDEF  IGHI,  then lABC = IGHI  79  www.ckl2.org  Using Properties of Equality with Equations  When you solve equations in algebra you use properties of equality."
R0417,C0015,C0226,Prerequisite,0.3943,35,bba1eeb226064a3880292ac2dab79925,"Table 2.5:  For Line Segments  For Angles  Reflexive Property  of Congruence  AB = AB  IB = IB  Symmetric Property  of Congruence  If AB = CD, then CD = AB  If lABC = IDEF, then IDEF  lABC  Transitive Property  of Congruence  If AB = CD and CD = EF,  then AB = ~EF  If lABC = IDEF and IDEF  IGHI,  then lABC = IGHI  79  www.ckl2.org  Using Properties of Equality with Equations  When you solve equations in algebra you use properties of equality."
R0418,C0015,C0228,Prerequisite,0.2386,35,bba1eeb226064a3880292ac2dab79925,"Table 2.5:  For Line Segments  For Angles  Reflexive Property  of Congruence  AB = AB  IB = IB  Symmetric Property  of Congruence  If AB = CD, then CD = AB  If lABC = IDEF, then IDEF  lABC  Transitive Property  of Congruence  If AB = CD and CD = EF,  then AB = ~EF  If lABC = IDEF and IDEF  IGHI,  then lABC = IGHI  79  www.ckl2.org  Using Properties of Equality with Equations  When you solve equations in algebra you use properties of equality."
R0419,C0015,C0232,Prerequisite,0.2623,35,bba1eeb226064a3880292ac2dab79925,"Table 2.5:  For Line Segments  For Angles  Reflexive Property  of Congruence  AB = AB  IB = IB  Symmetric Property  of Congruence  If AB = CD, then CD = AB  If lABC = IDEF, then IDEF  lABC  Transitive Property  of Congruence  If AB = CD and CD = EF,  then AB = ~EF  If lABC = IDEF and IDEF  IGHI,  then lABC = IGHI  79  www.ckl2.org  Using Properties of Equality with Equations  When you solve equations in algebra you use properties of equality."
R0420,C0015,C0233,Prerequisite,0.215,35,bba1eeb226064a3880292ac2dab79925,"Table 2.5:  For Line Segments  For Angles  Reflexive Property  of Congruence  AB = AB  IB = IB  Symmetric Property  of Congruence  If AB = CD, then CD = AB  If lABC = IDEF, then IDEF  lABC  Transitive Property  of Congruence  If AB = CD and CD = EF,  then AB = ~EF  If lABC = IDEF and IDEF  IGHI,  then lABC = IGHI  79  www.ckl2.org  Using Properties of Equality with Equations  When you solve equations in algebra you use properties of equality."
R0421,C0015,C0235,Prerequisite,0.215,35,bba1eeb226064a3880292ac2dab79925,"Table 2.5:  For Line Segments  For Angles  Reflexive Property  of Congruence  AB = AB  IB = IB  Symmetric Property  of Congruence  If AB = CD, then CD = AB  If lABC = IDEF, then IDEF  lABC  Transitive Property  of Congruence  If AB = CD and CD = EF,  then AB = ~EF  If lABC = IDEF and IDEF  IGHI,  then lABC = IGHI  79  www.ckl2.org  Using Properties of Equality with Equations  When you solve equations in algebra you use properties of equality."
R0422,C0015,C0241,Prerequisite,0.2623,35,bba1eeb226064a3880292ac2dab79925,"Table 2.5:  For Line Segments  For Angles  Reflexive Property  of Congruence  AB = AB  IB = IB  Symmetric Property  of Congruence  If AB = CD, then CD = AB  If lABC = IDEF, then IDEF  lABC  Transitive Property  of Congruence  If AB = CD and CD = EF,  then AB = ~EF  If lABC = IDEF and IDEF  IGHI,  then lABC = IGHI  79  www.ckl2.org  Using Properties of Equality with Equations  When you solve equations in algebra you use properties of equality."
R0423,C0015,C0242,Prerequisite,0.215,35,bba1eeb226064a3880292ac2dab79925,"Table 2.5:  For Line Segments  For Angles  Reflexive Property  of Congruence  AB = AB  IB = IB  Symmetric Property  of Congruence  If AB = CD, then CD = AB  If lABC = IDEF, then IDEF  lABC  Transitive Property  of Congruence  If AB = CD and CD = EF,  then AB = ~EF  If lABC = IDEF and IDEF  IGHI,  then lABC = IGHI  79  www.ckl2.org  Using Properties of Equality with Equations  When you solve equations in algebra you use properties of equality."
R0424,C0029,C0015,Prerequisite,0.2509,35,bba1eeb226064a3880292ac2dab79925,"Table 2.5:  For Line Segments  For Angles  Reflexive Property  of Congruence  AB = AB  IB = IB  Symmetric Property  of Congruence  If AB = CD, then CD = AB  If lABC = IDEF, then IDEF  lABC  Transitive Property  of Congruence  If AB = CD and CD = EF,  then AB = ~EF  If lABC = IDEF and IDEF  IGHI,  then lABC = IGHI  79  www.ckl2.org  Using Properties of Equality with Equations  When you solve equations in algebra you use properties of equality."
R0425,C0029,C0059,Prerequisite,0.2497,35,bba1eeb226064a3880292ac2dab79925,"Table 2.5:  For Line Segments  For Angles  Reflexive Property  of Congruence  AB = AB  IB = IB  Symmetric Property  of Congruence  If AB = CD, then CD = AB  If lABC = IDEF, then IDEF  lABC  Transitive Property  of Congruence  If AB = CD and CD = EF,  then AB = ~EF  If lABC = IDEF and IDEF  IGHI,  then lABC = IGHI  79  www.ckl2.org  Using Properties of Equality with Equations  When you solve equations in algebra you use properties of equality."
R0426,C0029,C0151,Prerequisite,0.2583,35,bba1eeb226064a3880292ac2dab79925,"Table 2.5:  For Line Segments  For Angles  Reflexive Property  of Congruence  AB = AB  IB = IB  Symmetric Property  of Congruence  If AB = CD, then CD = AB  If lABC = IDEF, then IDEF  lABC  Transitive Property  of Congruence  If AB = CD and CD = EF,  then AB = ~EF  If lABC = IDEF and IDEF  IGHI,  then lABC = IGHI  79  www.ckl2.org  Using Properties of Equality with Equations  When you solve equations in algebra you use properties of equality."
R0427,C0029,C0196,Prerequisite,0.2343,35,bba1eeb226064a3880292ac2dab79925,"Table 2.5:  For Line Segments  For Angles  Reflexive Property  of Congruence  AB = AB  IB = IB  Symmetric Property  of Congruence  If AB = CD, then CD = AB  If lABC = IDEF, then IDEF  lABC  Transitive Property  of Congruence  If AB = CD and CD = EF,  then AB = ~EF  If lABC = IDEF and IDEF  IGHI,  then lABC = IGHI  79  www.ckl2.org  Using Properties of Equality with Equations  When you solve equations in algebra you use properties of equality."
R0428,C0029,C0226,Prerequisite,0.2707,35,bba1eeb226064a3880292ac2dab79925,"Table 2.5:  For Line Segments  For Angles  Reflexive Property  of Congruence  AB = AB  IB = IB  Symmetric Property  of Congruence  If AB = CD, then CD = AB  If lABC = IDEF, then IDEF  lABC  Transitive Property  of Congruence  If AB = CD and CD = EF,  then AB = ~EF  If lABC = IDEF and IDEF  IGHI,  then lABC = IGHI  79  www.ckl2.org  Using Properties of Equality with Equations  When you solve equations in algebra you use properties of equality."
R0429,C0029,C0228,Prerequisite,0.215,35,bba1eeb226064a3880292ac2dab79925,"Table 2.5:  For Line Segments  For Angles  Reflexive Property  of Congruence  AB = AB  IB = IB  Symmetric Property  of Congruence  If AB = CD, then CD = AB  If lABC = IDEF, then IDEF  lABC  Transitive Property  of Congruence  If AB = CD and CD = EF,  then AB = ~EF  If lABC = IDEF and IDEF  IGHI,  then lABC = IGHI  79  www.ckl2.org  Using Properties of Equality with Equations  When you solve equations in algebra you use properties of equality."
R0430,C0029,C0231,Prerequisite,0.215,35,bba1eeb226064a3880292ac2dab79925,"Table 2.5:  For Line Segments  For Angles  Reflexive Property  of Congruence  AB = AB  IB = IB  Symmetric Property  of Congruence  If AB = CD, then CD = AB  If lABC = IDEF, then IDEF  lABC  Transitive Property  of Congruence  If AB = CD and CD = EF,  then AB = ~EF  If lABC = IDEF and IDEF  IGHI,  then lABC = IGHI  79  www.ckl2.org  Using Properties of Equality with Equations  When you solve equations in algebra you use properties of equality."
R0431,C0029,C0232,Prerequisite,0.235,35,bba1eeb226064a3880292ac2dab79925,"Table 2.5:  For Line Segments  For Angles  Reflexive Property  of Congruence  AB = AB  IB = IB  Symmetric Property  of Congruence  If AB = CD, then CD = AB  If lABC = IDEF, then IDEF  lABC  Transitive Property  of Congruence  If AB = CD and CD = EF,  then AB = ~EF  If lABC = IDEF and IDEF  IGHI,  then lABC = IGHI  79  www.ckl2.org  Using Properties of Equality with Equations  When you solve equations in algebra you use properties of equality."
R0432,C0029,C0233,Prerequisite,0.215,35,bba1eeb226064a3880292ac2dab79925,"Table 2.5:  For Line Segments  For Angles  Reflexive Property  of Congruence  AB = AB  IB = IB  Symmetric Property  of Congruence  If AB = CD, then CD = AB  If lABC = IDEF, then IDEF  lABC  Transitive Property  of Congruence  If AB = CD and CD = EF,  then AB = ~EF  If lABC = IDEF and IDEF  IGHI,  then lABC = IGHI  79  www.ckl2.org  Using Properties of Equality with Equations  When you solve equations in algebra you use properties of equality."
R0433,C0029,C0234,Prerequisite,0.215,35,bba1eeb226064a3880292ac2dab79925,"Table 2.5:  For Line Segments  For Angles  Reflexive Property  of Congruence  AB = AB  IB = IB  Symmetric Property  of Congruence  If AB = CD, then CD = AB  If lABC = IDEF, then IDEF  lABC  Transitive Property  of Congruence  If AB = CD and CD = EF,  then AB = ~EF  If lABC = IDEF and IDEF  IGHI,  then lABC = IGHI  79  www.ckl2.org  Using Properties of Equality with Equations  When you solve equations in algebra you use properties of equality."
R0434,C0029,C0235,Prerequisite,0.335,35,bba1eeb226064a3880292ac2dab79925,"Table 2.5:  For Line Segments  For Angles  Reflexive Property  of Congruence  AB = AB  IB = IB  Symmetric Property  of Congruence  If AB = CD, then CD = AB  If lABC = IDEF, then IDEF  lABC  Transitive Property  of Congruence  If AB = CD and CD = EF,  then AB = ~EF  If lABC = IDEF and IDEF  IGHI,  then lABC = IGHI  79  www.ckl2.org  Using Properties of Equality with Equations  When you solve equations in algebra you use properties of equality."
R0435,C0029,C0241,Prerequisite,0.215,35,bba1eeb226064a3880292ac2dab79925,"Table 2.5:  For Line Segments  For Angles  Reflexive Property  of Congruence  AB = AB  IB = IB  Symmetric Property  of Congruence  If AB = CD, then CD = AB  If lABC = IDEF, then IDEF  lABC  Transitive Property  of Congruence  If AB = CD and CD = EF,  then AB = ~EF  If lABC = IDEF and IDEF  IGHI,  then lABC = IGHI  79  www.ckl2.org  Using Properties of Equality with Equations  When you solve equations in algebra you use properties of equality."
R0436,C0029,C0242,Prerequisite,0.295,35,bba1eeb226064a3880292ac2dab79925,"Table 2.5:  For Line Segments  For Angles  Reflexive Property  of Congruence  AB = AB  IB = IB  Symmetric Property  of Congruence  If AB = CD, then CD = AB  If lABC = IDEF, then IDEF  lABC  Transitive Property  of Congruence  If AB = CD and CD = EF,  then AB = ~EF  If lABC = IDEF and IDEF  IGHI,  then lABC = IGHI  79  www.ckl2.org  Using Properties of Equality with Equations  When you solve equations in algebra you use properties of equality."
R0437,C0059,C0015,Prerequisite,0.2367,35,bba1eeb226064a3880292ac2dab79925,"Table 2.5:  For Line Segments  For Angles  Reflexive Property  of Congruence  AB = AB  IB = IB  Symmetric Property  of Congruence  If AB = CD, then CD = AB  If lABC = IDEF, then IDEF  lABC  Transitive Property  of Congruence  If AB = CD and CD = EF,  then AB = ~EF  If lABC = IDEF and IDEF  IGHI,  then lABC = IGHI  79  www.ckl2.org  Using Properties of Equality with Equations  When you solve equations in algebra you use properties of equality."
R0438,C0059,C0029,Prerequisite,0.2497,35,bba1eeb226064a3880292ac2dab79925,"Table 2.5:  For Line Segments  For Angles  Reflexive Property  of Congruence  AB = AB  IB = IB  Symmetric Property  of Congruence  If AB = CD, then CD = AB  If lABC = IDEF, then IDEF  lABC  Transitive Property  of Congruence  If AB = CD and CD = EF,  then AB = ~EF  If lABC = IDEF and IDEF  IGHI,  then lABC = IGHI  79  www.ckl2.org  Using Properties of Equality with Equations  When you solve equations in algebra you use properties of equality."
R0439,C0059,C0151,Prerequisite,0.34,35,bba1eeb226064a3880292ac2dab79925,"Table 2.5:  For Line Segments  For Angles  Reflexive Property  of Congruence  AB = AB  IB = IB  Symmetric Property  of Congruence  If AB = CD, then CD = AB  If lABC = IDEF, then IDEF  lABC  Transitive Property  of Congruence  If AB = CD and CD = EF,  then AB = ~EF  If lABC = IDEF and IDEF  IGHI,  then lABC = IGHI  79  www.ckl2.org  Using Properties of Equality with Equations  When you solve equations in algebra you use properties of equality."
R0440,C0059,C0196,Prerequisite,0.2848,35,bba1eeb226064a3880292ac2dab79925,"Table 2.5:  For Line Segments  For Angles  Reflexive Property  of Congruence  AB = AB  IB = IB  Symmetric Property  of Congruence  If AB = CD, then CD = AB  If lABC = IDEF, then IDEF  lABC  Transitive Property  of Congruence  If AB = CD and CD = EF,  then AB = ~EF  If lABC = IDEF and IDEF  IGHI,  then lABC = IGHI  79  www.ckl2.org  Using Properties of Equality with Equations  When you solve equations in algebra you use properties of equality."
R0441,C0059,C0226,Prerequisite,0.2367,35,bba1eeb226064a3880292ac2dab79925,"Table 2.5:  For Line Segments  For Angles  Reflexive Property  of Congruence  AB = AB  IB = IB  Symmetric Property  of Congruence  If AB = CD, then CD = AB  If lABC = IDEF, then IDEF  lABC  Transitive Property  of Congruence  If AB = CD and CD = EF,  then AB = ~EF  If lABC = IDEF and IDEF  IGHI,  then lABC = IGHI  79  www.ckl2.org  Using Properties of Equality with Equations  When you solve equations in algebra you use properties of equality."
R0442,C0059,C0228,Prerequisite,0.26,35,bba1eeb226064a3880292ac2dab79925,"Table 2.5:  For Line Segments  For Angles  Reflexive Property  of Congruence  AB = AB  IB = IB  Symmetric Property  of Congruence  If AB = CD, then CD = AB  If lABC = IDEF, then IDEF  lABC  Transitive Property  of Congruence  If AB = CD and CD = EF,  then AB = ~EF  If lABC = IDEF and IDEF  IGHI,  then lABC = IGHI  79  www.ckl2.org  Using Properties of Equality with Equations  When you solve equations in algebra you use properties of equality."
R0443,C0059,C0231,Prerequisite,0.26,35,bba1eeb226064a3880292ac2dab79925,"Table 2.5:  For Line Segments  For Angles  Reflexive Property  of Congruence  AB = AB  IB = IB  Symmetric Property  of Congruence  If AB = CD, then CD = AB  If lABC = IDEF, then IDEF  lABC  Transitive Property  of Congruence  If AB = CD and CD = EF,  then AB = ~EF  If lABC = IDEF and IDEF  IGHI,  then lABC = IGHI  79  www.ckl2.org  Using Properties of Equality with Equations  When you solve equations in algebra you use properties of equality."
R0444,C0059,C0232,Prerequisite,0.286,35,bba1eeb226064a3880292ac2dab79925,"Table 2.5:  For Line Segments  For Angles  Reflexive Property  of Congruence  AB = AB  IB = IB  Symmetric Property  of Congruence  If AB = CD, then CD = AB  If lABC = IDEF, then IDEF  lABC  Transitive Property  of Congruence  If AB = CD and CD = EF,  then AB = ~EF  If lABC = IDEF and IDEF  IGHI,  then lABC = IGHI  79  www.ckl2.org  Using Properties of Equality with Equations  When you solve equations in algebra you use properties of equality."
R0445,C0059,C0233,Prerequisite,0.26,35,bba1eeb226064a3880292ac2dab79925,"Table 2.5:  For Line Segments  For Angles  Reflexive Property  of Congruence  AB = AB  IB = IB  Symmetric Property  of Congruence  If AB = CD, then CD = AB  If lABC = IDEF, then IDEF  lABC  Transitive Property  of Congruence  If AB = CD and CD = EF,  then AB = ~EF  If lABC = IDEF and IDEF  IGHI,  then lABC = IGHI  79  www.ckl2.org  Using Properties of Equality with Equations  When you solve equations in algebra you use properties of equality."
R0446,C0059,C0234,Prerequisite,0.26,35,bba1eeb226064a3880292ac2dab79925,"Table 2.5:  For Line Segments  For Angles  Reflexive Property  of Congruence  AB = AB  IB = IB  Symmetric Property  of Congruence  If AB = CD, then CD = AB  If lABC = IDEF, then IDEF  lABC  Transitive Property  of Congruence  If AB = CD and CD = EF,  then AB = ~EF  If lABC = IDEF and IDEF  IGHI,  then lABC = IGHI  79  www.ckl2.org  Using Properties of Equality with Equations  When you solve equations in algebra you use properties of equality."
R0447,C0059,C0235,Prerequisite,0.26,35,bba1eeb226064a3880292ac2dab79925,"Table 2.5:  For Line Segments  For Angles  Reflexive Property  of Congruence  AB = AB  IB = IB  Symmetric Property  of Congruence  If AB = CD, then CD = AB  If lABC = IDEF, then IDEF  lABC  Transitive Property  of Congruence  If AB = CD and CD = EF,  then AB = ~EF  If lABC = IDEF and IDEF  IGHI,  then lABC = IGHI  79  www.ckl2.org  Using Properties of Equality with Equations  When you solve equations in algebra you use properties of equality."
R0448,C0059,C0241,Prerequisite,0.26,35,bba1eeb226064a3880292ac2dab79925,"Table 2.5:  For Line Segments  For Angles  Reflexive Property  of Congruence  AB = AB  IB = IB  Symmetric Property  of Congruence  If AB = CD, then CD = AB  If lABC = IDEF, then IDEF  lABC  Transitive Property  of Congruence  If AB = CD and CD = EF,  then AB = ~EF  If lABC = IDEF and IDEF  IGHI,  then lABC = IGHI  79  www.ckl2.org  Using Properties of Equality with Equations  When you solve equations in algebra you use properties of equality."
R0449,C0059,C0242,Prerequisite,0.26,35,bba1eeb226064a3880292ac2dab79925,"Table 2.5:  For Line Segments  For Angles  Reflexive Property  of Congruence  AB = AB  IB = IB  Symmetric Property  of Congruence  If AB = CD, then CD = AB  If lABC = IDEF, then IDEF  lABC  Transitive Property  of Congruence  If AB = CD and CD = EF,  then AB = ~EF  If lABC = IDEF and IDEF  IGHI,  then lABC = IGHI  79  www.ckl2.org  Using Properties of Equality with Equations  When you solve equations in algebra you use properties of equality."
R0450,C0151,C0029,Prerequisite,0.2583,35,bba1eeb226064a3880292ac2dab79925,"Table 2.5:  For Line Segments  For Angles  Reflexive Property  of Congruence  AB = AB  IB = IB  Symmetric Property  of Congruence  If AB = CD, then CD = AB  If lABC = IDEF, then IDEF  lABC  Transitive Property  of Congruence  If AB = CD and CD = EF,  then AB = ~EF  If lABC = IDEF and IDEF  IGHI,  then lABC = IGHI  79  www.ckl2.org  Using Properties of Equality with Equations  When you solve equations in algebra you use properties of equality."
R0451,C0151,C0059,Prerequisite,0.34,35,bba1eeb226064a3880292ac2dab79925,"Table 2.5:  For Line Segments  For Angles  Reflexive Property  of Congruence  AB = AB  IB = IB  Symmetric Property  of Congruence  If AB = CD, then CD = AB  If lABC = IDEF, then IDEF  lABC  Transitive Property  of Congruence  If AB = CD and CD = EF,  then AB = ~EF  If lABC = IDEF and IDEF  IGHI,  then lABC = IGHI  79  www.ckl2.org  Using Properties of Equality with Equations  When you solve equations in algebra you use properties of equality."
R0452,C0151,C0196,Prerequisite,0.2768,35,bba1eeb226064a3880292ac2dab79925,"Table 2.5:  For Line Segments  For Angles  Reflexive Property  of Congruence  AB = AB  IB = IB  Symmetric Property  of Congruence  If AB = CD, then CD = AB  If lABC = IDEF, then IDEF  lABC  Transitive Property  of Congruence  If AB = CD and CD = EF,  then AB = ~EF  If lABC = IDEF and IDEF  IGHI,  then lABC = IGHI  79  www.ckl2.org  Using Properties of Equality with Equations  When you solve equations in algebra you use properties of equality."
R0453,C0151,C0226,Prerequisite,0.2465,35,bba1eeb226064a3880292ac2dab79925,"Table 2.5:  For Line Segments  For Angles  Reflexive Property  of Congruence  AB = AB  IB = IB  Symmetric Property  of Congruence  If AB = CD, then CD = AB  If lABC = IDEF, then IDEF  lABC  Transitive Property  of Congruence  If AB = CD and CD = EF,  then AB = ~EF  If lABC = IDEF and IDEF  IGHI,  then lABC = IGHI  79  www.ckl2.org  Using Properties of Equality with Equations  When you solve equations in algebra you use properties of equality."
R0454,C0151,C0228,Prerequisite,0.26,35,bba1eeb226064a3880292ac2dab79925,"Table 2.5:  For Line Segments  For Angles  Reflexive Property  of Congruence  AB = AB  IB = IB  Symmetric Property  of Congruence  If AB = CD, then CD = AB  If lABC = IDEF, then IDEF  lABC  Transitive Property  of Congruence  If AB = CD and CD = EF,  then AB = ~EF  If lABC = IDEF and IDEF  IGHI,  then lABC = IGHI  79  www.ckl2.org  Using Properties of Equality with Equations  When you solve equations in algebra you use properties of equality."
R0455,C0151,C0232,Prerequisite,0.2773,35,bba1eeb226064a3880292ac2dab79925,"Table 2.5:  For Line Segments  For Angles  Reflexive Property  of Congruence  AB = AB  IB = IB  Symmetric Property  of Congruence  If AB = CD, then CD = AB  If lABC = IDEF, then IDEF  lABC  Transitive Property  of Congruence  If AB = CD and CD = EF,  then AB = ~EF  If lABC = IDEF and IDEF  IGHI,  then lABC = IGHI  79  www.ckl2.org  Using Properties of Equality with Equations  When you solve equations in algebra you use properties of equality."
R0456,C0151,C0233,Prerequisite,0.26,35,bba1eeb226064a3880292ac2dab79925,"Table 2.5:  For Line Segments  For Angles  Reflexive Property  of Congruence  AB = AB  IB = IB  Symmetric Property  of Congruence  If AB = CD, then CD = AB  If lABC = IDEF, then IDEF  lABC  Transitive Property  of Congruence  If AB = CD and CD = EF,  then AB = ~EF  If lABC = IDEF and IDEF  IGHI,  then lABC = IGHI  79  www.ckl2.org  Using Properties of Equality with Equations  When you solve equations in algebra you use properties of equality."
R0457,C0151,C0235,Prerequisite,0.2906,35,bba1eeb226064a3880292ac2dab79925,"Table 2.5:  For Line Segments  For Angles  Reflexive Property  of Congruence  AB = AB  IB = IB  Symmetric Property  of Congruence  If AB = CD, then CD = AB  If lABC = IDEF, then IDEF  lABC  Transitive Property  of Congruence  If AB = CD and CD = EF,  then AB = ~EF  If lABC = IDEF and IDEF  IGHI,  then lABC = IGHI  79  www.ckl2.org  Using Properties of Equality with Equations  When you solve equations in algebra you use properties of equality."
R0458,C0151,C0241,Prerequisite,0.2959,35,bba1eeb226064a3880292ac2dab79925,"Table 2.5:  For Line Segments  For Angles  Reflexive Property  of Congruence  AB = AB  IB = IB  Symmetric Property  of Congruence  If AB = CD, then CD = AB  If lABC = IDEF, then IDEF  lABC  Transitive Property  of Congruence  If AB = CD and CD = EF,  then AB = ~EF  If lABC = IDEF and IDEF  IGHI,  then lABC = IGHI  79  www.ckl2.org  Using Properties of Equality with Equations  When you solve equations in algebra you use properties of equality."
R0459,C0151,C0242,Prerequisite,0.26,35,bba1eeb226064a3880292ac2dab79925,"Table 2.5:  For Line Segments  For Angles  Reflexive Property  of Congruence  AB = AB  IB = IB  Symmetric Property  of Congruence  If AB = CD, then CD = AB  If lABC = IDEF, then IDEF  lABC  Transitive Property  of Congruence  If AB = CD and CD = EF,  then AB = ~EF  If lABC = IDEF and IDEF  IGHI,  then lABC = IGHI  79  www.ckl2.org  Using Properties of Equality with Equations  When you solve equations in algebra you use properties of equality."
R0460,C0196,C0015,Prerequisite,0.2609,35,bba1eeb226064a3880292ac2dab79925,"Table 2.5:  For Line Segments  For Angles  Reflexive Property  of Congruence  AB = AB  IB = IB  Symmetric Property  of Congruence  If AB = CD, then CD = AB  If lABC = IDEF, then IDEF  lABC  Transitive Property  of Congruence  If AB = CD and CD = EF,  then AB = ~EF  If lABC = IDEF and IDEF  IGHI,  then lABC = IGHI  79  www.ckl2.org  Using Properties of Equality with Equations  When you solve equations in algebra you use properties of equality."
R0461,C0196,C0029,Prerequisite,0.2343,35,bba1eeb226064a3880292ac2dab79925,"Table 2.5:  For Line Segments  For Angles  Reflexive Property  of Congruence  AB = AB  IB = IB  Symmetric Property  of Congruence  If AB = CD, then CD = AB  If lABC = IDEF, then IDEF  lABC  Transitive Property  of Congruence  If AB = CD and CD = EF,  then AB = ~EF  If lABC = IDEF and IDEF  IGHI,  then lABC = IGHI  79  www.ckl2.org  Using Properties of Equality with Equations  When you solve equations in algebra you use properties of equality."
R0462,C0196,C0059,Prerequisite,0.2848,35,bba1eeb226064a3880292ac2dab79925,"Table 2.5:  For Line Segments  For Angles  Reflexive Property  of Congruence  AB = AB  IB = IB  Symmetric Property  of Congruence  If AB = CD, then CD = AB  If lABC = IDEF, then IDEF  lABC  Transitive Property  of Congruence  If AB = CD and CD = EF,  then AB = ~EF  If lABC = IDEF and IDEF  IGHI,  then lABC = IGHI  79  www.ckl2.org  Using Properties of Equality with Equations  When you solve equations in algebra you use properties of equality."
R0463,C0196,C0151,Prerequisite,0.2768,35,bba1eeb226064a3880292ac2dab79925,"Table 2.5:  For Line Segments  For Angles  Reflexive Property  of Congruence  AB = AB  IB = IB  Symmetric Property  of Congruence  If AB = CD, then CD = AB  If lABC = IDEF, then IDEF  lABC  Transitive Property  of Congruence  If AB = CD and CD = EF,  then AB = ~EF  If lABC = IDEF and IDEF  IGHI,  then lABC = IGHI  79  www.ckl2.org  Using Properties of Equality with Equations  When you solve equations in algebra you use properties of equality."
R0464,C0196,C0226,Prerequisite,0.2447,35,bba1eeb226064a3880292ac2dab79925,"Table 2.5:  For Line Segments  For Angles  Reflexive Property  of Congruence  AB = AB  IB = IB  Symmetric Property  of Congruence  If AB = CD, then CD = AB  If lABC = IDEF, then IDEF  lABC  Transitive Property  of Congruence  If AB = CD and CD = EF,  then AB = ~EF  If lABC = IDEF and IDEF  IGHI,  then lABC = IGHI  79  www.ckl2.org  Using Properties of Equality with Equations  When you solve equations in algebra you use properties of equality."
R0465,C0196,C0228,Prerequisite,0.26,35,bba1eeb226064a3880292ac2dab79925,"Table 2.5:  For Line Segments  For Angles  Reflexive Property  of Congruence  AB = AB  IB = IB  Symmetric Property  of Congruence  If AB = CD, then CD = AB  If lABC = IDEF, then IDEF  lABC  Transitive Property  of Congruence  If AB = CD and CD = EF,  then AB = ~EF  If lABC = IDEF and IDEF  IGHI,  then lABC = IGHI  79  www.ckl2.org  Using Properties of Equality with Equations  When you solve equations in algebra you use properties of equality."
R0466,C0196,C0231,Prerequisite,0.2817,35,bba1eeb226064a3880292ac2dab79925,"Table 2.5:  For Line Segments  For Angles  Reflexive Property  of Congruence  AB = AB  IB = IB  Symmetric Property  of Congruence  If AB = CD, then CD = AB  If lABC = IDEF, then IDEF  lABC  Transitive Property  of Congruence  If AB = CD and CD = EF,  then AB = ~EF  If lABC = IDEF and IDEF  IGHI,  then lABC = IGHI  79  www.ckl2.org  Using Properties of Equality with Equations  When you solve equations in algebra you use properties of equality."
R0467,C0196,C0232,Prerequisite,0.2935,35,bba1eeb226064a3880292ac2dab79925,"Table 2.5:  For Line Segments  For Angles  Reflexive Property  of Congruence  AB = AB  IB = IB  Symmetric Property  of Congruence  If AB = CD, then CD = AB  If lABC = IDEF, then IDEF  lABC  Transitive Property  of Congruence  If AB = CD and CD = EF,  then AB = ~EF  If lABC = IDEF and IDEF  IGHI,  then lABC = IGHI  79  www.ckl2.org  Using Properties of Equality with Equations  When you solve equations in algebra you use properties of equality."
R0468,C0196,C0233,Prerequisite,0.26,35,bba1eeb226064a3880292ac2dab79925,"Table 2.5:  For Line Segments  For Angles  Reflexive Property  of Congruence  AB = AB  IB = IB  Symmetric Property  of Congruence  If AB = CD, then CD = AB  If lABC = IDEF, then IDEF  lABC  Transitive Property  of Congruence  If AB = CD and CD = EF,  then AB = ~EF  If lABC = IDEF and IDEF  IGHI,  then lABC = IGHI  79  www.ckl2.org  Using Properties of Equality with Equations  When you solve equations in algebra you use properties of equality."
R0469,C0196,C0234,Prerequisite,0.26,35,bba1eeb226064a3880292ac2dab79925,"Table 2.5:  For Line Segments  For Angles  Reflexive Property  of Congruence  AB = AB  IB = IB  Symmetric Property  of Congruence  If AB = CD, then CD = AB  If lABC = IDEF, then IDEF  lABC  Transitive Property  of Congruence  If AB = CD and CD = EF,  then AB = ~EF  If lABC = IDEF and IDEF  IGHI,  then lABC = IGHI  79  www.ckl2.org  Using Properties of Equality with Equations  When you solve equations in algebra you use properties of equality."
R0470,C0196,C0235,Prerequisite,0.26,35,bba1eeb226064a3880292ac2dab79925,"Table 2.5:  For Line Segments  For Angles  Reflexive Property  of Congruence  AB = AB  IB = IB  Symmetric Property  of Congruence  If AB = CD, then CD = AB  If lABC = IDEF, then IDEF  lABC  Transitive Property  of Congruence  If AB = CD and CD = EF,  then AB = ~EF  If lABC = IDEF and IDEF  IGHI,  then lABC = IGHI  79  www.ckl2.org  Using Properties of Equality with Equations  When you solve equations in algebra you use properties of equality."
R0471,C0196,C0241,Prerequisite,0.2762,35,bba1eeb226064a3880292ac2dab79925,"Table 2.5:  For Line Segments  For Angles  Reflexive Property  of Congruence  AB = AB  IB = IB  Symmetric Property  of Congruence  If AB = CD, then CD = AB  If lABC = IDEF, then IDEF  lABC  Transitive Property  of Congruence  If AB = CD and CD = EF,  then AB = ~EF  If lABC = IDEF and IDEF  IGHI,  then lABC = IGHI  79  www.ckl2.org  Using Properties of Equality with Equations  When you solve equations in algebra you use properties of equality."
R0472,C0196,C0242,Prerequisite,0.26,35,bba1eeb226064a3880292ac2dab79925,"Table 2.5:  For Line Segments  For Angles  Reflexive Property  of Congruence  AB = AB  IB = IB  Symmetric Property  of Congruence  If AB = CD, then CD = AB  If lABC = IDEF, then IDEF  lABC  Transitive Property  of Congruence  If AB = CD and CD = EF,  then AB = ~EF  If lABC = IDEF and IDEF  IGHI,  then lABC = IGHI  79  www.ckl2.org  Using Properties of Equality with Equations  When you solve equations in algebra you use properties of equality."
R0473,C0226,C0015,Prerequisite,0.3943,35,bba1eeb226064a3880292ac2dab79925,"Table 2.5:  For Line Segments  For Angles  Reflexive Property  of Congruence  AB = AB  IB = IB  Symmetric Property  of Congruence  If AB = CD, then CD = AB  If lABC = IDEF, then IDEF  lABC  Transitive Property  of Congruence  If AB = CD and CD = EF,  then AB = ~EF  If lABC = IDEF and IDEF  IGHI,  then lABC = IGHI  79  www.ckl2.org  Using Properties of Equality with Equations  When you solve equations in algebra you use properties of equality."
R0474,C0226,C0029,Prerequisite,0.2707,35,bba1eeb226064a3880292ac2dab79925,"Table 2.5:  For Line Segments  For Angles  Reflexive Property  of Congruence  AB = AB  IB = IB  Symmetric Property  of Congruence  If AB = CD, then CD = AB  If lABC = IDEF, then IDEF  lABC  Transitive Property  of Congruence  If AB = CD and CD = EF,  then AB = ~EF  If lABC = IDEF and IDEF  IGHI,  then lABC = IGHI  79  www.ckl2.org  Using Properties of Equality with Equations  When you solve equations in algebra you use properties of equality."
R0475,C0226,C0059,Prerequisite,0.2367,35,bba1eeb226064a3880292ac2dab79925,"Table 2.5:  For Line Segments  For Angles  Reflexive Property  of Congruence  AB = AB  IB = IB  Symmetric Property  of Congruence  If AB = CD, then CD = AB  If lABC = IDEF, then IDEF  lABC  Transitive Property  of Congruence  If AB = CD and CD = EF,  then AB = ~EF  If lABC = IDEF and IDEF  IGHI,  then lABC = IGHI  79  www.ckl2.org  Using Properties of Equality with Equations  When you solve equations in algebra you use properties of equality."
R0476,C0226,C0151,Prerequisite,0.2465,35,bba1eeb226064a3880292ac2dab79925,"Table 2.5:  For Line Segments  For Angles  Reflexive Property  of Congruence  AB = AB  IB = IB  Symmetric Property  of Congruence  If AB = CD, then CD = AB  If lABC = IDEF, then IDEF  lABC  Transitive Property  of Congruence  If AB = CD and CD = EF,  then AB = ~EF  If lABC = IDEF and IDEF  IGHI,  then lABC = IGHI  79  www.ckl2.org  Using Properties of Equality with Equations  When you solve equations in algebra you use properties of equality."
R0477,C0226,C0196,Prerequisite,0.2447,35,bba1eeb226064a3880292ac2dab79925,"Table 2.5:  For Line Segments  For Angles  Reflexive Property  of Congruence  AB = AB  IB = IB  Symmetric Property  of Congruence  If AB = CD, then CD = AB  If lABC = IDEF, then IDEF  lABC  Transitive Property  of Congruence  If AB = CD and CD = EF,  then AB = ~EF  If lABC = IDEF and IDEF  IGHI,  then lABC = IGHI  79  www.ckl2.org  Using Properties of Equality with Equations  When you solve equations in algebra you use properties of equality."
R0478,C0226,C0228,Prerequisite,0.2386,35,bba1eeb226064a3880292ac2dab79925,"Table 2.5:  For Line Segments  For Angles  Reflexive Property  of Congruence  AB = AB  IB = IB  Symmetric Property  of Congruence  If AB = CD, then CD = AB  If lABC = IDEF, then IDEF  lABC  Transitive Property  of Congruence  If AB = CD and CD = EF,  then AB = ~EF  If lABC = IDEF and IDEF  IGHI,  then lABC = IGHI  79  www.ckl2.org  Using Properties of Equality with Equations  When you solve equations in algebra you use properties of equality."
R0479,C0226,C0231,Prerequisite,0.2343,35,bba1eeb226064a3880292ac2dab79925,"Table 2.5:  For Line Segments  For Angles  Reflexive Property  of Congruence  AB = AB  IB = IB  Symmetric Property  of Congruence  If AB = CD, then CD = AB  If lABC = IDEF, then IDEF  lABC  Transitive Property  of Congruence  If AB = CD and CD = EF,  then AB = ~EF  If lABC = IDEF and IDEF  IGHI,  then lABC = IGHI  79  www.ckl2.org  Using Properties of Equality with Equations  When you solve equations in algebra you use properties of equality."
R0480,C0226,C0232,Prerequisite,0.319,35,bba1eeb226064a3880292ac2dab79925,"Table 2.5:  For Line Segments  For Angles  Reflexive Property  of Congruence  AB = AB  IB = IB  Symmetric Property  of Congruence  If AB = CD, then CD = AB  If lABC = IDEF, then IDEF  lABC  Transitive Property  of Congruence  If AB = CD and CD = EF,  then AB = ~EF  If lABC = IDEF and IDEF  IGHI,  then lABC = IGHI  79  www.ckl2.org  Using Properties of Equality with Equations  When you solve equations in algebra you use properties of equality."
R0481,C0226,C0233,Prerequisite,0.215,35,bba1eeb226064a3880292ac2dab79925,"Table 2.5:  For Line Segments  For Angles  Reflexive Property  of Congruence  AB = AB  IB = IB  Symmetric Property  of Congruence  If AB = CD, then CD = AB  If lABC = IDEF, then IDEF  lABC  Transitive Property  of Congruence  If AB = CD and CD = EF,  then AB = ~EF  If lABC = IDEF and IDEF  IGHI,  then lABC = IGHI  79  www.ckl2.org  Using Properties of Equality with Equations  When you solve equations in algebra you use properties of equality."
R0482,C0226,C0234,Prerequisite,0.215,35,bba1eeb226064a3880292ac2dab79925,"Table 2.5:  For Line Segments  For Angles  Reflexive Property  of Congruence  AB = AB  IB = IB  Symmetric Property  of Congruence  If AB = CD, then CD = AB  If lABC = IDEF, then IDEF  lABC  Transitive Property  of Congruence  If AB = CD and CD = EF,  then AB = ~EF  If lABC = IDEF and IDEF  IGHI,  then lABC = IGHI  79  www.ckl2.org  Using Properties of Equality with Equations  When you solve equations in algebra you use properties of equality."
R0483,C0226,C0235,Prerequisite,0.215,35,bba1eeb226064a3880292ac2dab79925,"Table 2.5:  For Line Segments  For Angles  Reflexive Property  of Congruence  AB = AB  IB = IB  Symmetric Property  of Congruence  If AB = CD, then CD = AB  If lABC = IDEF, then IDEF  lABC  Transitive Property  of Congruence  If AB = CD and CD = EF,  then AB = ~EF  If lABC = IDEF and IDEF  IGHI,  then lABC = IGHI  79  www.ckl2.org  Using Properties of Equality with Equations  When you solve equations in algebra you use properties of equality."
R0484,C0226,C0241,Prerequisite,0.215,35,bba1eeb226064a3880292ac2dab79925,"Table 2.5:  For Line Segments  For Angles  Reflexive Property  of Congruence  AB = AB  IB = IB  Symmetric Property  of Congruence  If AB = CD, then CD = AB  If lABC = IDEF, then IDEF  lABC  Transitive Property  of Congruence  If AB = CD and CD = EF,  then AB = ~EF  If lABC = IDEF and IDEF  IGHI,  then lABC = IGHI  79  www.ckl2.org  Using Properties of Equality with Equations  When you solve equations in algebra you use properties of equality."
R0485,C0226,C0242,Prerequisite,0.2398,35,bba1eeb226064a3880292ac2dab79925,"Table 2.5:  For Line Segments  For Angles  Reflexive Property  of Congruence  AB = AB  IB = IB  Symmetric Property  of Congruence  If AB = CD, then CD = AB  If lABC = IDEF, then IDEF  lABC  Transitive Property  of Congruence  If AB = CD and CD = EF,  then AB = ~EF  If lABC = IDEF and IDEF  IGHI,  then lABC = IGHI  79  www.ckl2.org  Using Properties of Equality with Equations  When you solve equations in algebra you use properties of equality."
R0486,C0228,C0015,Prerequisite,0.2386,35,bba1eeb226064a3880292ac2dab79925,"Table 2.5:  For Line Segments  For Angles  Reflexive Property  of Congruence  AB = AB  IB = IB  Symmetric Property  of Congruence  If AB = CD, then CD = AB  If lABC = IDEF, then IDEF  lABC  Transitive Property  of Congruence  If AB = CD and CD = EF,  then AB = ~EF  If lABC = IDEF and IDEF  IGHI,  then lABC = IGHI  79  www.ckl2.org  Using Properties of Equality with Equations  When you solve equations in algebra you use properties of equality."
R0487,C0228,C0029,Prerequisite,0.215,35,bba1eeb226064a3880292ac2dab79925,"Table 2.5:  For Line Segments  For Angles  Reflexive Property  of Congruence  AB = AB  IB = IB  Symmetric Property  of Congruence  If AB = CD, then CD = AB  If lABC = IDEF, then IDEF  lABC  Transitive Property  of Congruence  If AB = CD and CD = EF,  then AB = ~EF  If lABC = IDEF and IDEF  IGHI,  then lABC = IGHI  79  www.ckl2.org  Using Properties of Equality with Equations  When you solve equations in algebra you use properties of equality."
R0488,C0228,C0059,Prerequisite,0.26,35,bba1eeb226064a3880292ac2dab79925,"Table 2.5:  For Line Segments  For Angles  Reflexive Property  of Congruence  AB = AB  IB = IB  Symmetric Property  of Congruence  If AB = CD, then CD = AB  If lABC = IDEF, then IDEF  lABC  Transitive Property  of Congruence  If AB = CD and CD = EF,  then AB = ~EF  If lABC = IDEF and IDEF  IGHI,  then lABC = IGHI  79  www.ckl2.org  Using Properties of Equality with Equations  When you solve equations in algebra you use properties of equality."
R0489,C0228,C0151,Prerequisite,0.26,35,bba1eeb226064a3880292ac2dab79925,"Table 2.5:  For Line Segments  For Angles  Reflexive Property  of Congruence  AB = AB  IB = IB  Symmetric Property  of Congruence  If AB = CD, then CD = AB  If lABC = IDEF, then IDEF  lABC  Transitive Property  of Congruence  If AB = CD and CD = EF,  then AB = ~EF  If lABC = IDEF and IDEF  IGHI,  then lABC = IGHI  79  www.ckl2.org  Using Properties of Equality with Equations  When you solve equations in algebra you use properties of equality."
R0490,C0228,C0196,Prerequisite,0.26,35,bba1eeb226064a3880292ac2dab79925,"Table 2.5:  For Line Segments  For Angles  Reflexive Property  of Congruence  AB = AB  IB = IB  Symmetric Property  of Congruence  If AB = CD, then CD = AB  If lABC = IDEF, then IDEF  lABC  Transitive Property  of Congruence  If AB = CD and CD = EF,  then AB = ~EF  If lABC = IDEF and IDEF  IGHI,  then lABC = IGHI  79  www.ckl2.org  Using Properties of Equality with Equations  When you solve equations in algebra you use properties of equality."
R0491,C0228,C0226,Prerequisite,0.2386,35,bba1eeb226064a3880292ac2dab79925,"Table 2.5:  For Line Segments  For Angles  Reflexive Property  of Congruence  AB = AB  IB = IB  Symmetric Property  of Congruence  If AB = CD, then CD = AB  If lABC = IDEF, then IDEF  lABC  Transitive Property  of Congruence  If AB = CD and CD = EF,  then AB = ~EF  If lABC = IDEF and IDEF  IGHI,  then lABC = IGHI  79  www.ckl2.org  Using Properties of Equality with Equations  When you solve equations in algebra you use properties of equality."
R0492,C0228,C0231,Prerequisite,0.312,35,bba1eeb226064a3880292ac2dab79925,"Table 2.5:  For Line Segments  For Angles  Reflexive Property  of Congruence  AB = AB  IB = IB  Symmetric Property  of Congruence  If AB = CD, then CD = AB  If lABC = IDEF, then IDEF  lABC  Transitive Property  of Congruence  If AB = CD and CD = EF,  then AB = ~EF  If lABC = IDEF and IDEF  IGHI,  then lABC = IGHI  79  www.ckl2.org  Using Properties of Equality with Equations  When you solve equations in algebra you use properties of equality."
R0493,C0228,C0232,Prerequisite,0.2889,35,bba1eeb226064a3880292ac2dab79925,"Table 2.5:  For Line Segments  For Angles  Reflexive Property  of Congruence  AB = AB  IB = IB  Symmetric Property  of Congruence  If AB = CD, then CD = AB  If lABC = IDEF, then IDEF  lABC  Transitive Property  of Congruence  If AB = CD and CD = EF,  then AB = ~EF  If lABC = IDEF and IDEF  IGHI,  then lABC = IGHI  79  www.ckl2.org  Using Properties of Equality with Equations  When you solve equations in algebra you use properties of equality."
R0494,C0228,C0233,Prerequisite,0.26,35,bba1eeb226064a3880292ac2dab79925,"Table 2.5:  For Line Segments  For Angles  Reflexive Property  of Congruence  AB = AB  IB = IB  Symmetric Property  of Congruence  If AB = CD, then CD = AB  If lABC = IDEF, then IDEF  lABC  Transitive Property  of Congruence  If AB = CD and CD = EF,  then AB = ~EF  If lABC = IDEF and IDEF  IGHI,  then lABC = IGHI  79  www.ckl2.org  Using Properties of Equality with Equations  When you solve equations in algebra you use properties of equality."
R0495,C0228,C0234,Prerequisite,0.26,35,bba1eeb226064a3880292ac2dab79925,"Table 2.5:  For Line Segments  For Angles  Reflexive Property  of Congruence  AB = AB  IB = IB  Symmetric Property  of Congruence  If AB = CD, then CD = AB  If lABC = IDEF, then IDEF  lABC  Transitive Property  of Congruence  If AB = CD and CD = EF,  then AB = ~EF  If lABC = IDEF and IDEF  IGHI,  then lABC = IGHI  79  www.ckl2.org  Using Properties of Equality with Equations  When you solve equations in algebra you use properties of equality."
R0496,C0228,C0235,Prerequisite,0.26,35,bba1eeb226064a3880292ac2dab79925,"Table 2.5:  For Line Segments  For Angles  Reflexive Property  of Congruence  AB = AB  IB = IB  Symmetric Property  of Congruence  If AB = CD, then CD = AB  If lABC = IDEF, then IDEF  lABC  Transitive Property  of Congruence  If AB = CD and CD = EF,  then AB = ~EF  If lABC = IDEF and IDEF  IGHI,  then lABC = IGHI  79  www.ckl2.org  Using Properties of Equality with Equations  When you solve equations in algebra you use properties of equality."
R0497,C0228,C0241,Prerequisite,0.26,35,bba1eeb226064a3880292ac2dab79925,"Table 2.5:  For Line Segments  For Angles  Reflexive Property  of Congruence  AB = AB  IB = IB  Symmetric Property  of Congruence  If AB = CD, then CD = AB  If lABC = IDEF, then IDEF  lABC  Transitive Property  of Congruence  If AB = CD and CD = EF,  then AB = ~EF  If lABC = IDEF and IDEF  IGHI,  then lABC = IGHI  79  www.ckl2.org  Using Properties of Equality with Equations  When you solve equations in algebra you use properties of equality."
R0498,C0228,C0242,Prerequisite,0.26,35,bba1eeb226064a3880292ac2dab79925,"Table 2.5:  For Line Segments  For Angles  Reflexive Property  of Congruence  AB = AB  IB = IB  Symmetric Property  of Congruence  If AB = CD, then CD = AB  If lABC = IDEF, then IDEF  lABC  Transitive Property  of Congruence  If AB = CD and CD = EF,  then AB = ~EF  If lABC = IDEF and IDEF  IGHI,  then lABC = IGHI  79  www.ckl2.org  Using Properties of Equality with Equations  When you solve equations in algebra you use properties of equality."
R0499,C0231,C0029,Prerequisite,0.215,35,bba1eeb226064a3880292ac2dab79925,"Table 2.5:  For Line Segments  For Angles  Reflexive Property  of Congruence  AB = AB  IB = IB  Symmetric Property  of Congruence  If AB = CD, then CD = AB  If lABC = IDEF, then IDEF  lABC  Transitive Property  of Congruence  If AB = CD and CD = EF,  then AB = ~EF  If lABC = IDEF and IDEF  IGHI,  then lABC = IGHI  79  www.ckl2.org  Using Properties of Equality with Equations  When you solve equations in algebra you use properties of equality."
R0500,C0231,C0059,Prerequisite,0.26,35,bba1eeb226064a3880292ac2dab79925,"Table 2.5:  For Line Segments  For Angles  Reflexive Property  of Congruence  AB = AB  IB = IB  Symmetric Property  of Congruence  If AB = CD, then CD = AB  If lABC = IDEF, then IDEF  lABC  Transitive Property  of Congruence  If AB = CD and CD = EF,  then AB = ~EF  If lABC = IDEF and IDEF  IGHI,  then lABC = IGHI  79  www.ckl2.org  Using Properties of Equality with Equations  When you solve equations in algebra you use properties of equality."
R0501,C0231,C0196,Prerequisite,0.2817,35,bba1eeb226064a3880292ac2dab79925,"Table 2.5:  For Line Segments  For Angles  Reflexive Property  of Congruence  AB = AB  IB = IB  Symmetric Property  of Congruence  If AB = CD, then CD = AB  If lABC = IDEF, then IDEF  lABC  Transitive Property  of Congruence  If AB = CD and CD = EF,  then AB = ~EF  If lABC = IDEF and IDEF  IGHI,  then lABC = IGHI  79  www.ckl2.org  Using Properties of Equality with Equations  When you solve equations in algebra you use properties of equality."
R0502,C0231,C0226,Prerequisite,0.2343,35,bba1eeb226064a3880292ac2dab79925,"Table 2.5:  For Line Segments  For Angles  Reflexive Property  of Congruence  AB = AB  IB = IB  Symmetric Property  of Congruence  If AB = CD, then CD = AB  If lABC = IDEF, then IDEF  lABC  Transitive Property  of Congruence  If AB = CD and CD = EF,  then AB = ~EF  If lABC = IDEF and IDEF  IGHI,  then lABC = IGHI  79  www.ckl2.org  Using Properties of Equality with Equations  When you solve equations in algebra you use properties of equality."
R0503,C0231,C0228,Prerequisite,0.312,35,bba1eeb226064a3880292ac2dab79925,"Table 2.5:  For Line Segments  For Angles  Reflexive Property  of Congruence  AB = AB  IB = IB  Symmetric Property  of Congruence  If AB = CD, then CD = AB  If lABC = IDEF, then IDEF  lABC  Transitive Property  of Congruence  If AB = CD and CD = EF,  then AB = ~EF  If lABC = IDEF and IDEF  IGHI,  then lABC = IGHI  79  www.ckl2.org  Using Properties of Equality with Equations  When you solve equations in algebra you use properties of equality."
R0504,C0231,C0232,Prerequisite,0.2826,35,bba1eeb226064a3880292ac2dab79925,"Table 2.5:  For Line Segments  For Angles  Reflexive Property  of Congruence  AB = AB  IB = IB  Symmetric Property  of Congruence  If AB = CD, then CD = AB  If lABC = IDEF, then IDEF  lABC  Transitive Property  of Congruence  If AB = CD and CD = EF,  then AB = ~EF  If lABC = IDEF and IDEF  IGHI,  then lABC = IGHI  79  www.ckl2.org  Using Properties of Equality with Equations  When you solve equations in algebra you use properties of equality."
R0505,C0231,C0233,Prerequisite,0.3778,35,bba1eeb226064a3880292ac2dab79925,"Table 2.5:  For Line Segments  For Angles  Reflexive Property  of Congruence  AB = AB  IB = IB  Symmetric Property  of Congruence  If AB = CD, then CD = AB  If lABC = IDEF, then IDEF  lABC  Transitive Property  of Congruence  If AB = CD and CD = EF,  then AB = ~EF  If lABC = IDEF and IDEF  IGHI,  then lABC = IGHI  79  www.ckl2.org  Using Properties of Equality with Equations  When you solve equations in algebra you use properties of equality."
R0506,C0231,C0235,Prerequisite,0.32,35,bba1eeb226064a3880292ac2dab79925,"Table 2.5:  For Line Segments  For Angles  Reflexive Property  of Congruence  AB = AB  IB = IB  Symmetric Property  of Congruence  If AB = CD, then CD = AB  If lABC = IDEF, then IDEF  lABC  Transitive Property  of Congruence  If AB = CD and CD = EF,  then AB = ~EF  If lABC = IDEF and IDEF  IGHI,  then lABC = IGHI  79  www.ckl2.org  Using Properties of Equality with Equations  When you solve equations in algebra you use properties of equality."
R0507,C0231,C0241,Prerequisite,0.32,35,bba1eeb226064a3880292ac2dab79925,"Table 2.5:  For Line Segments  For Angles  Reflexive Property  of Congruence  AB = AB  IB = IB  Symmetric Property  of Congruence  If AB = CD, then CD = AB  If lABC = IDEF, then IDEF  lABC  Transitive Property  of Congruence  If AB = CD and CD = EF,  then AB = ~EF  If lABC = IDEF and IDEF  IGHI,  then lABC = IGHI  79  www.ckl2.org  Using Properties of Equality with Equations  When you solve equations in algebra you use properties of equality."
R0508,C0231,C0242,Prerequisite,0.32,35,bba1eeb226064a3880292ac2dab79925,"Table 2.5:  For Line Segments  For Angles  Reflexive Property  of Congruence  AB = AB  IB = IB  Symmetric Property  of Congruence  If AB = CD, then CD = AB  If lABC = IDEF, then IDEF  lABC  Transitive Property  of Congruence  If AB = CD and CD = EF,  then AB = ~EF  If lABC = IDEF and IDEF  IGHI,  then lABC = IGHI  79  www.ckl2.org  Using Properties of Equality with Equations  When you solve equations in algebra you use properties of equality."
R0509,C0232,C0015,Prerequisite,0.2623,35,bba1eeb226064a3880292ac2dab79925,"Table 2.5:  For Line Segments  For Angles  Reflexive Property  of Congruence  AB = AB  IB = IB  Symmetric Property  of Congruence  If AB = CD, then CD = AB  If lABC = IDEF, then IDEF  lABC  Transitive Property  of Congruence  If AB = CD and CD = EF,  then AB = ~EF  If lABC = IDEF and IDEF  IGHI,  then lABC = IGHI  79  www.ckl2.org  Using Properties of Equality with Equations  When you solve equations in algebra you use properties of equality."
R0510,C0232,C0029,Prerequisite,0.235,35,bba1eeb226064a3880292ac2dab79925,"Table 2.5:  For Line Segments  For Angles  Reflexive Property  of Congruence  AB = AB  IB = IB  Symmetric Property  of Congruence  If AB = CD, then CD = AB  If lABC = IDEF, then IDEF  lABC  Transitive Property  of Congruence  If AB = CD and CD = EF,  then AB = ~EF  If lABC = IDEF and IDEF  IGHI,  then lABC = IGHI  79  www.ckl2.org  Using Properties of Equality with Equations  When you solve equations in algebra you use properties of equality."
R0511,C0232,C0059,Prerequisite,0.286,35,bba1eeb226064a3880292ac2dab79925,"Table 2.5:  For Line Segments  For Angles  Reflexive Property  of Congruence  AB = AB  IB = IB  Symmetric Property  of Congruence  If AB = CD, then CD = AB  If lABC = IDEF, then IDEF  lABC  Transitive Property  of Congruence  If AB = CD and CD = EF,  then AB = ~EF  If lABC = IDEF and IDEF  IGHI,  then lABC = IGHI  79  www.ckl2.org  Using Properties of Equality with Equations  When you solve equations in algebra you use properties of equality."
R0512,C0232,C0151,Prerequisite,0.2773,35,bba1eeb226064a3880292ac2dab79925,"Table 2.5:  For Line Segments  For Angles  Reflexive Property  of Congruence  AB = AB  IB = IB  Symmetric Property  of Congruence  If AB = CD, then CD = AB  If lABC = IDEF, then IDEF  lABC  Transitive Property  of Congruence  If AB = CD and CD = EF,  then AB = ~EF  If lABC = IDEF and IDEF  IGHI,  then lABC = IGHI  79  www.ckl2.org  Using Properties of Equality with Equations  When you solve equations in algebra you use properties of equality."
R0513,C0232,C0196,Prerequisite,0.2935,35,bba1eeb226064a3880292ac2dab79925,"Table 2.5:  For Line Segments  For Angles  Reflexive Property  of Congruence  AB = AB  IB = IB  Symmetric Property  of Congruence  If AB = CD, then CD = AB  If lABC = IDEF, then IDEF  lABC  Transitive Property  of Congruence  If AB = CD and CD = EF,  then AB = ~EF  If lABC = IDEF and IDEF  IGHI,  then lABC = IGHI  79  www.ckl2.org  Using Properties of Equality with Equations  When you solve equations in algebra you use properties of equality."
R0514,C0232,C0226,Prerequisite,0.319,35,bba1eeb226064a3880292ac2dab79925,"Table 2.5:  For Line Segments  For Angles  Reflexive Property  of Congruence  AB = AB  IB = IB  Symmetric Property  of Congruence  If AB = CD, then CD = AB  If lABC = IDEF, then IDEF  lABC  Transitive Property  of Congruence  If AB = CD and CD = EF,  then AB = ~EF  If lABC = IDEF and IDEF  IGHI,  then lABC = IGHI  79  www.ckl2.org  Using Properties of Equality with Equations  When you solve equations in algebra you use properties of equality."
R0515,C0232,C0228,Prerequisite,0.2889,35,bba1eeb226064a3880292ac2dab79925,"Table 2.5:  For Line Segments  For Angles  Reflexive Property  of Congruence  AB = AB  IB = IB  Symmetric Property  of Congruence  If AB = CD, then CD = AB  If lABC = IDEF, then IDEF  lABC  Transitive Property  of Congruence  If AB = CD and CD = EF,  then AB = ~EF  If lABC = IDEF and IDEF  IGHI,  then lABC = IGHI  79  www.ckl2.org  Using Properties of Equality with Equations  When you solve equations in algebra you use properties of equality."
R0516,C0232,C0231,Prerequisite,0.2826,35,bba1eeb226064a3880292ac2dab79925,"Table 2.5:  For Line Segments  For Angles  Reflexive Property  of Congruence  AB = AB  IB = IB  Symmetric Property  of Congruence  If AB = CD, then CD = AB  If lABC = IDEF, then IDEF  lABC  Transitive Property  of Congruence  If AB = CD and CD = EF,  then AB = ~EF  If lABC = IDEF and IDEF  IGHI,  then lABC = IGHI  79  www.ckl2.org  Using Properties of Equality with Equations  When you solve equations in algebra you use properties of equality."
R0517,C0232,C0233,Prerequisite,0.26,35,bba1eeb226064a3880292ac2dab79925,"Table 2.5:  For Line Segments  For Angles  Reflexive Property  of Congruence  AB = AB  IB = IB  Symmetric Property  of Congruence  If AB = CD, then CD = AB  If lABC = IDEF, then IDEF  lABC  Transitive Property  of Congruence  If AB = CD and CD = EF,  then AB = ~EF  If lABC = IDEF and IDEF  IGHI,  then lABC = IGHI  79  www.ckl2.org  Using Properties of Equality with Equations  When you solve equations in algebra you use properties of equality."
R0518,C0232,C0234,Prerequisite,0.26,35,bba1eeb226064a3880292ac2dab79925,"Table 2.5:  For Line Segments  For Angles  Reflexive Property  of Congruence  AB = AB  IB = IB  Symmetric Property  of Congruence  If AB = CD, then CD = AB  If lABC = IDEF, then IDEF  lABC  Transitive Property  of Congruence  If AB = CD and CD = EF,  then AB = ~EF  If lABC = IDEF and IDEF  IGHI,  then lABC = IGHI  79  www.ckl2.org  Using Properties of Equality with Equations  When you solve equations in algebra you use properties of equality."
R0519,C0232,C0235,Prerequisite,0.26,35,bba1eeb226064a3880292ac2dab79925,"Table 2.5:  For Line Segments  For Angles  Reflexive Property  of Congruence  AB = AB  IB = IB  Symmetric Property  of Congruence  If AB = CD, then CD = AB  If lABC = IDEF, then IDEF  lABC  Transitive Property  of Congruence  If AB = CD and CD = EF,  then AB = ~EF  If lABC = IDEF and IDEF  IGHI,  then lABC = IGHI  79  www.ckl2.org  Using Properties of Equality with Equations  When you solve equations in algebra you use properties of equality."
R0520,C0232,C0241,Prerequisite,0.26,35,bba1eeb226064a3880292ac2dab79925,"Table 2.5:  For Line Segments  For Angles  Reflexive Property  of Congruence  AB = AB  IB = IB  Symmetric Property  of Congruence  If AB = CD, then CD = AB  If lABC = IDEF, then IDEF  lABC  Transitive Property  of Congruence  If AB = CD and CD = EF,  then AB = ~EF  If lABC = IDEF and IDEF  IGHI,  then lABC = IGHI  79  www.ckl2.org  Using Properties of Equality with Equations  When you solve equations in algebra you use properties of equality."
R0521,C0232,C0242,Prerequisite,0.2906,35,bba1eeb226064a3880292ac2dab79925,"Table 2.5:  For Line Segments  For Angles  Reflexive Property  of Congruence  AB = AB  IB = IB  Symmetric Property  of Congruence  If AB = CD, then CD = AB  If lABC = IDEF, then IDEF  lABC  Transitive Property  of Congruence  If AB = CD and CD = EF,  then AB = ~EF  If lABC = IDEF and IDEF  IGHI,  then lABC = IGHI  79  www.ckl2.org  Using Properties of Equality with Equations  When you solve equations in algebra you use properties of equality."
R0522,C0233,C0015,Prerequisite,0.215,35,bba1eeb226064a3880292ac2dab79925,"Table 2.5:  For Line Segments  For Angles  Reflexive Property  of Congruence  AB = AB  IB = IB  Symmetric Property  of Congruence  If AB = CD, then CD = AB  If lABC = IDEF, then IDEF  lABC  Transitive Property  of Congruence  If AB = CD and CD = EF,  then AB = ~EF  If lABC = IDEF and IDEF  IGHI,  then lABC = IGHI  79  www.ckl2.org  Using Properties of Equality with Equations  When you solve equations in algebra you use properties of equality."
R0523,C0233,C0029,Prerequisite,0.215,35,bba1eeb226064a3880292ac2dab79925,"Table 2.5:  For Line Segments  For Angles  Reflexive Property  of Congruence  AB = AB  IB = IB  Symmetric Property  of Congruence  If AB = CD, then CD = AB  If lABC = IDEF, then IDEF  lABC  Transitive Property  of Congruence  If AB = CD and CD = EF,  then AB = ~EF  If lABC = IDEF and IDEF  IGHI,  then lABC = IGHI  79  www.ckl2.org  Using Properties of Equality with Equations  When you solve equations in algebra you use properties of equality."
R0524,C0233,C0059,Prerequisite,0.26,35,bba1eeb226064a3880292ac2dab79925,"Table 2.5:  For Line Segments  For Angles  Reflexive Property  of Congruence  AB = AB  IB = IB  Symmetric Property  of Congruence  If AB = CD, then CD = AB  If lABC = IDEF, then IDEF  lABC  Transitive Property  of Congruence  If AB = CD and CD = EF,  then AB = ~EF  If lABC = IDEF and IDEF  IGHI,  then lABC = IGHI  79  www.ckl2.org  Using Properties of Equality with Equations  When you solve equations in algebra you use properties of equality."
R0525,C0233,C0151,Prerequisite,0.26,35,bba1eeb226064a3880292ac2dab79925,"Table 2.5:  For Line Segments  For Angles  Reflexive Property  of Congruence  AB = AB  IB = IB  Symmetric Property  of Congruence  If AB = CD, then CD = AB  If lABC = IDEF, then IDEF  lABC  Transitive Property  of Congruence  If AB = CD and CD = EF,  then AB = ~EF  If lABC = IDEF and IDEF  IGHI,  then lABC = IGHI  79  www.ckl2.org  Using Properties of Equality with Equations  When you solve equations in algebra you use properties of equality."
R0526,C0233,C0196,Prerequisite,0.26,35,bba1eeb226064a3880292ac2dab79925,"Table 2.5:  For Line Segments  For Angles  Reflexive Property  of Congruence  AB = AB  IB = IB  Symmetric Property  of Congruence  If AB = CD, then CD = AB  If lABC = IDEF, then IDEF  lABC  Transitive Property  of Congruence  If AB = CD and CD = EF,  then AB = ~EF  If lABC = IDEF and IDEF  IGHI,  then lABC = IGHI  79  www.ckl2.org  Using Properties of Equality with Equations  When you solve equations in algebra you use properties of equality."
R0527,C0233,C0226,Prerequisite,0.215,35,bba1eeb226064a3880292ac2dab79925,"Table 2.5:  For Line Segments  For Angles  Reflexive Property  of Congruence  AB = AB  IB = IB  Symmetric Property  of Congruence  If AB = CD, then CD = AB  If lABC = IDEF, then IDEF  lABC  Transitive Property  of Congruence  If AB = CD and CD = EF,  then AB = ~EF  If lABC = IDEF and IDEF  IGHI,  then lABC = IGHI  79  www.ckl2.org  Using Properties of Equality with Equations  When you solve equations in algebra you use properties of equality."
R0528,C0233,C0228,Prerequisite,0.26,35,bba1eeb226064a3880292ac2dab79925,"Table 2.5:  For Line Segments  For Angles  Reflexive Property  of Congruence  AB = AB  IB = IB  Symmetric Property  of Congruence  If AB = CD, then CD = AB  If lABC = IDEF, then IDEF  lABC  Transitive Property  of Congruence  If AB = CD and CD = EF,  then AB = ~EF  If lABC = IDEF and IDEF  IGHI,  then lABC = IGHI  79  www.ckl2.org  Using Properties of Equality with Equations  When you solve equations in algebra you use properties of equality."
R0529,C0233,C0231,Prerequisite,0.3778,35,bba1eeb226064a3880292ac2dab79925,"Table 2.5:  For Line Segments  For Angles  Reflexive Property  of Congruence  AB = AB  IB = IB  Symmetric Property  of Congruence  If AB = CD, then CD = AB  If lABC = IDEF, then IDEF  lABC  Transitive Property  of Congruence  If AB = CD and CD = EF,  then AB = ~EF  If lABC = IDEF and IDEF  IGHI,  then lABC = IGHI  79  www.ckl2.org  Using Properties of Equality with Equations  When you solve equations in algebra you use properties of equality."
R0530,C0233,C0232,Prerequisite,0.26,35,bba1eeb226064a3880292ac2dab79925,"Table 2.5:  For Line Segments  For Angles  Reflexive Property  of Congruence  AB = AB  IB = IB  Symmetric Property  of Congruence  If AB = CD, then CD = AB  If lABC = IDEF, then IDEF  lABC  Transitive Property  of Congruence  If AB = CD and CD = EF,  then AB = ~EF  If lABC = IDEF and IDEF  IGHI,  then lABC = IGHI  79  www.ckl2.org  Using Properties of Equality with Equations  When you solve equations in algebra you use properties of equality."
R0531,C0233,C0234,Prerequisite,0.32,35,bba1eeb226064a3880292ac2dab79925,"Table 2.5:  For Line Segments  For Angles  Reflexive Property  of Congruence  AB = AB  IB = IB  Symmetric Property  of Congruence  If AB = CD, then CD = AB  If lABC = IDEF, then IDEF  lABC  Transitive Property  of Congruence  If AB = CD and CD = EF,  then AB = ~EF  If lABC = IDEF and IDEF  IGHI,  then lABC = IGHI  79  www.ckl2.org  Using Properties of Equality with Equations  When you solve equations in algebra you use properties of equality."
R0532,C0233,C0235,Prerequisite,0.32,35,bba1eeb226064a3880292ac2dab79925,"Table 2.5:  For Line Segments  For Angles  Reflexive Property  of Congruence  AB = AB  IB = IB  Symmetric Property  of Congruence  If AB = CD, then CD = AB  If lABC = IDEF, then IDEF  lABC  Transitive Property  of Congruence  If AB = CD and CD = EF,  then AB = ~EF  If lABC = IDEF and IDEF  IGHI,  then lABC = IGHI  79  www.ckl2.org  Using Properties of Equality with Equations  When you solve equations in algebra you use properties of equality."
R0533,C0233,C0241,Prerequisite,0.32,35,bba1eeb226064a3880292ac2dab79925,"Table 2.5:  For Line Segments  For Angles  Reflexive Property  of Congruence  AB = AB  IB = IB  Symmetric Property  of Congruence  If AB = CD, then CD = AB  If lABC = IDEF, then IDEF  lABC  Transitive Property  of Congruence  If AB = CD and CD = EF,  then AB = ~EF  If lABC = IDEF and IDEF  IGHI,  then lABC = IGHI  79  www.ckl2.org  Using Properties of Equality with Equations  When you solve equations in algebra you use properties of equality."
R0534,C0233,C0242,Prerequisite,0.32,35,bba1eeb226064a3880292ac2dab79925,"Table 2.5:  For Line Segments  For Angles  Reflexive Property  of Congruence  AB = AB  IB = IB  Symmetric Property  of Congruence  If AB = CD, then CD = AB  If lABC = IDEF, then IDEF  lABC  Transitive Property  of Congruence  If AB = CD and CD = EF,  then AB = ~EF  If lABC = IDEF and IDEF  IGHI,  then lABC = IGHI  79  www.ckl2.org  Using Properties of Equality with Equations  When you solve equations in algebra you use properties of equality."
R0535,C0234,C0029,Prerequisite,0.215,35,bba1eeb226064a3880292ac2dab79925,"Table 2.5:  For Line Segments  For Angles  Reflexive Property  of Congruence  AB = AB  IB = IB  Symmetric Property  of Congruence  If AB = CD, then CD = AB  If lABC = IDEF, then IDEF  lABC  Transitive Property  of Congruence  If AB = CD and CD = EF,  then AB = ~EF  If lABC = IDEF and IDEF  IGHI,  then lABC = IGHI  79  www.ckl2.org  Using Properties of Equality with Equations  When you solve equations in algebra you use properties of equality."
R0536,C0234,C0059,Prerequisite,0.26,35,bba1eeb226064a3880292ac2dab79925,"Table 2.5:  For Line Segments  For Angles  Reflexive Property  of Congruence  AB = AB  IB = IB  Symmetric Property  of Congruence  If AB = CD, then CD = AB  If lABC = IDEF, then IDEF  lABC  Transitive Property  of Congruence  If AB = CD and CD = EF,  then AB = ~EF  If lABC = IDEF and IDEF  IGHI,  then lABC = IGHI  79  www.ckl2.org  Using Properties of Equality with Equations  When you solve equations in algebra you use properties of equality."
R0537,C0234,C0196,Prerequisite,0.26,35,bba1eeb226064a3880292ac2dab79925,"Table 2.5:  For Line Segments  For Angles  Reflexive Property  of Congruence  AB = AB  IB = IB  Symmetric Property  of Congruence  If AB = CD, then CD = AB  If lABC = IDEF, then IDEF  lABC  Transitive Property  of Congruence  If AB = CD and CD = EF,  then AB = ~EF  If lABC = IDEF and IDEF  IGHI,  then lABC = IGHI  79  www.ckl2.org  Using Properties of Equality with Equations  When you solve equations in algebra you use properties of equality."
R0538,C0234,C0226,Prerequisite,0.215,35,bba1eeb226064a3880292ac2dab79925,"Table 2.5:  For Line Segments  For Angles  Reflexive Property  of Congruence  AB = AB  IB = IB  Symmetric Property  of Congruence  If AB = CD, then CD = AB  If lABC = IDEF, then IDEF  lABC  Transitive Property  of Congruence  If AB = CD and CD = EF,  then AB = ~EF  If lABC = IDEF and IDEF  IGHI,  then lABC = IGHI  79  www.ckl2.org  Using Properties of Equality with Equations  When you solve equations in algebra you use properties of equality."
R0539,C0234,C0228,Prerequisite,0.26,35,bba1eeb226064a3880292ac2dab79925,"Table 2.5:  For Line Segments  For Angles  Reflexive Property  of Congruence  AB = AB  IB = IB  Symmetric Property  of Congruence  If AB = CD, then CD = AB  If lABC = IDEF, then IDEF  lABC  Transitive Property  of Congruence  If AB = CD and CD = EF,  then AB = ~EF  If lABC = IDEF and IDEF  IGHI,  then lABC = IGHI  79  www.ckl2.org  Using Properties of Equality with Equations  When you solve equations in algebra you use properties of equality."
R0540,C0234,C0232,Prerequisite,0.26,35,bba1eeb226064a3880292ac2dab79925,"Table 2.5:  For Line Segments  For Angles  Reflexive Property  of Congruence  AB = AB  IB = IB  Symmetric Property  of Congruence  If AB = CD, then CD = AB  If lABC = IDEF, then IDEF  lABC  Transitive Property  of Congruence  If AB = CD and CD = EF,  then AB = ~EF  If lABC = IDEF and IDEF  IGHI,  then lABC = IGHI  79  www.ckl2.org  Using Properties of Equality with Equations  When you solve equations in algebra you use properties of equality."
R0541,C0234,C0233,Prerequisite,0.32,35,bba1eeb226064a3880292ac2dab79925,"Table 2.5:  For Line Segments  For Angles  Reflexive Property  of Congruence  AB = AB  IB = IB  Symmetric Property  of Congruence  If AB = CD, then CD = AB  If lABC = IDEF, then IDEF  lABC  Transitive Property  of Congruence  If AB = CD and CD = EF,  then AB = ~EF  If lABC = IDEF and IDEF  IGHI,  then lABC = IGHI  79  www.ckl2.org  Using Properties of Equality with Equations  When you solve equations in algebra you use properties of equality."
R0542,C0234,C0235,Prerequisite,0.32,35,bba1eeb226064a3880292ac2dab79925,"Table 2.5:  For Line Segments  For Angles  Reflexive Property  of Congruence  AB = AB  IB = IB  Symmetric Property  of Congruence  If AB = CD, then CD = AB  If lABC = IDEF, then IDEF  lABC  Transitive Property  of Congruence  If AB = CD and CD = EF,  then AB = ~EF  If lABC = IDEF and IDEF  IGHI,  then lABC = IGHI  79  www.ckl2.org  Using Properties of Equality with Equations  When you solve equations in algebra you use properties of equality."
R0543,C0234,C0241,Prerequisite,0.3525,35,bba1eeb226064a3880292ac2dab79925,"Table 2.5:  For Line Segments  For Angles  Reflexive Property  of Congruence  AB = AB  IB = IB  Symmetric Property  of Congruence  If AB = CD, then CD = AB  If lABC = IDEF, then IDEF  lABC  Transitive Property  of Congruence  If AB = CD and CD = EF,  then AB = ~EF  If lABC = IDEF and IDEF  IGHI,  then lABC = IGHI  79  www.ckl2.org  Using Properties of Equality with Equations  When you solve equations in algebra you use properties of equality."
R0544,C0234,C0242,Prerequisite,0.32,35,bba1eeb226064a3880292ac2dab79925,"Table 2.5:  For Line Segments  For Angles  Reflexive Property  of Congruence  AB = AB  IB = IB  Symmetric Property  of Congruence  If AB = CD, then CD = AB  If lABC = IDEF, then IDEF  lABC  Transitive Property  of Congruence  If AB = CD and CD = EF,  then AB = ~EF  If lABC = IDEF and IDEF  IGHI,  then lABC = IGHI  79  www.ckl2.org  Using Properties of Equality with Equations  When you solve equations in algebra you use properties of equality."
R0545,C0235,C0015,Prerequisite,0.215,35,bba1eeb226064a3880292ac2dab79925,"Table 2.5:  For Line Segments  For Angles  Reflexive Property  of Congruence  AB = AB  IB = IB  Symmetric Property  of Congruence  If AB = CD, then CD = AB  If lABC = IDEF, then IDEF  lABC  Transitive Property  of Congruence  If AB = CD and CD = EF,  then AB = ~EF  If lABC = IDEF and IDEF  IGHI,  then lABC = IGHI  79  www.ckl2.org  Using Properties of Equality with Equations  When you solve equations in algebra you use properties of equality."
R0546,C0235,C0029,Prerequisite,0.335,35,bba1eeb226064a3880292ac2dab79925,"Table 2.5:  For Line Segments  For Angles  Reflexive Property  of Congruence  AB = AB  IB = IB  Symmetric Property  of Congruence  If AB = CD, then CD = AB  If lABC = IDEF, then IDEF  lABC  Transitive Property  of Congruence  If AB = CD and CD = EF,  then AB = ~EF  If lABC = IDEF and IDEF  IGHI,  then lABC = IGHI  79  www.ckl2.org  Using Properties of Equality with Equations  When you solve equations in algebra you use properties of equality."
R0547,C0235,C0059,Prerequisite,0.26,35,bba1eeb226064a3880292ac2dab79925,"Table 2.5:  For Line Segments  For Angles  Reflexive Property  of Congruence  AB = AB  IB = IB  Symmetric Property  of Congruence  If AB = CD, then CD = AB  If lABC = IDEF, then IDEF  lABC  Transitive Property  of Congruence  If AB = CD and CD = EF,  then AB = ~EF  If lABC = IDEF and IDEF  IGHI,  then lABC = IGHI  79  www.ckl2.org  Using Properties of Equality with Equations  When you solve equations in algebra you use properties of equality."
R0548,C0235,C0151,Prerequisite,0.2906,35,bba1eeb226064a3880292ac2dab79925,"Table 2.5:  For Line Segments  For Angles  Reflexive Property  of Congruence  AB = AB  IB = IB  Symmetric Property  of Congruence  If AB = CD, then CD = AB  If lABC = IDEF, then IDEF  lABC  Transitive Property  of Congruence  If AB = CD and CD = EF,  then AB = ~EF  If lABC = IDEF and IDEF  IGHI,  then lABC = IGHI  79  www.ckl2.org  Using Properties of Equality with Equations  When you solve equations in algebra you use properties of equality."
R0549,C0235,C0196,Prerequisite,0.26,35,bba1eeb226064a3880292ac2dab79925,"Table 2.5:  For Line Segments  For Angles  Reflexive Property  of Congruence  AB = AB  IB = IB  Symmetric Property  of Congruence  If AB = CD, then CD = AB  If lABC = IDEF, then IDEF  lABC  Transitive Property  of Congruence  If AB = CD and CD = EF,  then AB = ~EF  If lABC = IDEF and IDEF  IGHI,  then lABC = IGHI  79  www.ckl2.org  Using Properties of Equality with Equations  When you solve equations in algebra you use properties of equality."
R0550,C0235,C0226,Prerequisite,0.215,35,bba1eeb226064a3880292ac2dab79925,"Table 2.5:  For Line Segments  For Angles  Reflexive Property  of Congruence  AB = AB  IB = IB  Symmetric Property  of Congruence  If AB = CD, then CD = AB  If lABC = IDEF, then IDEF  lABC  Transitive Property  of Congruence  If AB = CD and CD = EF,  then AB = ~EF  If lABC = IDEF and IDEF  IGHI,  then lABC = IGHI  79  www.ckl2.org  Using Properties of Equality with Equations  When you solve equations in algebra you use properties of equality."
R0551,C0235,C0228,Prerequisite,0.26,35,bba1eeb226064a3880292ac2dab79925,"Table 2.5:  For Line Segments  For Angles  Reflexive Property  of Congruence  AB = AB  IB = IB  Symmetric Property  of Congruence  If AB = CD, then CD = AB  If lABC = IDEF, then IDEF  lABC  Transitive Property  of Congruence  If AB = CD and CD = EF,  then AB = ~EF  If lABC = IDEF and IDEF  IGHI,  then lABC = IGHI  79  www.ckl2.org  Using Properties of Equality with Equations  When you solve equations in algebra you use properties of equality."
R0552,C0235,C0231,Prerequisite,0.32,35,bba1eeb226064a3880292ac2dab79925,"Table 2.5:  For Line Segments  For Angles  Reflexive Property  of Congruence  AB = AB  IB = IB  Symmetric Property  of Congruence  If AB = CD, then CD = AB  If lABC = IDEF, then IDEF  lABC  Transitive Property  of Congruence  If AB = CD and CD = EF,  then AB = ~EF  If lABC = IDEF and IDEF  IGHI,  then lABC = IGHI  79  www.ckl2.org  Using Properties of Equality with Equations  When you solve equations in algebra you use properties of equality."
R0553,C0235,C0232,Prerequisite,0.26,35,bba1eeb226064a3880292ac2dab79925,"Table 2.5:  For Line Segments  For Angles  Reflexive Property  of Congruence  AB = AB  IB = IB  Symmetric Property  of Congruence  If AB = CD, then CD = AB  If lABC = IDEF, then IDEF  lABC  Transitive Property  of Congruence  If AB = CD and CD = EF,  then AB = ~EF  If lABC = IDEF and IDEF  IGHI,  then lABC = IGHI  79  www.ckl2.org  Using Properties of Equality with Equations  When you solve equations in algebra you use properties of equality."
R0554,C0235,C0233,Prerequisite,0.32,35,bba1eeb226064a3880292ac2dab79925,"Table 2.5:  For Line Segments  For Angles  Reflexive Property  of Congruence  AB = AB  IB = IB  Symmetric Property  of Congruence  If AB = CD, then CD = AB  If lABC = IDEF, then IDEF  lABC  Transitive Property  of Congruence  If AB = CD and CD = EF,  then AB = ~EF  If lABC = IDEF and IDEF  IGHI,  then lABC = IGHI  79  www.ckl2.org  Using Properties of Equality with Equations  When you solve equations in algebra you use properties of equality."
R0555,C0235,C0234,Prerequisite,0.32,35,bba1eeb226064a3880292ac2dab79925,"Table 2.5:  For Line Segments  For Angles  Reflexive Property  of Congruence  AB = AB  IB = IB  Symmetric Property  of Congruence  If AB = CD, then CD = AB  If lABC = IDEF, then IDEF  lABC  Transitive Property  of Congruence  If AB = CD and CD = EF,  then AB = ~EF  If lABC = IDEF and IDEF  IGHI,  then lABC = IGHI  79  www.ckl2.org  Using Properties of Equality with Equations  When you solve equations in algebra you use properties of equality."
R0556,C0235,C0241,Prerequisite,0.32,35,bba1eeb226064a3880292ac2dab79925,"Table 2.5:  For Line Segments  For Angles  Reflexive Property  of Congruence  AB = AB  IB = IB  Symmetric Property  of Congruence  If AB = CD, then CD = AB  If lABC = IDEF, then IDEF  lABC  Transitive Property  of Congruence  If AB = CD and CD = EF,  then AB = ~EF  If lABC = IDEF and IDEF  IGHI,  then lABC = IGHI  79  www.ckl2.org  Using Properties of Equality with Equations  When you solve equations in algebra you use properties of equality."
R0557,C0235,C0242,Prerequisite,0.53,35,bba1eeb226064a3880292ac2dab79925,"Table 2.5:  For Line Segments  For Angles  Reflexive Property  of Congruence  AB = AB  IB = IB  Symmetric Property  of Congruence  If AB = CD, then CD = AB  If lABC = IDEF, then IDEF  lABC  Transitive Property  of Congruence  If AB = CD and CD = EF,  then AB = ~EF  If lABC = IDEF and IDEF  IGHI,  then lABC = IGHI  79  www.ckl2.org  Using Properties of Equality with Equations  When you solve equations in algebra you use properties of equality."
R0558,C0241,C0015,Prerequisite,0.2623,35,bba1eeb226064a3880292ac2dab79925,"Table 2.5:  For Line Segments  For Angles  Reflexive Property  of Congruence  AB = AB  IB = IB  Symmetric Property  of Congruence  If AB = CD, then CD = AB  If lABC = IDEF, then IDEF  lABC  Transitive Property  of Congruence  If AB = CD and CD = EF,  then AB = ~EF  If lABC = IDEF and IDEF  IGHI,  then lABC = IGHI  79  www.ckl2.org  Using Properties of Equality with Equations  When you solve equations in algebra you use properties of equality."
R0559,C0241,C0029,Prerequisite,0.215,35,bba1eeb226064a3880292ac2dab79925,"Table 2.5:  For Line Segments  For Angles  Reflexive Property  of Congruence  AB = AB  IB = IB  Symmetric Property  of Congruence  If AB = CD, then CD = AB  If lABC = IDEF, then IDEF  lABC  Transitive Property  of Congruence  If AB = CD and CD = EF,  then AB = ~EF  If lABC = IDEF and IDEF  IGHI,  then lABC = IGHI  79  www.ckl2.org  Using Properties of Equality with Equations  When you solve equations in algebra you use properties of equality."
R0560,C0241,C0059,Prerequisite,0.26,35,bba1eeb226064a3880292ac2dab79925,"Table 2.5:  For Line Segments  For Angles  Reflexive Property  of Congruence  AB = AB  IB = IB  Symmetric Property  of Congruence  If AB = CD, then CD = AB  If lABC = IDEF, then IDEF  lABC  Transitive Property  of Congruence  If AB = CD and CD = EF,  then AB = ~EF  If lABC = IDEF and IDEF  IGHI,  then lABC = IGHI  79  www.ckl2.org  Using Properties of Equality with Equations  When you solve equations in algebra you use properties of equality."
R0561,C0241,C0151,Prerequisite,0.2959,35,bba1eeb226064a3880292ac2dab79925,"Table 2.5:  For Line Segments  For Angles  Reflexive Property  of Congruence  AB = AB  IB = IB  Symmetric Property  of Congruence  If AB = CD, then CD = AB  If lABC = IDEF, then IDEF  lABC  Transitive Property  of Congruence  If AB = CD and CD = EF,  then AB = ~EF  If lABC = IDEF and IDEF  IGHI,  then lABC = IGHI  79  www.ckl2.org  Using Properties of Equality with Equations  When you solve equations in algebra you use properties of equality."
R0562,C0241,C0196,Prerequisite,0.2762,35,bba1eeb226064a3880292ac2dab79925,"Table 2.5:  For Line Segments  For Angles  Reflexive Property  of Congruence  AB = AB  IB = IB  Symmetric Property  of Congruence  If AB = CD, then CD = AB  If lABC = IDEF, then IDEF  lABC  Transitive Property  of Congruence  If AB = CD and CD = EF,  then AB = ~EF  If lABC = IDEF and IDEF  IGHI,  then lABC = IGHI  79  www.ckl2.org  Using Properties of Equality with Equations  When you solve equations in algebra you use properties of equality."
R0563,C0241,C0226,Prerequisite,0.215,35,bba1eeb226064a3880292ac2dab79925,"Table 2.5:  For Line Segments  For Angles  Reflexive Property  of Congruence  AB = AB  IB = IB  Symmetric Property  of Congruence  If AB = CD, then CD = AB  If lABC = IDEF, then IDEF  lABC  Transitive Property  of Congruence  If AB = CD and CD = EF,  then AB = ~EF  If lABC = IDEF and IDEF  IGHI,  then lABC = IGHI  79  www.ckl2.org  Using Properties of Equality with Equations  When you solve equations in algebra you use properties of equality."
R0564,C0241,C0228,Prerequisite,0.26,35,bba1eeb226064a3880292ac2dab79925,"Table 2.5:  For Line Segments  For Angles  Reflexive Property  of Congruence  AB = AB  IB = IB  Symmetric Property  of Congruence  If AB = CD, then CD = AB  If lABC = IDEF, then IDEF  lABC  Transitive Property  of Congruence  If AB = CD and CD = EF,  then AB = ~EF  If lABC = IDEF and IDEF  IGHI,  then lABC = IGHI  79  www.ckl2.org  Using Properties of Equality with Equations  When you solve equations in algebra you use properties of equality."
R0565,C0241,C0231,Prerequisite,0.32,35,bba1eeb226064a3880292ac2dab79925,"Table 2.5:  For Line Segments  For Angles  Reflexive Property  of Congruence  AB = AB  IB = IB  Symmetric Property  of Congruence  If AB = CD, then CD = AB  If lABC = IDEF, then IDEF  lABC  Transitive Property  of Congruence  If AB = CD and CD = EF,  then AB = ~EF  If lABC = IDEF and IDEF  IGHI,  then lABC = IGHI  79  www.ckl2.org  Using Properties of Equality with Equations  When you solve equations in algebra you use properties of equality."
R0566,C0241,C0232,Prerequisite,0.26,35,bba1eeb226064a3880292ac2dab79925,"Table 2.5:  For Line Segments  For Angles  Reflexive Property  of Congruence  AB = AB  IB = IB  Symmetric Property  of Congruence  If AB = CD, then CD = AB  If lABC = IDEF, then IDEF  lABC  Transitive Property  of Congruence  If AB = CD and CD = EF,  then AB = ~EF  If lABC = IDEF and IDEF  IGHI,  then lABC = IGHI  79  www.ckl2.org  Using Properties of Equality with Equations  When you solve equations in algebra you use properties of equality."
R0567,C0241,C0233,Prerequisite,0.32,35,bba1eeb226064a3880292ac2dab79925,"Table 2.5:  For Line Segments  For Angles  Reflexive Property  of Congruence  AB = AB  IB = IB  Symmetric Property  of Congruence  If AB = CD, then CD = AB  If lABC = IDEF, then IDEF  lABC  Transitive Property  of Congruence  If AB = CD and CD = EF,  then AB = ~EF  If lABC = IDEF and IDEF  IGHI,  then lABC = IGHI  79  www.ckl2.org  Using Properties of Equality with Equations  When you solve equations in algebra you use properties of equality."
R0568,C0241,C0234,Prerequisite,0.3525,35,bba1eeb226064a3880292ac2dab79925,"Table 2.5:  For Line Segments  For Angles  Reflexive Property  of Congruence  AB = AB  IB = IB  Symmetric Property  of Congruence  If AB = CD, then CD = AB  If lABC = IDEF, then IDEF  lABC  Transitive Property  of Congruence  If AB = CD and CD = EF,  then AB = ~EF  If lABC = IDEF and IDEF  IGHI,  then lABC = IGHI  79  www.ckl2.org  Using Properties of Equality with Equations  When you solve equations in algebra you use properties of equality."
R0569,C0241,C0235,Prerequisite,0.32,35,bba1eeb226064a3880292ac2dab79925,"Table 2.5:  For Line Segments  For Angles  Reflexive Property  of Congruence  AB = AB  IB = IB  Symmetric Property  of Congruence  If AB = CD, then CD = AB  If lABC = IDEF, then IDEF  lABC  Transitive Property  of Congruence  If AB = CD and CD = EF,  then AB = ~EF  If lABC = IDEF and IDEF  IGHI,  then lABC = IGHI  79  www.ckl2.org  Using Properties of Equality with Equations  When you solve equations in algebra you use properties of equality."
R0570,C0241,C0242,Prerequisite,0.32,35,bba1eeb226064a3880292ac2dab79925,"Table 2.5:  For Line Segments  For Angles  Reflexive Property  of Congruence  AB = AB  IB = IB  Symmetric Property  of Congruence  If AB = CD, then CD = AB  If lABC = IDEF, then IDEF  lABC  Transitive Property  of Congruence  If AB = CD and CD = EF,  then AB = ~EF  If lABC = IDEF and IDEF  IGHI,  then lABC = IGHI  79  www.ckl2.org  Using Properties of Equality with Equations  When you solve equations in algebra you use properties of equality."
R0571,C0242,C0015,Prerequisite,0.215,35,bba1eeb226064a3880292ac2dab79925,"Table 2.5:  For Line Segments  For Angles  Reflexive Property  of Congruence  AB = AB  IB = IB  Symmetric Property  of Congruence  If AB = CD, then CD = AB  If lABC = IDEF, then IDEF  lABC  Transitive Property  of Congruence  If AB = CD and CD = EF,  then AB = ~EF  If lABC = IDEF and IDEF  IGHI,  then lABC = IGHI  79  www.ckl2.org  Using Properties of Equality with Equations  When you solve equations in algebra you use properties of equality."
R0572,C0242,C0029,Prerequisite,0.295,35,bba1eeb226064a3880292ac2dab79925,"Table 2.5:  For Line Segments  For Angles  Reflexive Property  of Congruence  AB = AB  IB = IB  Symmetric Property  of Congruence  If AB = CD, then CD = AB  If lABC = IDEF, then IDEF  lABC  Transitive Property  of Congruence  If AB = CD and CD = EF,  then AB = ~EF  If lABC = IDEF and IDEF  IGHI,  then lABC = IGHI  79  www.ckl2.org  Using Properties of Equality with Equations  When you solve equations in algebra you use properties of equality."
R0573,C0242,C0059,Prerequisite,0.26,35,bba1eeb226064a3880292ac2dab79925,"Table 2.5:  For Line Segments  For Angles  Reflexive Property  of Congruence  AB = AB  IB = IB  Symmetric Property  of Congruence  If AB = CD, then CD = AB  If lABC = IDEF, then IDEF  lABC  Transitive Property  of Congruence  If AB = CD and CD = EF,  then AB = ~EF  If lABC = IDEF and IDEF  IGHI,  then lABC = IGHI  79  www.ckl2.org  Using Properties of Equality with Equations  When you solve equations in algebra you use properties of equality."
R0574,C0242,C0151,Prerequisite,0.26,35,bba1eeb226064a3880292ac2dab79925,"Table 2.5:  For Line Segments  For Angles  Reflexive Property  of Congruence  AB = AB  IB = IB  Symmetric Property  of Congruence  If AB = CD, then CD = AB  If lABC = IDEF, then IDEF  lABC  Transitive Property  of Congruence  If AB = CD and CD = EF,  then AB = ~EF  If lABC = IDEF and IDEF  IGHI,  then lABC = IGHI  79  www.ckl2.org  Using Properties of Equality with Equations  When you solve equations in algebra you use properties of equality."
R0575,C0242,C0196,Prerequisite,0.26,35,bba1eeb226064a3880292ac2dab79925,"Table 2.5:  For Line Segments  For Angles  Reflexive Property  of Congruence  AB = AB  IB = IB  Symmetric Property  of Congruence  If AB = CD, then CD = AB  If lABC = IDEF, then IDEF  lABC  Transitive Property  of Congruence  If AB = CD and CD = EF,  then AB = ~EF  If lABC = IDEF and IDEF  IGHI,  then lABC = IGHI  79  www.ckl2.org  Using Properties of Equality with Equations  When you solve equations in algebra you use properties of equality."
R0576,C0242,C0226,Prerequisite,0.2398,35,bba1eeb226064a3880292ac2dab79925,"Table 2.5:  For Line Segments  For Angles  Reflexive Property  of Congruence  AB = AB  IB = IB  Symmetric Property  of Congruence  If AB = CD, then CD = AB  If lABC = IDEF, then IDEF  lABC  Transitive Property  of Congruence  If AB = CD and CD = EF,  then AB = ~EF  If lABC = IDEF and IDEF  IGHI,  then lABC = IGHI  79  www.ckl2.org  Using Properties of Equality with Equations  When you solve equations in algebra you use properties of equality."
R0577,C0242,C0228,Prerequisite,0.26,35,bba1eeb226064a3880292ac2dab79925,"Table 2.5:  For Line Segments  For Angles  Reflexive Property  of Congruence  AB = AB  IB = IB  Symmetric Property  of Congruence  If AB = CD, then CD = AB  If lABC = IDEF, then IDEF  lABC  Transitive Property  of Congruence  If AB = CD and CD = EF,  then AB = ~EF  If lABC = IDEF and IDEF  IGHI,  then lABC = IGHI  79  www.ckl2.org  Using Properties of Equality with Equations  When you solve equations in algebra you use properties of equality."
R0578,C0242,C0231,Prerequisite,0.32,35,bba1eeb226064a3880292ac2dab79925,"Table 2.5:  For Line Segments  For Angles  Reflexive Property  of Congruence  AB = AB  IB = IB  Symmetric Property  of Congruence  If AB = CD, then CD = AB  If lABC = IDEF, then IDEF  lABC  Transitive Property  of Congruence  If AB = CD and CD = EF,  then AB = ~EF  If lABC = IDEF and IDEF  IGHI,  then lABC = IGHI  79  www.ckl2.org  Using Properties of Equality with Equations  When you solve equations in algebra you use properties of equality."
R0579,C0242,C0232,Prerequisite,0.2906,35,bba1eeb226064a3880292ac2dab79925,"Table 2.5:  For Line Segments  For Angles  Reflexive Property  of Congruence  AB = AB  IB = IB  Symmetric Property  of Congruence  If AB = CD, then CD = AB  If lABC = IDEF, then IDEF  lABC  Transitive Property  of Congruence  If AB = CD and CD = EF,  then AB = ~EF  If lABC = IDEF and IDEF  IGHI,  then lABC = IGHI  79  www.ckl2.org  Using Properties of Equality with Equations  When you solve equations in algebra you use properties of equality."
R0580,C0242,C0233,Prerequisite,0.32,35,bba1eeb226064a3880292ac2dab79925,"Table 2.5:  For Line Segments  For Angles  Reflexive Property  of Congruence  AB = AB  IB = IB  Symmetric Property  of Congruence  If AB = CD, then CD = AB  If lABC = IDEF, then IDEF  lABC  Transitive Property  of Congruence  If AB = CD and CD = EF,  then AB = ~EF  If lABC = IDEF and IDEF  IGHI,  then lABC = IGHI  79  www.ckl2.org  Using Properties of Equality with Equations  When you solve equations in algebra you use properties of equality."
R0581,C0242,C0234,Prerequisite,0.32,35,bba1eeb226064a3880292ac2dab79925,"Table 2.5:  For Line Segments  For Angles  Reflexive Property  of Congruence  AB = AB  IB = IB  Symmetric Property  of Congruence  If AB = CD, then CD = AB  If lABC = IDEF, then IDEF  lABC  Transitive Property  of Congruence  If AB = CD and CD = EF,  then AB = ~EF  If lABC = IDEF and IDEF  IGHI,  then lABC = IGHI  79  www.ckl2.org  Using Properties of Equality with Equations  When you solve equations in algebra you use properties of equality."
R0582,C0242,C0235,Prerequisite,0.53,35,bba1eeb226064a3880292ac2dab79925,"Table 2.5:  For Line Segments  For Angles  Reflexive Property  of Congruence  AB = AB  IB = IB  Symmetric Property  of Congruence  If AB = CD, then CD = AB  If lABC = IDEF, then IDEF  lABC  Transitive Property  of Congruence  If AB = CD and CD = EF,  then AB = ~EF  If lABC = IDEF and IDEF  IGHI,  then lABC = IGHI  79  www.ckl2.org  Using Properties of Equality with Equations  When you solve equations in algebra you use properties of equality."
R0583,C0242,C0241,Prerequisite,0.32,35,bba1eeb226064a3880292ac2dab79925,"Table 2.5:  For Line Segments  For Angles  Reflexive Property  of Congruence  AB = AB  IB = IB  Symmetric Property  of Congruence  If AB = CD, then CD = AB  If lABC = IDEF, then IDEF  lABC  Transitive Property  of Congruence  If AB = CD and CD = EF,  then AB = ~EF  If lABC = IDEF and IDEF  IGHI,  then lABC = IGHI  79  www.ckl2.org  Using Properties of Equality with Equations  When you solve equations in algebra you use properties of equality."
R0584,C0237,C0583,Similarity,0.215,35,a86b0fca0bfc481e856db6983ce69d1e,"Solution:  x- 27 and write the property for each step (also called ""to justify each  2(3*- 4) + 11 =  x-27  6*- 8 + 11 =  x-27  6x + 3 =  x-27  6x + 3 - 3 =  x-27-  -3  6x =  x-30  6x - x =  x - x -  30  5x =  -30  5x  -30  ~5 ~  5  x =  -6  Distributive Property  Combine like terms  Subtraction PoE  Simplify  Subtraction PoE  simplify  Division PoE  Simplify"
R0585,C0583,C0237,Similarity,0.215,35,a86b0fca0bfc481e856db6983ce69d1e,"Solution:  x- 27 and write the property for each step (also called ""to justify each  2(3*- 4) + 11 =  x-27  6*- 8 + 11 =  x-27  6x + 3 =  x-27  6x + 3 - 3 =  x-27-  -3  6x =  x-30  6x - x =  x - x -  30  5x =  -30  5x  -30  ~5 ~  5  x =  -6  Distributive Property  Combine like terms  Subtraction PoE  Simplify  Subtraction PoE  simplify  Division PoE  Simplify"
R0586,C0046,C0583,Similarity,0.295,36,1e2e715ee06b48bdadcada8c787d36f5,"AB + BC = AC  8 + 17 = 20  25 *20  Segment Addition Postulate  Substitution PoE  Combine like terms  Because the two sides are not equal, A, B and C are not collinear."
R0587,C0066,C0583,Similarity,0.2456,36,1e2e715ee06b48bdadcada8c787d36f5,"AB + BC = AC  8 + 17 = 20  25 *20  Segment Addition Postulate  Substitution PoE  Combine like terms  Because the two sides are not equal, A, B and C are not collinear."
R0588,C0583,C0046,Similarity,0.295,36,1e2e715ee06b48bdadcada8c787d36f5,"AB + BC = AC  8 + 17 = 20  25 *20  Segment Addition Postulate  Substitution PoE  Combine like terms  Because the two sides are not equal, A, B and C are not collinear."
R0589,C0583,C0066,Similarity,0.2456,36,1e2e715ee06b48bdadcada8c787d36f5,"AB + BC = AC  8 + 17 = 20  25 *20  Segment Addition Postulate  Substitution PoE  Combine like terms  Because the two sides are not equal, A, B and C are not collinear."
R0590,C0583,C0856,Similarity,0.215,36,1e2e715ee06b48bdadcada8c787d36f5,"AB + BC = AC  8 + 17 = 20  25 *20  Segment Addition Postulate  Substitution PoE  Combine like terms  Because the two sides are not equal, A, B and C are not collinear."
R0591,C0856,C0583,Similarity,0.215,36,1e2e715ee06b48bdadcada8c787d36f5,"AB + BC = AC  8 + 17 = 20  25 *20  Segment Addition Postulate  Substitution PoE  Combine like terms  Because the two sides are not equal, A, B and C are not collinear."
R0592,C0059,C0202,Similarity,0.4408,36,0146f0fabbcb414f9d46fc7b58f7021c,"Solution: We will use a 2-column format, with statements in one column and their reasons next to it,  just like Example 1."
R0593,C0202,C0059,Similarity,0.4408,36,0146f0fabbcb414f9d46fc7b58f7021c,"Solution: We will use a 2-column format, with statements in one column and their reasons next to it,  just like Example 1."
R0594,C0012,C0045,Application,0.5775,36,387ec4fba4ff4c0bb1c4f2d0c2a90c9b,www.ckl2.org  80  Two-Column Proof
R0595,C0028,C0046,Application,0.4903,37,7fc641cd6da64db9bedb2abc98d4f3cf,"Angle Addition Postulate  Substitution ,Po£  Substitution PoE  Subtraction PoE  If measures are equal, the angles are =."
R0596,C0028,C0078,Application,0.4238,37,7fc641cd6da64db9bedb2abc98d4f3cf,"Angle Addition Postulate  Substitution ,Po£  Substitution PoE  Subtraction PoE  If measures are equal, the angles are =."
R0597,C0046,C0028,Application,0.4903,37,7fc641cd6da64db9bedb2abc98d4f3cf,"Angle Addition Postulate  Substitution ,Po£  Substitution PoE  Subtraction PoE  If measures are equal, the angles are =."
R0598,C0046,C0078,Application,0.427,37,7fc641cd6da64db9bedb2abc98d4f3cf,"Angle Addition Postulate  Substitution ,Po£  Substitution PoE  Subtraction PoE  If measures are equal, the angles are =."
R0599,C0078,C0028,Application,0.4238,37,7fc641cd6da64db9bedb2abc98d4f3cf,"Angle Addition Postulate  Substitution ,Po£  Substitution PoE  Subtraction PoE  If measures are equal, the angles are =."
R0600,C0078,C0046,Application,0.427,37,7fc641cd6da64db9bedb2abc98d4f3cf,"Angle Addition Postulate  Substitution ,Po£  Substitution PoE  Subtraction PoE  If measures are equal, the angles are =."
R0601,C0028,C0196,Application,0.3887,39,e12e385a4e96442d8d3c307f9fc2459a,The angle at which you hit the cue ball with  your cue determines if you hit the yellow ball and if you can hit it into the pocket.
R0602,C0196,C0028,Application,0.3887,39,e12e385a4e96442d8d3c307f9fc2459a,The angle at which you hit the cue ball with  your cue determines if you hit the yellow ball and if you can hit it into the pocket.
R0603,C0071,C0260,Prerequisite,0.2817,39,e12e385a4e96442d8d3c307f9fc2459a,"com/O-poolgeometry/index.html  Naming Angles  As we learned in Chapter 1, angles can be addressed by numbers and three letters, where the letter in the  middle is the vertex."
R0604,C0260,C0071,Prerequisite,0.2817,39,e12e385a4e96442d8d3c307f9fc2459a,"com/O-poolgeometry/index.html  Naming Angles  As we learned in Chapter 1, angles can be addressed by numbers and three letters, where the letter in the  middle is the vertex."
R0605,C0012,C0019,Application,0.2465,39,5701b62409f448afa994b86189122df1,"Transitive PoE  = angles have = measures  Anytime right angles are mentioned in a proof, you will need to use this theorem to say the angles are  congruent."
R0606,C0012,C0059,Application,0.2697,39,5701b62409f448afa994b86189122df1,"Transitive PoE  = angles have = measures  Anytime right angles are mentioned in a proof, you will need to use this theorem to say the angles are  congruent."
R0607,C0012,C0196,Application,0.3112,39,5701b62409f448afa994b86189122df1,"Transitive PoE  = angles have = measures  Anytime right angles are mentioned in a proof, you will need to use this theorem to say the angles are  congruent."
R0608,C0019,C0012,Application,0.2465,39,5701b62409f448afa994b86189122df1,"Transitive PoE  = angles have = measures  Anytime right angles are mentioned in a proof, you will need to use this theorem to say the angles are  congruent."
R0609,C0019,C0045,Application,0.4472,39,5701b62409f448afa994b86189122df1,"Transitive PoE  = angles have = measures  Anytime right angles are mentioned in a proof, you will need to use this theorem to say the angles are  congruent."
R0610,C0019,C0059,Application,0.3976,39,5701b62409f448afa994b86189122df1,"Transitive PoE  = angles have = measures  Anytime right angles are mentioned in a proof, you will need to use this theorem to say the angles are  congruent."
R0611,C0019,C0196,Application,0.4056,39,5701b62409f448afa994b86189122df1,"Transitive PoE  = angles have = measures  Anytime right angles are mentioned in a proof, you will need to use this theorem to say the angles are  congruent."
R0612,C0045,C0012,Application,0.4175,39,5701b62409f448afa994b86189122df1,"Transitive PoE  = angles have = measures  Anytime right angles are mentioned in a proof, you will need to use this theorem to say the angles are  congruent."
R0613,C0045,C0019,Application,0.4472,39,5701b62409f448afa994b86189122df1,"Transitive PoE  = angles have = measures  Anytime right angles are mentioned in a proof, you will need to use this theorem to say the angles are  congruent."
R0614,C0045,C0059,Application,0.4166,39,5701b62409f448afa994b86189122df1,"Transitive PoE  = angles have = measures  Anytime right angles are mentioned in a proof, you will need to use this theorem to say the angles are  congruent."
R0615,C0045,C0196,Application,0.3887,39,5701b62409f448afa994b86189122df1,"Transitive PoE  = angles have = measures  Anytime right angles are mentioned in a proof, you will need to use this theorem to say the angles are  congruent."
R0616,C0059,C0012,Application,0.2697,39,5701b62409f448afa994b86189122df1,"Transitive PoE  = angles have = measures  Anytime right angles are mentioned in a proof, you will need to use this theorem to say the angles are  congruent."
R0617,C0059,C0019,Application,0.3976,39,5701b62409f448afa994b86189122df1,"Transitive PoE  = angles have = measures  Anytime right angles are mentioned in a proof, you will need to use this theorem to say the angles are  congruent."
R0618,C0059,C0045,Application,0.4166,39,5701b62409f448afa994b86189122df1,"Transitive PoE  = angles have = measures  Anytime right angles are mentioned in a proof, you will need to use this theorem to say the angles are  congruent."
R0619,C0059,C0196,Application,0.4448,39,5701b62409f448afa994b86189122df1,"Transitive PoE  = angles have = measures  Anytime right angles are mentioned in a proof, you will need to use this theorem to say the angles are  congruent."
R0620,C0196,C0012,Application,0.3112,39,5701b62409f448afa994b86189122df1,"Transitive PoE  = angles have = measures  Anytime right angles are mentioned in a proof, you will need to use this theorem to say the angles are  congruent."
R0621,C0196,C0019,Application,0.4056,39,5701b62409f448afa994b86189122df1,"Transitive PoE  = angles have = measures  Anytime right angles are mentioned in a proof, you will need to use this theorem to say the angles are  congruent."
R0622,C0196,C0045,Application,0.3887,39,5701b62409f448afa994b86189122df1,"Transitive PoE  = angles have = measures  Anytime right angles are mentioned in a proof, you will need to use this theorem to say the angles are  congruent."
R0623,C0196,C0059,Application,0.4448,39,5701b62409f448afa994b86189122df1,"Transitive PoE  = angles have = measures  Anytime right angles are mentioned in a proof, you will need to use this theorem to say the angles are  congruent."
R0624,C0107,C0014,Prerequisite,0.5171,42,6549676a1ca4451cabd6b17c3bdb73dd,"There is also an  algebra review of the equations of lines, slopes, and how that relates to parallel and perpendicular lines in  geometry."
R0625,C0107,C0013,Prerequisite,0.375,42,6549676a1ca4451cabd6b17c3bdb73dd,"There is also an  algebra review of the equations of lines, slopes, and how that relates to parallel and perpendicular lines in  geometry."
R0626,C0027,C0029,Similarity,0.375,45,a2bd2878895144fcb093b1870858fe16,"< >  Solution: Even though the point is below the line, the construction is the same as Investigation 3-2."
R0627,C0027,C0092,Similarity,0.215,45,a2bd2878895144fcb093b1870858fe16,"< >  Solution: Even though the point is below the line, the construction is the same as Investigation 3-2."
R0628,C0029,C0027,Similarity,0.375,45,a2bd2878895144fcb093b1870858fe16,"< >  Solution: Even though the point is below the line, the construction is the same as Investigation 3-2."
R0629,C0029,C0092,Similarity,0.215,45,a2bd2878895144fcb093b1870858fe16,"< >  Solution: Even though the point is below the line, the construction is the same as Investigation 3-2."
R0630,C0092,C0027,Similarity,0.215,45,a2bd2878895144fcb093b1870858fe16,"< >  Solution: Even though the point is below the line, the construction is the same as Investigation 3-2."
R0631,C0092,C0029,Similarity,0.215,45,a2bd2878895144fcb093b1870858fe16,"< >  Solution: Even though the point is below the line, the construction is the same as Investigation 3-2."
R0632,C0285,C0014,Prerequisite,0.375,45,2bb0073c3b0f407e9a3e4b2550fbad51,Corresponding Angles: Two angles that are on the same side of the transversal and the two different  lines.
R0633,C0286,C0014,Prerequisite,0.4307,45,2bb0073c3b0f407e9a3e4b2550fbad51,"Alternate Interior Angles: Two angles that are on the interior of / and m, but on opposite sides of the  transversal."
R0634,C0029,C0300,Application,0.2728,47,62dbbf9fcf204ee19d7ca1b728e473c4,"Algebra Review Find the slope of the line between the two points, *_ 1 ."
R0635,C0107,C0300,Application,0.2583,47,62dbbf9fcf204ee19d7ca1b728e473c4,"Algebra Review Find the slope of the line between the two points, *_ 1 ."
R0636,C0300,C0029,Application,0.2728,47,62dbbf9fcf204ee19d7ca1b728e473c4,"Algebra Review Find the slope of the line between the two points, *_ 1 ."
R0637,C0300,C0107,Application,0.2583,47,62dbbf9fcf204ee19d7ca1b728e473c4,"Algebra Review Find the slope of the line between the two points, *_ 1 ."
R0638,C0029,C0107,Prerequisite,0.5171,47,62dbbf9fcf204ee19d7ca1b728e473c4,"Recall that the equation of a line is y = mx + b, where m is  the slope and b is the y-intercept."
R0639,C0107,C0029,Prerequisite,0.5171,47,62dbbf9fcf204ee19d7ca1b728e473c4,"Recall that the equation of a line is y = mx + b, where m is  the slope and b is the y-intercept."
R0640,C0026,C0591,Similarity,0.215,47,62dbbf9fcf204ee19d7ca1b728e473c4,Something like: Two lines that never touch or intersect and in the same plane.
R0641,C0591,C0026,Similarity,0.215,47,62dbbf9fcf204ee19d7ca1b728e473c4,Something like: Two lines that never touch or intersect and in the same plane.
R0642,C0014,C0274,Prerequisite,0.4121,47,a42808817f8944fc825a7af2fd9db34f,"Corresponding Angles Postulate  Corresponding Angles Postulate: If two parallel lines are cut by a transversal, then the corresponding  angles are congruent."
R0643,C0196,C0285,Application,0.215,47,c344345d4ca64778bfc314e1d7110ae5,You should notice that all the corresponding angles have equal measures.
R0644,C0285,C0196,Application,0.215,47,c344345d4ca64778bfc314e1d7110ae5,You should notice that all the corresponding angles have equal measures.
R0645,C0028,C0067,Application,0.4056,48,8e7724d376a0491bb703bfdf1a04b23a,Example 7: Algebra Connection Find the measure of each angle and the value of y.
R0646,C0067,C0028,Application,0.4056,48,8e7724d376a0491bb703bfdf1a04b23a,Example 7: Algebra Connection Find the measure of each angle and the value of y.
R0647,C0012,C0045,Similarity,0.5775,49,9f5b0b1190bf4c96a59eefb2827ad586,• Questions 26-29 are similar to the proof of the Alternate Interior Angles Theorem.
R0648,C0012,C0286,Similarity,0.2906,49,9f5b0b1190bf4c96a59eefb2827ad586,• Questions 26-29 are similar to the proof of the Alternate Interior Angles Theorem.
R0649,C0012,C0288,Similarity,0.3559,49,9f5b0b1190bf4c96a59eefb2827ad586,• Questions 26-29 are similar to the proof of the Alternate Interior Angles Theorem.
R0650,C0012,C0305,Similarity,0.2906,49,9f5b0b1190bf4c96a59eefb2827ad586,• Questions 26-29 are similar to the proof of the Alternate Interior Angles Theorem.
R0651,C0012,C0313,Similarity,0.278,49,9f5b0b1190bf4c96a59eefb2827ad586,• Questions 26-29 are similar to the proof of the Alternate Interior Angles Theorem.
R0652,C0045,C0012,Similarity,0.5775,49,9f5b0b1190bf4c96a59eefb2827ad586,• Questions 26-29 are similar to the proof of the Alternate Interior Angles Theorem.
R0653,C0045,C0286,Similarity,0.3303,49,9f5b0b1190bf4c96a59eefb2827ad586,• Questions 26-29 are similar to the proof of the Alternate Interior Angles Theorem.
R0654,C0045,C0288,Similarity,0.383,49,9f5b0b1190bf4c96a59eefb2827ad586,• Questions 26-29 are similar to the proof of the Alternate Interior Angles Theorem.
R0655,C0045,C0305,Similarity,0.3303,49,9f5b0b1190bf4c96a59eefb2827ad586,• Questions 26-29 are similar to the proof of the Alternate Interior Angles Theorem.
R0656,C0045,C0313,Similarity,0.4761,49,9f5b0b1190bf4c96a59eefb2827ad586,• Questions 26-29 are similar to the proof of the Alternate Interior Angles Theorem.
R0657,C0286,C0012,Similarity,0.2906,49,9f5b0b1190bf4c96a59eefb2827ad586,• Questions 26-29 are similar to the proof of the Alternate Interior Angles Theorem.
R0658,C0286,C0045,Similarity,0.3303,49,9f5b0b1190bf4c96a59eefb2827ad586,• Questions 26-29 are similar to the proof of the Alternate Interior Angles Theorem.
R0659,C0286,C0288,Similarity,0.3271,49,9f5b0b1190bf4c96a59eefb2827ad586,• Questions 26-29 are similar to the proof of the Alternate Interior Angles Theorem.
R0660,C0286,C0305,Similarity,0.84,49,9f5b0b1190bf4c96a59eefb2827ad586,• Questions 26-29 are similar to the proof of the Alternate Interior Angles Theorem.
R0661,C0286,C0313,Similarity,0.3041,49,9f5b0b1190bf4c96a59eefb2827ad586,• Questions 26-29 are similar to the proof of the Alternate Interior Angles Theorem.
R0662,C0288,C0012,Similarity,0.3559,49,9f5b0b1190bf4c96a59eefb2827ad586,• Questions 26-29 are similar to the proof of the Alternate Interior Angles Theorem.
R0663,C0288,C0045,Similarity,0.383,49,9f5b0b1190bf4c96a59eefb2827ad586,• Questions 26-29 are similar to the proof of the Alternate Interior Angles Theorem.
R0664,C0288,C0286,Similarity,0.3271,49,9f5b0b1190bf4c96a59eefb2827ad586,• Questions 26-29 are similar to the proof of the Alternate Interior Angles Theorem.
R0665,C0288,C0305,Similarity,0.3271,49,9f5b0b1190bf4c96a59eefb2827ad586,• Questions 26-29 are similar to the proof of the Alternate Interior Angles Theorem.
R0666,C0288,C0313,Similarity,0.2623,49,9f5b0b1190bf4c96a59eefb2827ad586,• Questions 26-29 are similar to the proof of the Alternate Interior Angles Theorem.
R0667,C0305,C0012,Similarity,0.2906,49,9f5b0b1190bf4c96a59eefb2827ad586,• Questions 26-29 are similar to the proof of the Alternate Interior Angles Theorem.
R0668,C0305,C0045,Similarity,0.3303,49,9f5b0b1190bf4c96a59eefb2827ad586,• Questions 26-29 are similar to the proof of the Alternate Interior Angles Theorem.
R0669,C0305,C0286,Similarity,0.84,49,9f5b0b1190bf4c96a59eefb2827ad586,• Questions 26-29 are similar to the proof of the Alternate Interior Angles Theorem.
R0670,C0305,C0288,Similarity,0.3271,49,9f5b0b1190bf4c96a59eefb2827ad586,• Questions 26-29 are similar to the proof of the Alternate Interior Angles Theorem.
R0671,C0305,C0313,Similarity,0.3041,49,9f5b0b1190bf4c96a59eefb2827ad586,• Questions 26-29 are similar to the proof of the Alternate Interior Angles Theorem.
R0672,C0313,C0012,Similarity,0.278,49,9f5b0b1190bf4c96a59eefb2827ad586,• Questions 26-29 are similar to the proof of the Alternate Interior Angles Theorem.
R0673,C0313,C0045,Similarity,0.4761,49,9f5b0b1190bf4c96a59eefb2827ad586,• Questions 26-29 are similar to the proof of the Alternate Interior Angles Theorem.
R0674,C0313,C0286,Similarity,0.3041,49,9f5b0b1190bf4c96a59eefb2827ad586,• Questions 26-29 are similar to the proof of the Alternate Interior Angles Theorem.
R0675,C0313,C0288,Similarity,0.2623,49,9f5b0b1190bf4c96a59eefb2827ad586,• Questions 26-29 are similar to the proof of the Alternate Interior Angles Theorem.
R0676,C0313,C0305,Similarity,0.3041,49,9f5b0b1190bf4c96a59eefb2827ad586,• Questions 26-29 are similar to the proof of the Alternate Interior Angles Theorem.
R0677,C0046,C0135,Application,0.4515,49,d66a1c26282c497abb5cc30e6d362b8f,Given  = angles have = measures  Linear Pair Postulate  www.ckl2.org  118  Table 3.3: (continued)  Statement  Reason  5.
R0678,C0046,C0138,Application,0.4903,49,d66a1c26282c497abb5cc30e6d362b8f,Given  = angles have = measures  Linear Pair Postulate  www.ckl2.org  118  Table 3.3: (continued)  Statement  Reason  5.
R0679,C0046,C0246,Application,0.3817,49,d66a1c26282c497abb5cc30e6d362b8f,Given  = angles have = measures  Linear Pair Postulate  www.ckl2.org  118  Table 3.3: (continued)  Statement  Reason  5.
R0680,C0135,C0046,Application,0.4515,49,d66a1c26282c497abb5cc30e6d362b8f,Given  = angles have = measures  Linear Pair Postulate  www.ckl2.org  118  Table 3.3: (continued)  Statement  Reason  5.
R0681,C0135,C0138,Application,0.5806,49,d66a1c26282c497abb5cc30e6d362b8f,Given  = angles have = measures  Linear Pair Postulate  www.ckl2.org  118  Table 3.3: (continued)  Statement  Reason  5.
R0682,C0135,C0246,Application,0.3186,49,d66a1c26282c497abb5cc30e6d362b8f,Given  = angles have = measures  Linear Pair Postulate  www.ckl2.org  118  Table 3.3: (continued)  Statement  Reason  5.
R0683,C0138,C0046,Application,0.4903,49,d66a1c26282c497abb5cc30e6d362b8f,Given  = angles have = measures  Linear Pair Postulate  www.ckl2.org  118  Table 3.3: (continued)  Statement  Reason  5.
R0684,C0138,C0135,Application,0.5806,49,d66a1c26282c497abb5cc30e6d362b8f,Given  = angles have = measures  Linear Pair Postulate  www.ckl2.org  118  Table 3.3: (continued)  Statement  Reason  5.
R0685,C0138,C0246,Application,0.3321,49,d66a1c26282c497abb5cc30e6d362b8f,Given  = angles have = measures  Linear Pair Postulate  www.ckl2.org  118  Table 3.3: (continued)  Statement  Reason  5.
R0686,C0246,C0046,Application,0.3817,49,d66a1c26282c497abb5cc30e6d362b8f,Given  = angles have = measures  Linear Pair Postulate  www.ckl2.org  118  Table 3.3: (continued)  Statement  Reason  5.
R0687,C0246,C0135,Application,0.3186,49,d66a1c26282c497abb5cc30e6d362b8f,Given  = angles have = measures  Linear Pair Postulate  www.ckl2.org  118  Table 3.3: (continued)  Statement  Reason  5.
R0688,C0246,C0138,Application,0.3321,49,d66a1c26282c497abb5cc30e6d362b8f,Given  = angles have = measures  Linear Pair Postulate  www.ckl2.org  118  Table 3.3: (continued)  Statement  Reason  5.
R0689,C0014,C0046,Prerequisite,0.2509,50,487200eeecb942a7a2b70521175a3159,"Corresponding Angles Converse  Recall that the converse of  If a, then b is  If b, then a  For the Corresponding Angles Postulate:  If two lines are parallel, then the corresponding angles are congruent."
R0690,C0014,C0285,Prerequisite,0.215,50,487200eeecb942a7a2b70521175a3159,"Corresponding Angles Converse  Recall that the converse of  If a, then b is  If b, then a  For the Corresponding Angles Postulate:  If two lines are parallel, then the corresponding angles are congruent."
R0691,C0014,C0302,Prerequisite,0.2688,50,487200eeecb942a7a2b70521175a3159,"Corresponding Angles Converse  Recall that the converse of  If a, then b is  If b, then a  For the Corresponding Angles Postulate:  If two lines are parallel, then the corresponding angles are congruent."
R0692,C0014,C0304,Prerequisite,0.2343,50,487200eeecb942a7a2b70521175a3159,"Corresponding Angles Converse  Recall that the converse of  If a, then b is  If b, then a  For the Corresponding Angles Postulate:  If two lines are parallel, then the corresponding angles are congruent."
R0693,C0014,C0315,Prerequisite,0.2859,50,487200eeecb942a7a2b70521175a3159,"Corresponding Angles Converse  Recall that the converse of  If a, then b is  If b, then a  For the Corresponding Angles Postulate:  If two lines are parallel, then the corresponding angles are congruent."
R0694,C0046,C0014,Prerequisite,0.2509,50,487200eeecb942a7a2b70521175a3159,"Corresponding Angles Converse  Recall that the converse of  If a, then b is  If b, then a  For the Corresponding Angles Postulate:  If two lines are parallel, then the corresponding angles are congruent."
R0695,C0046,C0285,Prerequisite,0.2637,50,487200eeecb942a7a2b70521175a3159,"Corresponding Angles Converse  Recall that the converse of  If a, then b is  If b, then a  For the Corresponding Angles Postulate:  If two lines are parallel, then the corresponding angles are congruent."
R0696,C0046,C0302,Prerequisite,0.2712,50,487200eeecb942a7a2b70521175a3159,"Corresponding Angles Converse  Recall that the converse of  If a, then b is  If b, then a  For the Corresponding Angles Postulate:  If two lines are parallel, then the corresponding angles are congruent."
R0697,C0046,C0304,Prerequisite,0.2447,50,487200eeecb942a7a2b70521175a3159,"Corresponding Angles Converse  Recall that the converse of  If a, then b is  If b, then a  For the Corresponding Angles Postulate:  If two lines are parallel, then the corresponding angles are congruent."
R0698,C0046,C0315,Prerequisite,0.3264,50,487200eeecb942a7a2b70521175a3159,"Corresponding Angles Converse  Recall that the converse of  If a, then b is  If b, then a  For the Corresponding Angles Postulate:  If two lines are parallel, then the corresponding angles are congruent."
R0699,C0285,C0046,Prerequisite,0.2637,50,487200eeecb942a7a2b70521175a3159,"Corresponding Angles Converse  Recall that the converse of  If a, then b is  If b, then a  For the Corresponding Angles Postulate:  If two lines are parallel, then the corresponding angles are congruent."
R0700,C0285,C0302,Prerequisite,0.3439,50,487200eeecb942a7a2b70521175a3159,"Corresponding Angles Converse  Recall that the converse of  If a, then b is  If b, then a  For the Corresponding Angles Postulate:  If two lines are parallel, then the corresponding angles are congruent."
R0701,C0285,C0304,Prerequisite,0.38,50,487200eeecb942a7a2b70521175a3159,"Corresponding Angles Converse  Recall that the converse of  If a, then b is  If b, then a  For the Corresponding Angles Postulate:  If two lines are parallel, then the corresponding angles are congruent."
R0702,C0285,C0315,Prerequisite,0.3683,50,487200eeecb942a7a2b70521175a3159,"Corresponding Angles Converse  Recall that the converse of  If a, then b is  If b, then a  For the Corresponding Angles Postulate:  If two lines are parallel, then the corresponding angles are congruent."
R0703,C0302,C0014,Prerequisite,0.2688,50,487200eeecb942a7a2b70521175a3159,"Corresponding Angles Converse  Recall that the converse of  If a, then b is  If b, then a  For the Corresponding Angles Postulate:  If two lines are parallel, then the corresponding angles are congruent."
R0704,C0302,C0046,Prerequisite,0.2712,50,487200eeecb942a7a2b70521175a3159,"Corresponding Angles Converse  Recall that the converse of  If a, then b is  If b, then a  For the Corresponding Angles Postulate:  If two lines are parallel, then the corresponding angles are congruent."
R0705,C0302,C0285,Prerequisite,0.3439,50,487200eeecb942a7a2b70521175a3159,"Corresponding Angles Converse  Recall that the converse of  If a, then b is  If b, then a  For the Corresponding Angles Postulate:  If two lines are parallel, then the corresponding angles are congruent."
R0706,C0302,C0304,Prerequisite,0.3988,50,487200eeecb942a7a2b70521175a3159,"Corresponding Angles Converse  Recall that the converse of  If a, then b is  If b, then a  For the Corresponding Angles Postulate:  If two lines are parallel, then the corresponding angles are congruent."
R0707,C0302,C0315,Prerequisite,0.4741,50,487200eeecb942a7a2b70521175a3159,"Corresponding Angles Converse  Recall that the converse of  If a, then b is  If b, then a  For the Corresponding Angles Postulate:  If two lines are parallel, then the corresponding angles are congruent."
R0708,C0304,C0014,Prerequisite,0.2343,50,487200eeecb942a7a2b70521175a3159,"Corresponding Angles Converse  Recall that the converse of  If a, then b is  If b, then a  For the Corresponding Angles Postulate:  If two lines are parallel, then the corresponding angles are congruent."
R0709,C0304,C0046,Prerequisite,0.2447,50,487200eeecb942a7a2b70521175a3159,"Corresponding Angles Converse  Recall that the converse of  If a, then b is  If b, then a  For the Corresponding Angles Postulate:  If two lines are parallel, then the corresponding angles are congruent."
R0710,C0304,C0285,Prerequisite,0.38,50,487200eeecb942a7a2b70521175a3159,"Corresponding Angles Converse  Recall that the converse of  If a, then b is  If b, then a  For the Corresponding Angles Postulate:  If two lines are parallel, then the corresponding angles are congruent."
R0711,C0304,C0302,Prerequisite,0.3988,50,487200eeecb942a7a2b70521175a3159,"Corresponding Angles Converse  Recall that the converse of  If a, then b is  If b, then a  For the Corresponding Angles Postulate:  If two lines are parallel, then the corresponding angles are congruent."
R0712,C0304,C0315,Prerequisite,0.42,50,487200eeecb942a7a2b70521175a3159,"Corresponding Angles Converse  Recall that the converse of  If a, then b is  If b, then a  For the Corresponding Angles Postulate:  If two lines are parallel, then the corresponding angles are congruent."
R0713,C0315,C0014,Prerequisite,0.2859,50,487200eeecb942a7a2b70521175a3159,"Corresponding Angles Converse  Recall that the converse of  If a, then b is  If b, then a  For the Corresponding Angles Postulate:  If two lines are parallel, then the corresponding angles are congruent."
R0714,C0315,C0046,Prerequisite,0.3264,50,487200eeecb942a7a2b70521175a3159,"Corresponding Angles Converse  Recall that the converse of  If a, then b is  If b, then a  For the Corresponding Angles Postulate:  If two lines are parallel, then the corresponding angles are congruent."
R0715,C0315,C0285,Prerequisite,0.3683,50,487200eeecb942a7a2b70521175a3159,"Corresponding Angles Converse  Recall that the converse of  If a, then b is  If b, then a  For the Corresponding Angles Postulate:  If two lines are parallel, then the corresponding angles are congruent."
R0716,C0315,C0302,Prerequisite,0.4741,50,487200eeecb942a7a2b70521175a3159,"Corresponding Angles Converse  Recall that the converse of  If a, then b is  If b, then a  For the Corresponding Angles Postulate:  If two lines are parallel, then the corresponding angles are congruent."
R0717,C0315,C0304,Prerequisite,0.42,50,487200eeecb942a7a2b70521175a3159,"Corresponding Angles Converse  Recall that the converse of  If a, then b is  If b, then a  For the Corresponding Angles Postulate:  If two lines are parallel, then the corresponding angles are congruent."
R0718,C0046,C0135,Similarity,0.3715,54,371057b9ce80411a9fdb1d20a6d53f1c,"133 www.ckl2.org  E^L  B  mlABD + mlDBC = 180°  mlABD = mlDBC  mlABD + mlABD = 180°  2mlABD = 180°  mlABD = 90°  Linear Pair Postulate  The angles are congruent  Substitution PoE  Combine like terms  Division PoE  If a linear pair is congruent, the angles are both 90° ."
R0719,C0046,C0138,Similarity,0.4103,54,371057b9ce80411a9fdb1d20a6d53f1c,"133 www.ckl2.org  E^L  B  mlABD + mlDBC = 180°  mlABD = mlDBC  mlABD + mlABD = 180°  2mlABD = 180°  mlABD = 90°  Linear Pair Postulate  The angles are congruent  Substitution PoE  Combine like terms  Division PoE  If a linear pair is congruent, the angles are both 90° ."
R0720,C0135,C0046,Similarity,0.3715,54,371057b9ce80411a9fdb1d20a6d53f1c,"133 www.ckl2.org  E^L  B  mlABD + mlDBC = 180°  mlABD = mlDBC  mlABD + mlABD = 180°  2mlABD = 180°  mlABD = 90°  Linear Pair Postulate  The angles are congruent  Substitution PoE  Combine like terms  Division PoE  If a linear pair is congruent, the angles are both 90° ."
R0721,C0135,C0138,Similarity,0.5006,54,371057b9ce80411a9fdb1d20a6d53f1c,"133 www.ckl2.org  E^L  B  mlABD + mlDBC = 180°  mlABD = mlDBC  mlABD + mlABD = 180°  2mlABD = 180°  mlABD = 90°  Linear Pair Postulate  The angles are congruent  Substitution PoE  Combine like terms  Division PoE  If a linear pair is congruent, the angles are both 90° ."
R0722,C0135,C0583,Similarity,0.2424,54,371057b9ce80411a9fdb1d20a6d53f1c,"133 www.ckl2.org  E^L  B  mlABD + mlDBC = 180°  mlABD = mlDBC  mlABD + mlABD = 180°  2mlABD = 180°  mlABD = 90°  Linear Pair Postulate  The angles are congruent  Substitution PoE  Combine like terms  Division PoE  If a linear pair is congruent, the angles are both 90° ."
R0723,C0138,C0046,Similarity,0.4103,54,371057b9ce80411a9fdb1d20a6d53f1c,"133 www.ckl2.org  E^L  B  mlABD + mlDBC = 180°  mlABD = mlDBC  mlABD + mlABD = 180°  2mlABD = 180°  mlABD = 90°  Linear Pair Postulate  The angles are congruent  Substitution PoE  Combine like terms  Division PoE  If a linear pair is congruent, the angles are both 90° ."
R0724,C0138,C0135,Similarity,0.5006,54,371057b9ce80411a9fdb1d20a6d53f1c,"133 www.ckl2.org  E^L  B  mlABD + mlDBC = 180°  mlABD = mlDBC  mlABD + mlABD = 180°  2mlABD = 180°  mlABD = 90°  Linear Pair Postulate  The angles are congruent  Substitution PoE  Combine like terms  Division PoE  If a linear pair is congruent, the angles are both 90° ."
R0725,C0138,C0583,Similarity,0.215,54,371057b9ce80411a9fdb1d20a6d53f1c,"133 www.ckl2.org  E^L  B  mlABD + mlDBC = 180°  mlABD = mlDBC  mlABD + mlABD = 180°  2mlABD = 180°  mlABD = 90°  Linear Pair Postulate  The angles are congruent  Substitution PoE  Combine like terms  Division PoE  If a linear pair is congruent, the angles are both 90° ."
R0726,C0583,C0135,Similarity,0.2424,54,371057b9ce80411a9fdb1d20a6d53f1c,"133 www.ckl2.org  E^L  B  mlABD + mlDBC = 180°  mlABD = mlDBC  mlABD + mlABD = 180°  2mlABD = 180°  mlABD = 90°  Linear Pair Postulate  The angles are congruent  Substitution PoE  Combine like terms  Division PoE  If a linear pair is congruent, the angles are both 90° ."
R0727,C0583,C0138,Similarity,0.215,54,371057b9ce80411a9fdb1d20a6d53f1c,"133 www.ckl2.org  E^L  B  mlABD + mlDBC = 180°  mlABD = mlDBC  mlABD + mlABD = 180°  2mlABD = 180°  mlABD = 90°  Linear Pair Postulate  The angles are congruent  Substitution PoE  Combine like terms  Division PoE  If a linear pair is congruent, the angles are both 90° ."
R0728,C0031,C0107,Application,0.215,56,8729b41097404e8e98a3e2cddf352c4b,Review Queue  Find the slope between the following points.
R0729,C0107,C0031,Application,0.215,56,8729b41097404e8e98a3e2cddf352c4b,Review Queue  Find the slope between the following points.
R0730,C0107,C0196,Application,0.215,56,8729b41097404e8e98a3e2cddf352c4b,Can you find the slope of the California Incline?
R0731,C0107,C0345,Application,0.215,56,8729b41097404e8e98a3e2cddf352c4b,Can you find the slope of the California Incline?
R0732,C0196,C0107,Application,0.215,56,8729b41097404e8e98a3e2cddf352c4b,Can you find the slope of the California Incline?
R0733,C0196,C0345,Application,0.2329,56,8729b41097404e8e98a3e2cddf352c4b,Can you find the slope of the California Incline?
R0734,C0345,C0107,Application,0.215,56,8729b41097404e8e98a3e2cddf352c4b,Can you find the slope of the California Incline?
R0735,C0345,C0196,Application,0.2329,56,8729b41097404e8e98a3e2cddf352c4b,Can you find the slope of the California Incline?
R0736,C0347,C0019,Prerequisite,0.485,56,8729b41097404e8e98a3e2cddf352c4b,"HINT: You will need to use the Pythagorean Theorem, which you may have seen in a previous math class."
R0737,C0026,C0107,Prerequisite,0.215,56,8729b41097404e8e98a3e2cddf352c4b,"Slope in the Coordinate Plane  Recall from Algebra I, two points (xi,yi) and (x2,y2) have a slope of m = ( x 2 _ y *y  Different Types of Slope:  143  www.ckl2.org  Positive  'tVt I '  «*flf  yi  r l/f '  2_L  J J  r _J  /  ""  -V|0."
R0738,C0026,C0113,Prerequisite,0.4031,56,8729b41097404e8e98a3e2cddf352c4b,"Slope in the Coordinate Plane  Recall from Algebra I, two points (xi,yi) and (x2,y2) have a slope of m = ( x 2 _ y *y  Different Types of Slope:  143  www.ckl2.org  Positive  'tVt I '  «*flf  yi  r l/f '  2_L  J J  r _J  /  ""  -V|0."
R0739,C0026,C0344,Prerequisite,0.2431,56,8729b41097404e8e98a3e2cddf352c4b,"Slope in the Coordinate Plane  Recall from Algebra I, two points (xi,yi) and (x2,y2) have a slope of m = ( x 2 _ y *y  Different Types of Slope:  143  www.ckl2.org  Positive  'tVt I '  «*flf  yi  r l/f '  2_L  J J  r _J  /  ""  -V|0."
R0740,C0026,C0348,Prerequisite,0.2431,56,8729b41097404e8e98a3e2cddf352c4b,"Slope in the Coordinate Plane  Recall from Algebra I, two points (xi,yi) and (x2,y2) have a slope of m = ( x 2 _ y *y  Different Types of Slope:  143  www.ckl2.org  Positive  'tVt I '  «*flf  yi  r l/f '  2_L  J J  r _J  /  ""  -V|0."
R0741,C0107,C0026,Prerequisite,0.215,56,8729b41097404e8e98a3e2cddf352c4b,"Slope in the Coordinate Plane  Recall from Algebra I, two points (xi,yi) and (x2,y2) have a slope of m = ( x 2 _ y *y  Different Types of Slope:  143  www.ckl2.org  Positive  'tVt I '  «*flf  yi  r l/f '  2_L  J J  r _J  /  ""  -V|0."
R0742,C0107,C0113,Prerequisite,0.2386,56,8729b41097404e8e98a3e2cddf352c4b,"Slope in the Coordinate Plane  Recall from Algebra I, two points (xi,yi) and (x2,y2) have a slope of m = ( x 2 _ y *y  Different Types of Slope:  143  www.ckl2.org  Positive  'tVt I '  «*flf  yi  r l/f '  2_L  J J  r _J  /  ""  -V|0."
R0743,C0107,C0344,Prerequisite,0.2386,56,8729b41097404e8e98a3e2cddf352c4b,"Slope in the Coordinate Plane  Recall from Algebra I, two points (xi,yi) and (x2,y2) have a slope of m = ( x 2 _ y *y  Different Types of Slope:  143  www.ckl2.org  Positive  'tVt I '  «*flf  yi  r l/f '  2_L  J J  r _J  /  ""  -V|0."
R0744,C0107,C0348,Prerequisite,0.2386,56,8729b41097404e8e98a3e2cddf352c4b,"Slope in the Coordinate Plane  Recall from Algebra I, two points (xi,yi) and (x2,y2) have a slope of m = ( x 2 _ y *y  Different Types of Slope:  143  www.ckl2.org  Positive  'tVt I '  «*flf  yi  r l/f '  2_L  J J  r _J  /  ""  -V|0."
R0745,C0113,C0026,Prerequisite,0.4031,56,8729b41097404e8e98a3e2cddf352c4b,"Slope in the Coordinate Plane  Recall from Algebra I, two points (xi,yi) and (x2,y2) have a slope of m = ( x 2 _ y *y  Different Types of Slope:  143  www.ckl2.org  Positive  'tVt I '  «*flf  yi  r l/f '  2_L  J J  r _J  /  ""  -V|0."
R0746,C0113,C0107,Prerequisite,0.2386,56,8729b41097404e8e98a3e2cddf352c4b,"Slope in the Coordinate Plane  Recall from Algebra I, two points (xi,yi) and (x2,y2) have a slope of m = ( x 2 _ y *y  Different Types of Slope:  143  www.ckl2.org  Positive  'tVt I '  «*flf  yi  r l/f '  2_L  J J  r _J  /  ""  -V|0."
R0747,C0113,C0344,Prerequisite,0.84,56,8729b41097404e8e98a3e2cddf352c4b,"Slope in the Coordinate Plane  Recall from Algebra I, two points (xi,yi) and (x2,y2) have a slope of m = ( x 2 _ y *y  Different Types of Slope:  143  www.ckl2.org  Positive  'tVt I '  «*flf  yi  r l/f '  2_L  J J  r _J  /  ""  -V|0."
R0748,C0113,C0348,Prerequisite,0.84,56,8729b41097404e8e98a3e2cddf352c4b,"Slope in the Coordinate Plane  Recall from Algebra I, two points (xi,yi) and (x2,y2) have a slope of m = ( x 2 _ y *y  Different Types of Slope:  143  www.ckl2.org  Positive  'tVt I '  «*flf  yi  r l/f '  2_L  J J  r _J  /  ""  -V|0."
R0749,C0344,C0026,Prerequisite,0.2431,56,8729b41097404e8e98a3e2cddf352c4b,"Slope in the Coordinate Plane  Recall from Algebra I, two points (xi,yi) and (x2,y2) have a slope of m = ( x 2 _ y *y  Different Types of Slope:  143  www.ckl2.org  Positive  'tVt I '  «*flf  yi  r l/f '  2_L  J J  r _J  /  ""  -V|0."
R0750,C0344,C0107,Prerequisite,0.2386,56,8729b41097404e8e98a3e2cddf352c4b,"Slope in the Coordinate Plane  Recall from Algebra I, two points (xi,yi) and (x2,y2) have a slope of m = ( x 2 _ y *y  Different Types of Slope:  143  www.ckl2.org  Positive  'tVt I '  «*flf  yi  r l/f '  2_L  J J  r _J  /  ""  -V|0."
R0751,C0344,C0113,Prerequisite,0.84,56,8729b41097404e8e98a3e2cddf352c4b,"Slope in the Coordinate Plane  Recall from Algebra I, two points (xi,yi) and (x2,y2) have a slope of m = ( x 2 _ y *y  Different Types of Slope:  143  www.ckl2.org  Positive  'tVt I '  «*flf  yi  r l/f '  2_L  J J  r _J  /  ""  -V|0."
R0752,C0344,C0348,Prerequisite,0.84,56,8729b41097404e8e98a3e2cddf352c4b,"Slope in the Coordinate Plane  Recall from Algebra I, two points (xi,yi) and (x2,y2) have a slope of m = ( x 2 _ y *y  Different Types of Slope:  143  www.ckl2.org  Positive  'tVt I '  «*flf  yi  r l/f '  2_L  J J  r _J  /  ""  -V|0."
R0753,C0348,C0026,Prerequisite,0.2431,56,8729b41097404e8e98a3e2cddf352c4b,"Slope in the Coordinate Plane  Recall from Algebra I, two points (xi,yi) and (x2,y2) have a slope of m = ( x 2 _ y *y  Different Types of Slope:  143  www.ckl2.org  Positive  'tVt I '  «*flf  yi  r l/f '  2_L  J J  r _J  /  ""  -V|0."
R0754,C0348,C0107,Prerequisite,0.2386,56,8729b41097404e8e98a3e2cddf352c4b,"Slope in the Coordinate Plane  Recall from Algebra I, two points (xi,yi) and (x2,y2) have a slope of m = ( x 2 _ y *y  Different Types of Slope:  143  www.ckl2.org  Positive  'tVt I '  «*flf  yi  r l/f '  2_L  J J  r _J  /  ""  -V|0."
R0755,C0348,C0113,Prerequisite,0.84,56,8729b41097404e8e98a3e2cddf352c4b,"Slope in the Coordinate Plane  Recall from Algebra I, two points (xi,yi) and (x2,y2) have a slope of m = ( x 2 _ y *y  Different Types of Slope:  143  www.ckl2.org  Positive  'tVt I '  «*flf  yi  r l/f '  2_L  J J  r _J  /  ""  -V|0."
R0756,C0348,C0344,Prerequisite,0.84,56,8729b41097404e8e98a3e2cddf352c4b,"Slope in the Coordinate Plane  Recall from Algebra I, two points (xi,yi) and (x2,y2) have a slope of m = ( x 2 _ y *y  Different Types of Slope:  143  www.ckl2.org  Positive  'tVt I '  «*flf  yi  r l/f '  2_L  J J  r _J  /  ""  -V|0."
R0757,C0026,C0113,Similarity,0.4031,57,aad95f89d1424090a36566b27062cfbd,"In the coordinate plane,  that would look like this:  .5  -il^^-3 -2 -1 >/"" 2 3 4 5  •4  V  If we take a closer look at these two lines, the slopes are both ,."
R0758,C0026,C0278,Similarity,0.3118,57,aad95f89d1424090a36566b27062cfbd,"In the coordinate plane,  that would look like this:  .5  -il^^-3 -2 -1 >/"" 2 3 4 5  •4  V  If we take a closer look at these two lines, the slopes are both ,."
R0759,C0113,C0026,Similarity,0.4031,57,aad95f89d1424090a36566b27062cfbd,"In the coordinate plane,  that would look like this:  .5  -il^^-3 -2 -1 >/"" 2 3 4 5  •4  V  If we take a closer look at these two lines, the slopes are both ,."
R0760,C0113,C0278,Similarity,0.3573,57,aad95f89d1424090a36566b27062cfbd,"In the coordinate plane,  that would look like this:  .5  -il^^-3 -2 -1 >/"" 2 3 4 5  •4  V  If we take a closer look at these two lines, the slopes are both ,."
R0761,C0278,C0026,Similarity,0.3118,57,aad95f89d1424090a36566b27062cfbd,"In the coordinate plane,  that would look like this:  .5  -il^^-3 -2 -1 >/"" 2 3 4 5  •4  V  If we take a closer look at these two lines, the slopes are both ,."
R0762,C0278,C0113,Similarity,0.3573,57,aad95f89d1424090a36566b27062cfbd,"In the coordinate plane,  that would look like this:  .5  -il^^-3 -2 -1 >/"" 2 3 4 5  •4  V  If we take a closer look at these two lines, the slopes are both ,."
R0763,C0014,C0029,Application,1.0,57,aad95f89d1424090a36566b27062cfbd,"Example 5: Find the equation of the line that is parallel to y =  ■hx + 4 and passes through (9, -5)."
R0764,C0029,C0014,Application,1.0,57,aad95f89d1424090a36566b27062cfbd,"Example 5: Find the equation of the line that is parallel to y =  ■hx + 4 and passes through (9, -5)."
R0765,C0013,C0107,Application,0.375,57,12e4578c550c463fa3e3720d29f34f93,Example 6: Find the slope of the perpendicular lines to the lines below.
R0766,C0013,C0299,Application,0.3824,57,12e4578c550c463fa3e3720d29f34f93,Example 6: Find the slope of the perpendicular lines to the lines below.
R0767,C0107,C0013,Application,0.375,57,12e4578c550c463fa3e3720d29f34f93,Example 6: Find the slope of the perpendicular lines to the lines below.
R0768,C0107,C0299,Application,0.2475,57,12e4578c550c463fa3e3720d29f34f93,Example 6: Find the slope of the perpendicular lines to the lines below.
R0769,C0299,C0013,Application,0.3824,57,12e4578c550c463fa3e3720d29f34f93,Example 6: Find the slope of the perpendicular lines to the lines below.
R0770,C0299,C0107,Application,0.2475,57,12e4578c550c463fa3e3720d29f34f93,Example 6: Find the slope of the perpendicular lines to the lines below.
R0771,C0013,C0029,Application,0.375,57,ddeba0f61e694d40955b0b08717650b4,"Example 7: Find the equation of the line that is perpendicular to y = -gX + 4 and passes through (9,  -5)."
R0772,C0029,C0013,Application,0.375,57,ddeba0f61e694d40955b0b08717650b4,"Example 7: Find the equation of the line that is perpendicular to y = -gX + 4 and passes through (9,  -5)."
R0773,C0013,C0014,Application,0.215,57,f475c5f1847842d398501c7397574904,"Example 8: Find the equation of the lines below and determine if they are parallel, perpendicular or  neither."
R0774,C0014,C0013,Application,0.215,57,f475c5f1847842d398501c7397574904,"Example 8: Find the equation of the lines below and determine if they are parallel, perpendicular or  neither."
R0775,C0059,C0107,Application,0.215,57,355863f257b749319ec68a6c0835c0b6,"From there, use ""rise over run"" to find the slope."
R0776,C0059,C0349,Application,0.2456,57,355863f257b749319ec68a6c0835c0b6,"From there, use ""rise over run"" to find the slope."
R0777,C0059,C0350,Application,0.2456,57,355863f257b749319ec68a6c0835c0b6,"From there, use ""rise over run"" to find the slope."
R0778,C0059,C0353,Application,0.2602,57,355863f257b749319ec68a6c0835c0b6,"From there, use ""rise over run"" to find the slope."
R0779,C0107,C0059,Application,0.215,57,355863f257b749319ec68a6c0835c0b6,"From there, use ""rise over run"" to find the slope."
R0780,C0107,C0349,Application,0.2475,57,355863f257b749319ec68a6c0835c0b6,"From there, use ""rise over run"" to find the slope."
R0781,C0107,C0350,Application,0.2475,57,355863f257b749319ec68a6c0835c0b6,"From there, use ""rise over run"" to find the slope."
R0782,C0107,C0353,Application,0.2376,57,355863f257b749319ec68a6c0835c0b6,"From there, use ""rise over run"" to find the slope."
R0783,C0349,C0059,Application,0.2456,57,355863f257b749319ec68a6c0835c0b6,"From there, use ""rise over run"" to find the slope."
R0784,C0349,C0107,Application,0.2475,57,355863f257b749319ec68a6c0835c0b6,"From there, use ""rise over run"" to find the slope."
R0785,C0349,C0350,Application,0.84,57,355863f257b749319ec68a6c0835c0b6,"From there, use ""rise over run"" to find the slope."
R0786,C0349,C0353,Application,0.355,57,355863f257b749319ec68a6c0835c0b6,"From there, use ""rise over run"" to find the slope."
R0787,C0350,C0059,Application,0.2456,57,355863f257b749319ec68a6c0835c0b6,"From there, use ""rise over run"" to find the slope."
R0788,C0350,C0107,Application,0.2475,57,355863f257b749319ec68a6c0835c0b6,"From there, use ""rise over run"" to find the slope."
R0789,C0350,C0349,Application,0.84,57,355863f257b749319ec68a6c0835c0b6,"From there, use ""rise over run"" to find the slope."
R0790,C0350,C0353,Application,0.355,57,355863f257b749319ec68a6c0835c0b6,"From there, use ""rise over run"" to find the slope."
R0791,C0353,C0059,Application,0.2602,57,355863f257b749319ec68a6c0835c0b6,"From there, use ""rise over run"" to find the slope."
R0792,C0353,C0107,Application,0.2376,57,355863f257b749319ec68a6c0835c0b6,"From there, use ""rise over run"" to find the slope."
R0793,C0353,C0349,Application,0.355,57,355863f257b749319ec68a6c0835c0b6,"From there, use ""rise over run"" to find the slope."
R0794,C0353,C0350,Application,0.355,57,355863f257b749319ec68a6c0835c0b6,"From there, use ""rise over run"" to find the slope."
R0795,C0017,C0099,Application,0.2521,58,37b53399135140c7b4dec5b63f7c95ba,"Revisited In order to find the slope, we need to first find the horizontal distance in the  triangle to the right."
R0796,C0017,C0107,Application,0.215,58,37b53399135140c7b4dec5b63f7c95ba,"Revisited In order to find the slope, we need to first find the horizontal distance in the  triangle to the right."
R0797,C0017,C0415,Application,0.215,58,37b53399135140c7b4dec5b63f7c95ba,"Revisited In order to find the slope, we need to first find the horizontal distance in the  triangle to the right."
R0798,C0099,C0017,Application,0.2521,58,37b53399135140c7b4dec5b63f7c95ba,"Revisited In order to find the slope, we need to first find the horizontal distance in the  triangle to the right."
R0799,C0099,C0107,Application,0.215,58,37b53399135140c7b4dec5b63f7c95ba,"Revisited In order to find the slope, we need to first find the horizontal distance in the  triangle to the right."
R0800,C0099,C0415,Application,0.215,58,37b53399135140c7b4dec5b63f7c95ba,"Revisited In order to find the slope, we need to first find the horizontal distance in the  triangle to the right."
R0801,C0107,C0017,Application,0.215,58,37b53399135140c7b4dec5b63f7c95ba,"Revisited In order to find the slope, we need to first find the horizontal distance in the  triangle to the right."
R0802,C0107,C0099,Application,0.215,58,37b53399135140c7b4dec5b63f7c95ba,"Revisited In order to find the slope, we need to first find the horizontal distance in the  triangle to the right."
R0803,C0107,C0415,Application,0.215,58,37b53399135140c7b4dec5b63f7c95ba,"Revisited In order to find the slope, we need to first find the horizontal distance in the  triangle to the right."
R0804,C0415,C0017,Application,0.215,58,37b53399135140c7b4dec5b63f7c95ba,"Revisited In order to find the slope, we need to first find the horizontal distance in the  triangle to the right."
R0805,C0415,C0099,Application,0.215,58,37b53399135140c7b4dec5b63f7c95ba,"Revisited In order to find the slope, we need to first find the horizontal distance in the  triangle to the right."
R0806,C0415,C0107,Application,0.215,58,37b53399135140c7b4dec5b63f7c95ba,"Revisited In order to find the slope, we need to first find the horizontal distance in the  triangle to the right."
R0807,C0045,C0347,Application,0.4223,58,37b53399135140c7b4dec5b63f7c95ba,"To find the horizontal distance,  we need to use the Pythagorean Theorem, a 2 + b 2 = c 2 , where c is the hypotenuse."
R0808,C0045,C0448,Application,0.4489,58,37b53399135140c7b4dec5b63f7c95ba,"To find the horizontal distance,  we need to use the Pythagorean Theorem, a 2 + b 2 = c 2 , where c is the hypotenuse."
R0809,C0059,C0347,Application,0.3923,58,37b53399135140c7b4dec5b63f7c95ba,"To find the horizontal distance,  we need to use the Pythagorean Theorem, a 2 + b 2 = c 2 , where c is the hypotenuse."
R0810,C0059,C0448,Application,0.401,58,37b53399135140c7b4dec5b63f7c95ba,"To find the horizontal distance,  we need to use the Pythagorean Theorem, a 2 + b 2 = c 2 , where c is the hypotenuse."
R0811,C0347,C0045,Application,0.4223,58,37b53399135140c7b4dec5b63f7c95ba,"To find the horizontal distance,  we need to use the Pythagorean Theorem, a 2 + b 2 = c 2 , where c is the hypotenuse."
R0812,C0347,C0059,Application,0.3923,58,37b53399135140c7b4dec5b63f7c95ba,"To find the horizontal distance,  we need to use the Pythagorean Theorem, a 2 + b 2 = c 2 , where c is the hypotenuse."
R0813,C0347,C0448,Application,0.401,58,37b53399135140c7b4dec5b63f7c95ba,"To find the horizontal distance,  we need to use the Pythagorean Theorem, a 2 + b 2 = c 2 , where c is the hypotenuse."
R0814,C0448,C0045,Application,0.4489,58,37b53399135140c7b4dec5b63f7c95ba,"To find the horizontal distance,  we need to use the Pythagorean Theorem, a 2 + b 2 = c 2 , where c is the hypotenuse."
R0815,C0448,C0059,Application,0.401,58,37b53399135140c7b4dec5b63f7c95ba,"To find the horizontal distance,  we need to use the Pythagorean Theorem, a 2 + b 2 = c 2 , where c is the hypotenuse."
R0816,C0448,C0347,Application,0.401,58,37b53399135140c7b4dec5b63f7c95ba,"To find the horizontal distance,  we need to use the Pythagorean Theorem, a 2 + b 2 = c 2 , where c is the hypotenuse."
R0817,C0107,C0246,Application,0.215,58,37b53399135140c7b4dec5b63f7c95ba,Find the slope between the two given points.
R0818,C0246,C0107,Application,0.215,58,37b53399135140c7b4dec5b63f7c95ba,Find the slope between the two given points.
R0819,C0014,C0107,Application,0.3571,59,388218e25f004fa2b205f25505acbe53,• Find the shortest distance between vertical and horizontal lines and  • Find the shortest distance between parallel lines with slope of 1 or -1.
R0820,C0014,C0281,Application,0.3176,59,388218e25f004fa2b205f25505acbe53,• Find the shortest distance between vertical and horizontal lines and  • Find the shortest distance between parallel lines with slope of 1 or -1.
R0821,C0014,C0358,Application,0.2971,59,388218e25f004fa2b205f25505acbe53,• Find the shortest distance between vertical and horizontal lines and  • Find the shortest distance between parallel lines with slope of 1 or -1.
R0822,C0014,C0359,Application,0.2376,59,388218e25f004fa2b205f25505acbe53,• Find the shortest distance between vertical and horizontal lines and  • Find the shortest distance between parallel lines with slope of 1 or -1.
R0823,C0107,C0014,Application,0.5171,59,388218e25f004fa2b205f25505acbe53,• Find the shortest distance between vertical and horizontal lines and  • Find the shortest distance between parallel lines with slope of 1 or -1.
R0824,C0107,C0281,Application,0.215,59,388218e25f004fa2b205f25505acbe53,• Find the shortest distance between vertical and horizontal lines and  • Find the shortest distance between parallel lines with slope of 1 or -1.
R0825,C0107,C0358,Application,0.215,59,388218e25f004fa2b205f25505acbe53,• Find the shortest distance between vertical and horizontal lines and  • Find the shortest distance between parallel lines with slope of 1 or -1.
R0826,C0107,C0359,Application,0.215,59,388218e25f004fa2b205f25505acbe53,• Find the shortest distance between vertical and horizontal lines and  • Find the shortest distance between parallel lines with slope of 1 or -1.
R0827,C0281,C0014,Application,0.3176,59,388218e25f004fa2b205f25505acbe53,• Find the shortest distance between vertical and horizontal lines and  • Find the shortest distance between parallel lines with slope of 1 or -1.
R0828,C0281,C0107,Application,0.215,59,388218e25f004fa2b205f25505acbe53,• Find the shortest distance between vertical and horizontal lines and  • Find the shortest distance between parallel lines with slope of 1 or -1.
R0829,C0281,C0358,Application,0.3073,59,388218e25f004fa2b205f25505acbe53,• Find the shortest distance between vertical and horizontal lines and  • Find the shortest distance between parallel lines with slope of 1 or -1.
R0830,C0281,C0359,Application,0.3033,59,388218e25f004fa2b205f25505acbe53,• Find the shortest distance between vertical and horizontal lines and  • Find the shortest distance between parallel lines with slope of 1 or -1.
R0831,C0358,C0014,Application,0.2971,59,388218e25f004fa2b205f25505acbe53,• Find the shortest distance between vertical and horizontal lines and  • Find the shortest distance between parallel lines with slope of 1 or -1.
R0832,C0358,C0107,Application,0.215,59,388218e25f004fa2b205f25505acbe53,• Find the shortest distance between vertical and horizontal lines and  • Find the shortest distance between parallel lines with slope of 1 or -1.
R0833,C0358,C0281,Application,0.3073,59,388218e25f004fa2b205f25505acbe53,• Find the shortest distance between vertical and horizontal lines and  • Find the shortest distance between parallel lines with slope of 1 or -1.
R0834,C0358,C0359,Application,0.4568,59,388218e25f004fa2b205f25505acbe53,• Find the shortest distance between vertical and horizontal lines and  • Find the shortest distance between parallel lines with slope of 1 or -1.
R0835,C0359,C0014,Application,0.2376,59,388218e25f004fa2b205f25505acbe53,• Find the shortest distance between vertical and horizontal lines and  • Find the shortest distance between parallel lines with slope of 1 or -1.
R0836,C0359,C0107,Application,0.215,59,388218e25f004fa2b205f25505acbe53,• Find the shortest distance between vertical and horizontal lines and  • Find the shortest distance between parallel lines with slope of 1 or -1.
R0837,C0359,C0281,Application,0.3033,59,388218e25f004fa2b205f25505acbe53,• Find the shortest distance between vertical and horizontal lines and  • Find the shortest distance between parallel lines with slope of 1 or -1.
R0838,C0359,C0358,Application,0.4568,59,388218e25f004fa2b205f25505acbe53,• Find the shortest distance between vertical and horizontal lines and  • Find the shortest distance between parallel lines with slope of 1 or -1.
R0839,C0013,C0027,Application,0.4253,59,388218e25f004fa2b205f25505acbe53,"Find the equation of the line that is perpendicular to y = -2x + 5 through the point (-4, -5)."
R0840,C0027,C0013,Application,0.4253,59,388218e25f004fa2b205f25505acbe53,"Find the equation of the line that is perpendicular to y = -2x + 5 through the point (-4, -5)."
R0841,C0027,C0029,Application,0.375,59,388218e25f004fa2b205f25505acbe53,"Find the equation of the line that is perpendicular to y = -2x + 5 through the point (-4, -5)."
R0842,C0029,C0027,Application,0.375,59,388218e25f004fa2b205f25505acbe53,"Find the equation of the line that is perpendicular to y = -2x + 5 through the point (-4, -5)."
R0843,C0014,C0027,Application,0.215,59,388218e25f004fa2b205f25505acbe53,"Find the equation of the line that is parallel to y =  153  ix - 7 through the point (3, 8)."
R0844,C0027,C0014,Application,0.215,59,388218e25f004fa2b205f25505acbe53,"Find the equation of the line that is parallel to y =  153  ix - 7 through the point (3, 8)."
R0845,C0357,C0113,Application,0.4943,59,280159b3533b4cdd8e87e0ff6071c411,"The Distance Formula  The distance between two points (x\,yi) and (x2,y%) can be defined as d = y{x2 — xi) 2 + (j2 _ yi) 2 - This  formula will be derived in Chapter 9."
R0846,C0287,C0017,Part-of,0.4328,62,bd6c85407661496a874a7557c8b08d65,• Identify interior and exterior angles in a triangle.
R0847,C0017,C0127,Prerequisite,0.215,62,bd6c85407661496a874a7557c8b08d65,Recall that a triangle can be classified by its sides...
R0848,C0127,C0017,Prerequisite,0.215,62,bd6c85407661496a874a7557c8b08d65,Recall that a triangle can be classified by its sides...
R0849,C0028,C0045,Application,1.0,63,31fa0b0f08704fc7ae1d317035480481,mZl+mZ3 + mZ2= 180°  Given  Alternate Interior Angles Theorem  = angles have = measures  Linear Pair Postulate  Angle Addition Postulate  Substitution PoE  Substitution PoE
R0850,C0028,C0135,Application,0.4206,63,31fa0b0f08704fc7ae1d317035480481,mZl+mZ3 + mZ2= 180°  Given  Alternate Interior Angles Theorem  = angles have = measures  Linear Pair Postulate  Angle Addition Postulate  Substitution PoE  Substitution PoE
R0851,C0028,C0138,Application,0.84,63,31fa0b0f08704fc7ae1d317035480481,mZl+mZ3 + mZ2= 180°  Given  Alternate Interior Angles Theorem  = angles have = measures  Linear Pair Postulate  Angle Addition Postulate  Substitution PoE  Substitution PoE
R0852,C0028,C0246,Application,0.4121,63,31fa0b0f08704fc7ae1d317035480481,mZl+mZ3 + mZ2= 180°  Given  Alternate Interior Angles Theorem  = angles have = measures  Linear Pair Postulate  Angle Addition Postulate  Substitution PoE  Substitution PoE
R0853,C0028,C0286,Application,0.3303,63,31fa0b0f08704fc7ae1d317035480481,mZl+mZ3 + mZ2= 180°  Given  Alternate Interior Angles Theorem  = angles have = measures  Linear Pair Postulate  Angle Addition Postulate  Substitution PoE  Substitution PoE
R0854,C0028,C0288,Application,0.383,63,31fa0b0f08704fc7ae1d317035480481,mZl+mZ3 + mZ2= 180°  Given  Alternate Interior Angles Theorem  = angles have = measures  Linear Pair Postulate  Angle Addition Postulate  Substitution PoE  Substitution PoE
R0855,C0028,C0305,Application,0.3303,63,31fa0b0f08704fc7ae1d317035480481,mZl+mZ3 + mZ2= 180°  Given  Alternate Interior Angles Theorem  = angles have = measures  Linear Pair Postulate  Angle Addition Postulate  Substitution PoE  Substitution PoE
R0856,C0028,C0313,Application,0.3961,63,31fa0b0f08704fc7ae1d317035480481,mZl+mZ3 + mZ2= 180°  Given  Alternate Interior Angles Theorem  = angles have = measures  Linear Pair Postulate  Angle Addition Postulate  Substitution PoE  Substitution PoE
R0857,C0045,C0028,Application,1.0,63,31fa0b0f08704fc7ae1d317035480481,mZl+mZ3 + mZ2= 180°  Given  Alternate Interior Angles Theorem  = angles have = measures  Linear Pair Postulate  Angle Addition Postulate  Substitution PoE  Substitution PoE
R0858,C0045,C0046,Application,0.3303,63,31fa0b0f08704fc7ae1d317035480481,mZl+mZ3 + mZ2= 180°  Given  Alternate Interior Angles Theorem  = angles have = measures  Linear Pair Postulate  Angle Addition Postulate  Substitution PoE  Substitution PoE
R0859,C0045,C0078,Application,0.2637,63,31fa0b0f08704fc7ae1d317035480481,mZl+mZ3 + mZ2= 180°  Given  Alternate Interior Angles Theorem  = angles have = measures  Linear Pair Postulate  Angle Addition Postulate  Substitution PoE  Substitution PoE
R0860,C0045,C0135,Application,0.4206,63,31fa0b0f08704fc7ae1d317035480481,mZl+mZ3 + mZ2= 180°  Given  Alternate Interior Angles Theorem  = angles have = measures  Linear Pair Postulate  Angle Addition Postulate  Substitution PoE  Substitution PoE
R0861,C0045,C0138,Application,0.84,63,31fa0b0f08704fc7ae1d317035480481,mZl+mZ3 + mZ2= 180°  Given  Alternate Interior Angles Theorem  = angles have = measures  Linear Pair Postulate  Angle Addition Postulate  Substitution PoE  Substitution PoE
R0862,C0045,C0246,Application,0.3321,63,31fa0b0f08704fc7ae1d317035480481,mZl+mZ3 + mZ2= 180°  Given  Alternate Interior Angles Theorem  = angles have = measures  Linear Pair Postulate  Angle Addition Postulate  Substitution PoE  Substitution PoE
R0863,C0045,C0286,Application,0.4103,63,31fa0b0f08704fc7ae1d317035480481,mZl+mZ3 + mZ2= 180°  Given  Alternate Interior Angles Theorem  = angles have = measures  Linear Pair Postulate  Angle Addition Postulate  Substitution PoE  Substitution PoE
R0864,C0045,C0288,Application,0.463,63,31fa0b0f08704fc7ae1d317035480481,mZl+mZ3 + mZ2= 180°  Given  Alternate Interior Angles Theorem  = angles have = measures  Linear Pair Postulate  Angle Addition Postulate  Substitution PoE  Substitution PoE
R0865,C0045,C0305,Application,0.4103,63,31fa0b0f08704fc7ae1d317035480481,mZl+mZ3 + mZ2= 180°  Given  Alternate Interior Angles Theorem  = angles have = measures  Linear Pair Postulate  Angle Addition Postulate  Substitution PoE  Substitution PoE
R0866,C0045,C0313,Application,0.4761,63,31fa0b0f08704fc7ae1d317035480481,mZl+mZ3 + mZ2= 180°  Given  Alternate Interior Angles Theorem  = angles have = measures  Linear Pair Postulate  Angle Addition Postulate  Substitution PoE  Substitution PoE
R0867,C0046,C0045,Application,0.3303,63,31fa0b0f08704fc7ae1d317035480481,mZl+mZ3 + mZ2= 180°  Given  Alternate Interior Angles Theorem  = angles have = measures  Linear Pair Postulate  Angle Addition Postulate  Substitution PoE  Substitution PoE
R0868,C0046,C0286,Application,0.3943,63,31fa0b0f08704fc7ae1d317035480481,mZl+mZ3 + mZ2= 180°  Given  Alternate Interior Angles Theorem  = angles have = measures  Linear Pair Postulate  Angle Addition Postulate  Substitution PoE  Substitution PoE
R0869,C0046,C0288,Application,0.3087,63,31fa0b0f08704fc7ae1d317035480481,mZl+mZ3 + mZ2= 180°  Given  Alternate Interior Angles Theorem  = angles have = measures  Linear Pair Postulate  Angle Addition Postulate  Substitution PoE  Substitution PoE
R0870,C0046,C0305,Application,0.3943,63,31fa0b0f08704fc7ae1d317035480481,mZl+mZ3 + mZ2= 180°  Given  Alternate Interior Angles Theorem  = angles have = measures  Linear Pair Postulate  Angle Addition Postulate  Substitution PoE  Substitution PoE
R0871,C0046,C0313,Application,0.2712,63,31fa0b0f08704fc7ae1d317035480481,mZl+mZ3 + mZ2= 180°  Given  Alternate Interior Angles Theorem  = angles have = measures  Linear Pair Postulate  Angle Addition Postulate  Substitution PoE  Substitution PoE
R0872,C0078,C0045,Application,0.2637,63,31fa0b0f08704fc7ae1d317035480481,mZl+mZ3 + mZ2= 180°  Given  Alternate Interior Angles Theorem  = angles have = measures  Linear Pair Postulate  Angle Addition Postulate  Substitution PoE  Substitution PoE
R0873,C0078,C0135,Application,0.2774,63,31fa0b0f08704fc7ae1d317035480481,mZl+mZ3 + mZ2= 180°  Given  Alternate Interior Angles Theorem  = angles have = measures  Linear Pair Postulate  Angle Addition Postulate  Substitution PoE  Substitution PoE
R0874,C0078,C0138,Application,0.2637,63,31fa0b0f08704fc7ae1d317035480481,mZl+mZ3 + mZ2= 180°  Given  Alternate Interior Angles Theorem  = angles have = measures  Linear Pair Postulate  Angle Addition Postulate  Substitution PoE  Substitution PoE
R0875,C0078,C0246,Application,0.286,63,31fa0b0f08704fc7ae1d317035480481,mZl+mZ3 + mZ2= 180°  Given  Alternate Interior Angles Theorem  = angles have = measures  Linear Pair Postulate  Angle Addition Postulate  Substitution PoE  Substitution PoE
R0876,C0078,C0286,Application,0.2485,63,31fa0b0f08704fc7ae1d317035480481,mZl+mZ3 + mZ2= 180°  Given  Alternate Interior Angles Theorem  = angles have = measures  Linear Pair Postulate  Angle Addition Postulate  Substitution PoE  Substitution PoE
R0877,C0078,C0288,Application,0.255,63,31fa0b0f08704fc7ae1d317035480481,mZl+mZ3 + mZ2= 180°  Given  Alternate Interior Angles Theorem  = angles have = measures  Linear Pair Postulate  Angle Addition Postulate  Substitution PoE  Substitution PoE
R0878,C0078,C0305,Application,0.2485,63,31fa0b0f08704fc7ae1d317035480481,mZl+mZ3 + mZ2= 180°  Given  Alternate Interior Angles Theorem  = angles have = measures  Linear Pair Postulate  Angle Addition Postulate  Substitution PoE  Substitution PoE
R0879,C0078,C0313,Application,0.2475,63,31fa0b0f08704fc7ae1d317035480481,mZl+mZ3 + mZ2= 180°  Given  Alternate Interior Angles Theorem  = angles have = measures  Linear Pair Postulate  Angle Addition Postulate  Substitution PoE  Substitution PoE
R0880,C0135,C0028,Application,0.4206,63,31fa0b0f08704fc7ae1d317035480481,mZl+mZ3 + mZ2= 180°  Given  Alternate Interior Angles Theorem  = angles have = measures  Linear Pair Postulate  Angle Addition Postulate  Substitution PoE  Substitution PoE
R0881,C0135,C0045,Application,0.4206,63,31fa0b0f08704fc7ae1d317035480481,mZl+mZ3 + mZ2= 180°  Given  Alternate Interior Angles Theorem  = angles have = measures  Linear Pair Postulate  Angle Addition Postulate  Substitution PoE  Substitution PoE
R0882,C0135,C0078,Application,0.2774,63,31fa0b0f08704fc7ae1d317035480481,mZl+mZ3 + mZ2= 180°  Given  Alternate Interior Angles Theorem  = angles have = measures  Linear Pair Postulate  Angle Addition Postulate  Substitution PoE  Substitution PoE
R0883,C0135,C0286,Application,0.3467,63,31fa0b0f08704fc7ae1d317035480481,mZl+mZ3 + mZ2= 180°  Given  Alternate Interior Angles Theorem  = angles have = measures  Linear Pair Postulate  Angle Addition Postulate  Substitution PoE  Substitution PoE
R0884,C0135,C0288,Application,0.3778,63,31fa0b0f08704fc7ae1d317035480481,mZl+mZ3 + mZ2= 180°  Given  Alternate Interior Angles Theorem  = angles have = measures  Linear Pair Postulate  Angle Addition Postulate  Substitution PoE  Substitution PoE
R0885,C0135,C0305,Application,0.3467,63,31fa0b0f08704fc7ae1d317035480481,mZl+mZ3 + mZ2= 180°  Given  Alternate Interior Angles Theorem  = angles have = measures  Linear Pair Postulate  Angle Addition Postulate  Substitution PoE  Substitution PoE
R0886,C0135,C0313,Application,0.2989,63,31fa0b0f08704fc7ae1d317035480481,mZl+mZ3 + mZ2= 180°  Given  Alternate Interior Angles Theorem  = angles have = measures  Linear Pair Postulate  Angle Addition Postulate  Substitution PoE  Substitution PoE
R0887,C0138,C0028,Application,1.0,63,31fa0b0f08704fc7ae1d317035480481,mZl+mZ3 + mZ2= 180°  Given  Alternate Interior Angles Theorem  = angles have = measures  Linear Pair Postulate  Angle Addition Postulate  Substitution PoE  Substitution PoE
R0888,C0138,C0045,Application,0.84,63,31fa0b0f08704fc7ae1d317035480481,mZl+mZ3 + mZ2= 180°  Given  Alternate Interior Angles Theorem  = angles have = measures  Linear Pair Postulate  Angle Addition Postulate  Substitution PoE  Substitution PoE
R0889,C0138,C0078,Application,0.2637,63,31fa0b0f08704fc7ae1d317035480481,mZl+mZ3 + mZ2= 180°  Given  Alternate Interior Angles Theorem  = angles have = measures  Linear Pair Postulate  Angle Addition Postulate  Substitution PoE  Substitution PoE
R0890,C0138,C0286,Application,0.3303,63,31fa0b0f08704fc7ae1d317035480481,mZl+mZ3 + mZ2= 180°  Given  Alternate Interior Angles Theorem  = angles have = measures  Linear Pair Postulate  Angle Addition Postulate  Substitution PoE  Substitution PoE
R0891,C0138,C0288,Application,0.383,63,31fa0b0f08704fc7ae1d317035480481,mZl+mZ3 + mZ2= 180°  Given  Alternate Interior Angles Theorem  = angles have = measures  Linear Pair Postulate  Angle Addition Postulate  Substitution PoE  Substitution PoE
R0892,C0138,C0305,Application,0.3303,63,31fa0b0f08704fc7ae1d317035480481,mZl+mZ3 + mZ2= 180°  Given  Alternate Interior Angles Theorem  = angles have = measures  Linear Pair Postulate  Angle Addition Postulate  Substitution PoE  Substitution PoE
R0893,C0138,C0313,Application,0.3161,63,31fa0b0f08704fc7ae1d317035480481,mZl+mZ3 + mZ2= 180°  Given  Alternate Interior Angles Theorem  = angles have = measures  Linear Pair Postulate  Angle Addition Postulate  Substitution PoE  Substitution PoE
R0894,C0246,C0028,Application,0.4121,63,31fa0b0f08704fc7ae1d317035480481,mZl+mZ3 + mZ2= 180°  Given  Alternate Interior Angles Theorem  = angles have = measures  Linear Pair Postulate  Angle Addition Postulate  Substitution PoE  Substitution PoE
R0895,C0246,C0045,Application,0.3321,63,31fa0b0f08704fc7ae1d317035480481,mZl+mZ3 + mZ2= 180°  Given  Alternate Interior Angles Theorem  = angles have = measures  Linear Pair Postulate  Angle Addition Postulate  Substitution PoE  Substitution PoE
R0896,C0246,C0078,Application,0.286,63,31fa0b0f08704fc7ae1d317035480481,mZl+mZ3 + mZ2= 180°  Given  Alternate Interior Angles Theorem  = angles have = measures  Linear Pair Postulate  Angle Addition Postulate  Substitution PoE  Substitution PoE
R0897,C0246,C0286,Application,0.255,63,31fa0b0f08704fc7ae1d317035480481,mZl+mZ3 + mZ2= 180°  Given  Alternate Interior Angles Theorem  = angles have = measures  Linear Pair Postulate  Angle Addition Postulate  Substitution PoE  Substitution PoE
R0898,C0246,C0288,Application,0.2386,63,31fa0b0f08704fc7ae1d317035480481,mZl+mZ3 + mZ2= 180°  Given  Alternate Interior Angles Theorem  = angles have = measures  Linear Pair Postulate  Angle Addition Postulate  Substitution PoE  Substitution PoE
R0899,C0246,C0305,Application,0.255,63,31fa0b0f08704fc7ae1d317035480481,mZl+mZ3 + mZ2= 180°  Given  Alternate Interior Angles Theorem  = angles have = measures  Linear Pair Postulate  Angle Addition Postulate  Substitution PoE  Substitution PoE
R0900,C0246,C0313,Application,0.275,63,31fa0b0f08704fc7ae1d317035480481,mZl+mZ3 + mZ2= 180°  Given  Alternate Interior Angles Theorem  = angles have = measures  Linear Pair Postulate  Angle Addition Postulate  Substitution PoE  Substitution PoE
R0901,C0286,C0028,Application,0.3303,63,31fa0b0f08704fc7ae1d317035480481,mZl+mZ3 + mZ2= 180°  Given  Alternate Interior Angles Theorem  = angles have = measures  Linear Pair Postulate  Angle Addition Postulate  Substitution PoE  Substitution PoE
R0902,C0286,C0045,Application,0.4103,63,31fa0b0f08704fc7ae1d317035480481,mZl+mZ3 + mZ2= 180°  Given  Alternate Interior Angles Theorem  = angles have = measures  Linear Pair Postulate  Angle Addition Postulate  Substitution PoE  Substitution PoE
R0903,C0286,C0046,Application,0.3943,63,31fa0b0f08704fc7ae1d317035480481,mZl+mZ3 + mZ2= 180°  Given  Alternate Interior Angles Theorem  = angles have = measures  Linear Pair Postulate  Angle Addition Postulate  Substitution PoE  Substitution PoE
R0904,C0286,C0078,Application,0.2485,63,31fa0b0f08704fc7ae1d317035480481,mZl+mZ3 + mZ2= 180°  Given  Alternate Interior Angles Theorem  = angles have = measures  Linear Pair Postulate  Angle Addition Postulate  Substitution PoE  Substitution PoE
R0905,C0286,C0135,Application,0.3467,63,31fa0b0f08704fc7ae1d317035480481,mZl+mZ3 + mZ2= 180°  Given  Alternate Interior Angles Theorem  = angles have = measures  Linear Pair Postulate  Angle Addition Postulate  Substitution PoE  Substitution PoE
R0906,C0286,C0138,Application,0.3303,63,31fa0b0f08704fc7ae1d317035480481,mZl+mZ3 + mZ2= 180°  Given  Alternate Interior Angles Theorem  = angles have = measures  Linear Pair Postulate  Angle Addition Postulate  Substitution PoE  Substitution PoE
R0907,C0286,C0246,Application,0.255,63,31fa0b0f08704fc7ae1d317035480481,mZl+mZ3 + mZ2= 180°  Given  Alternate Interior Angles Theorem  = angles have = measures  Linear Pair Postulate  Angle Addition Postulate  Substitution PoE  Substitution PoE
R0908,C0286,C0288,Application,0.4071,63,31fa0b0f08704fc7ae1d317035480481,mZl+mZ3 + mZ2= 180°  Given  Alternate Interior Angles Theorem  = angles have = measures  Linear Pair Postulate  Angle Addition Postulate  Substitution PoE  Substitution PoE
R0909,C0286,C0305,Application,0.92,63,31fa0b0f08704fc7ae1d317035480481,mZl+mZ3 + mZ2= 180°  Given  Alternate Interior Angles Theorem  = angles have = measures  Linear Pair Postulate  Angle Addition Postulate  Substitution PoE  Substitution PoE
R0910,C0286,C0313,Application,0.3841,63,31fa0b0f08704fc7ae1d317035480481,mZl+mZ3 + mZ2= 180°  Given  Alternate Interior Angles Theorem  = angles have = measures  Linear Pair Postulate  Angle Addition Postulate  Substitution PoE  Substitution PoE
R0911,C0288,C0028,Application,0.383,63,31fa0b0f08704fc7ae1d317035480481,mZl+mZ3 + mZ2= 180°  Given  Alternate Interior Angles Theorem  = angles have = measures  Linear Pair Postulate  Angle Addition Postulate  Substitution PoE  Substitution PoE
R0912,C0288,C0045,Application,0.463,63,31fa0b0f08704fc7ae1d317035480481,mZl+mZ3 + mZ2= 180°  Given  Alternate Interior Angles Theorem  = angles have = measures  Linear Pair Postulate  Angle Addition Postulate  Substitution PoE  Substitution PoE
R0913,C0288,C0046,Application,0.3087,63,31fa0b0f08704fc7ae1d317035480481,mZl+mZ3 + mZ2= 180°  Given  Alternate Interior Angles Theorem  = angles have = measures  Linear Pair Postulate  Angle Addition Postulate  Substitution PoE  Substitution PoE
R0914,C0288,C0078,Application,0.255,63,31fa0b0f08704fc7ae1d317035480481,mZl+mZ3 + mZ2= 180°  Given  Alternate Interior Angles Theorem  = angles have = measures  Linear Pair Postulate  Angle Addition Postulate  Substitution PoE  Substitution PoE
R0915,C0288,C0135,Application,0.3778,63,31fa0b0f08704fc7ae1d317035480481,mZl+mZ3 + mZ2= 180°  Given  Alternate Interior Angles Theorem  = angles have = measures  Linear Pair Postulate  Angle Addition Postulate  Substitution PoE  Substitution PoE
R0916,C0288,C0138,Application,0.383,63,31fa0b0f08704fc7ae1d317035480481,mZl+mZ3 + mZ2= 180°  Given  Alternate Interior Angles Theorem  = angles have = measures  Linear Pair Postulate  Angle Addition Postulate  Substitution PoE  Substitution PoE
R0917,C0288,C0246,Application,0.2386,63,31fa0b0f08704fc7ae1d317035480481,mZl+mZ3 + mZ2= 180°  Given  Alternate Interior Angles Theorem  = angles have = measures  Linear Pair Postulate  Angle Addition Postulate  Substitution PoE  Substitution PoE
R0918,C0288,C0286,Application,0.4071,63,31fa0b0f08704fc7ae1d317035480481,mZl+mZ3 + mZ2= 180°  Given  Alternate Interior Angles Theorem  = angles have = measures  Linear Pair Postulate  Angle Addition Postulate  Substitution PoE  Substitution PoE
R0919,C0288,C0305,Application,0.4071,63,31fa0b0f08704fc7ae1d317035480481,mZl+mZ3 + mZ2= 180°  Given  Alternate Interior Angles Theorem  = angles have = measures  Linear Pair Postulate  Angle Addition Postulate  Substitution PoE  Substitution PoE
R0920,C0288,C0313,Application,0.3423,63,31fa0b0f08704fc7ae1d317035480481,mZl+mZ3 + mZ2= 180°  Given  Alternate Interior Angles Theorem  = angles have = measures  Linear Pair Postulate  Angle Addition Postulate  Substitution PoE  Substitution PoE
R0921,C0305,C0028,Application,0.3303,63,31fa0b0f08704fc7ae1d317035480481,mZl+mZ3 + mZ2= 180°  Given  Alternate Interior Angles Theorem  = angles have = measures  Linear Pair Postulate  Angle Addition Postulate  Substitution PoE  Substitution PoE
R0922,C0305,C0045,Application,0.4103,63,31fa0b0f08704fc7ae1d317035480481,mZl+mZ3 + mZ2= 180°  Given  Alternate Interior Angles Theorem  = angles have = measures  Linear Pair Postulate  Angle Addition Postulate  Substitution PoE  Substitution PoE
R0923,C0305,C0046,Application,0.3943,63,31fa0b0f08704fc7ae1d317035480481,mZl+mZ3 + mZ2= 180°  Given  Alternate Interior Angles Theorem  = angles have = measures  Linear Pair Postulate  Angle Addition Postulate  Substitution PoE  Substitution PoE
R0924,C0305,C0078,Application,0.2485,63,31fa0b0f08704fc7ae1d317035480481,mZl+mZ3 + mZ2= 180°  Given  Alternate Interior Angles Theorem  = angles have = measures  Linear Pair Postulate  Angle Addition Postulate  Substitution PoE  Substitution PoE
R0925,C0305,C0135,Application,0.3467,63,31fa0b0f08704fc7ae1d317035480481,mZl+mZ3 + mZ2= 180°  Given  Alternate Interior Angles Theorem  = angles have = measures  Linear Pair Postulate  Angle Addition Postulate  Substitution PoE  Substitution PoE
R0926,C0305,C0138,Application,0.3303,63,31fa0b0f08704fc7ae1d317035480481,mZl+mZ3 + mZ2= 180°  Given  Alternate Interior Angles Theorem  = angles have = measures  Linear Pair Postulate  Angle Addition Postulate  Substitution PoE  Substitution PoE
R0927,C0305,C0246,Application,0.255,63,31fa0b0f08704fc7ae1d317035480481,mZl+mZ3 + mZ2= 180°  Given  Alternate Interior Angles Theorem  = angles have = measures  Linear Pair Postulate  Angle Addition Postulate  Substitution PoE  Substitution PoE
R0928,C0305,C0286,Application,0.92,63,31fa0b0f08704fc7ae1d317035480481,mZl+mZ3 + mZ2= 180°  Given  Alternate Interior Angles Theorem  = angles have = measures  Linear Pair Postulate  Angle Addition Postulate  Substitution PoE  Substitution PoE
R0929,C0305,C0288,Application,0.4071,63,31fa0b0f08704fc7ae1d317035480481,mZl+mZ3 + mZ2= 180°  Given  Alternate Interior Angles Theorem  = angles have = measures  Linear Pair Postulate  Angle Addition Postulate  Substitution PoE  Substitution PoE
R0930,C0305,C0313,Application,0.3841,63,31fa0b0f08704fc7ae1d317035480481,mZl+mZ3 + mZ2= 180°  Given  Alternate Interior Angles Theorem  = angles have = measures  Linear Pair Postulate  Angle Addition Postulate  Substitution PoE  Substitution PoE
R0931,C0313,C0028,Application,0.3961,63,31fa0b0f08704fc7ae1d317035480481,mZl+mZ3 + mZ2= 180°  Given  Alternate Interior Angles Theorem  = angles have = measures  Linear Pair Postulate  Angle Addition Postulate  Substitution PoE  Substitution PoE
R0932,C0313,C0045,Application,0.4761,63,31fa0b0f08704fc7ae1d317035480481,mZl+mZ3 + mZ2= 180°  Given  Alternate Interior Angles Theorem  = angles have = measures  Linear Pair Postulate  Angle Addition Postulate  Substitution PoE  Substitution PoE
R0933,C0313,C0046,Application,0.2712,63,31fa0b0f08704fc7ae1d317035480481,mZl+mZ3 + mZ2= 180°  Given  Alternate Interior Angles Theorem  = angles have = measures  Linear Pair Postulate  Angle Addition Postulate  Substitution PoE  Substitution PoE
R0934,C0313,C0078,Application,0.2475,63,31fa0b0f08704fc7ae1d317035480481,mZl+mZ3 + mZ2= 180°  Given  Alternate Interior Angles Theorem  = angles have = measures  Linear Pair Postulate  Angle Addition Postulate  Substitution PoE  Substitution PoE
R0935,C0313,C0135,Application,0.2989,63,31fa0b0f08704fc7ae1d317035480481,mZl+mZ3 + mZ2= 180°  Given  Alternate Interior Angles Theorem  = angles have = measures  Linear Pair Postulate  Angle Addition Postulate  Substitution PoE  Substitution PoE
R0936,C0313,C0138,Application,0.3161,63,31fa0b0f08704fc7ae1d317035480481,mZl+mZ3 + mZ2= 180°  Given  Alternate Interior Angles Theorem  = angles have = measures  Linear Pair Postulate  Angle Addition Postulate  Substitution PoE  Substitution PoE
R0937,C0313,C0246,Application,0.275,63,31fa0b0f08704fc7ae1d317035480481,mZl+mZ3 + mZ2= 180°  Given  Alternate Interior Angles Theorem  = angles have = measures  Linear Pair Postulate  Angle Addition Postulate  Substitution PoE  Substitution PoE
R0938,C0313,C0286,Application,0.3841,63,31fa0b0f08704fc7ae1d317035480481,mZl+mZ3 + mZ2= 180°  Given  Alternate Interior Angles Theorem  = angles have = measures  Linear Pair Postulate  Angle Addition Postulate  Substitution PoE  Substitution PoE
R0939,C0313,C0288,Application,0.3423,63,31fa0b0f08704fc7ae1d317035480481,mZl+mZ3 + mZ2= 180°  Given  Alternate Interior Angles Theorem  = angles have = measures  Linear Pair Postulate  Angle Addition Postulate  Substitution PoE  Substitution PoE
R0940,C0313,C0305,Application,0.3841,63,31fa0b0f08704fc7ae1d317035480481,mZl+mZ3 + mZ2= 180°  Given  Alternate Interior Angles Theorem  = angles have = measures  Linear Pair Postulate  Angle Addition Postulate  Substitution PoE  Substitution PoE
R0941,C0028,C0072,Extension,0.2329,63,98e8cd65b5ea4848a40845287049bd34,Exterior Angles  Exterior Angle: The angle formed by one side of a polygon and the extension of the adjacent side.
R0942,C0028,C0156,Extension,0.3047,63,98e8cd65b5ea4848a40845287049bd34,Exterior Angles  Exterior Angle: The angle formed by one side of a polygon and the extension of the adjacent side.
R0943,C0028,C0202,Extension,0.2404,63,98e8cd65b5ea4848a40845287049bd34,Exterior Angles  Exterior Angle: The angle formed by one side of a polygon and the extension of the adjacent side.
R0944,C0028,C0287,Extension,0.3047,63,98e8cd65b5ea4848a40845287049bd34,Exterior Angles  Exterior Angle: The angle formed by one side of a polygon and the extension of the adjacent side.
R0945,C0072,C0028,Extension,0.2329,63,98e8cd65b5ea4848a40845287049bd34,Exterior Angles  Exterior Angle: The angle formed by one side of a polygon and the extension of the adjacent side.
R0946,C0072,C0156,Extension,0.2728,63,98e8cd65b5ea4848a40845287049bd34,Exterior Angles  Exterior Angle: The angle formed by one side of a polygon and the extension of the adjacent side.
R0947,C0072,C0202,Extension,0.26,63,98e8cd65b5ea4848a40845287049bd34,Exterior Angles  Exterior Angle: The angle formed by one side of a polygon and the extension of the adjacent side.
R0948,C0072,C0287,Extension,0.2728,63,98e8cd65b5ea4848a40845287049bd34,Exterior Angles  Exterior Angle: The angle formed by one side of a polygon and the extension of the adjacent side.
R0949,C0156,C0028,Extension,0.3047,63,98e8cd65b5ea4848a40845287049bd34,Exterior Angles  Exterior Angle: The angle formed by one side of a polygon and the extension of the adjacent side.
R0950,C0156,C0072,Extension,0.2728,63,98e8cd65b5ea4848a40845287049bd34,Exterior Angles  Exterior Angle: The angle formed by one side of a polygon and the extension of the adjacent side.
R0951,C0156,C0202,Extension,0.2312,63,98e8cd65b5ea4848a40845287049bd34,Exterior Angles  Exterior Angle: The angle formed by one side of a polygon and the extension of the adjacent side.
R0952,C0156,C0287,Extension,0.84,63,98e8cd65b5ea4848a40845287049bd34,Exterior Angles  Exterior Angle: The angle formed by one side of a polygon and the extension of the adjacent side.
R0953,C0202,C0028,Extension,0.2404,63,98e8cd65b5ea4848a40845287049bd34,Exterior Angles  Exterior Angle: The angle formed by one side of a polygon and the extension of the adjacent side.
R0954,C0202,C0072,Extension,0.26,63,98e8cd65b5ea4848a40845287049bd34,Exterior Angles  Exterior Angle: The angle formed by one side of a polygon and the extension of the adjacent side.
R0955,C0202,C0156,Extension,0.2312,63,98e8cd65b5ea4848a40845287049bd34,Exterior Angles  Exterior Angle: The angle formed by one side of a polygon and the extension of the adjacent side.
R0956,C0202,C0287,Extension,0.2312,63,98e8cd65b5ea4848a40845287049bd34,Exterior Angles  Exterior Angle: The angle formed by one side of a polygon and the extension of the adjacent side.
R0957,C0287,C0028,Extension,0.3047,63,98e8cd65b5ea4848a40845287049bd34,Exterior Angles  Exterior Angle: The angle formed by one side of a polygon and the extension of the adjacent side.
R0958,C0287,C0072,Extension,0.2728,63,98e8cd65b5ea4848a40845287049bd34,Exterior Angles  Exterior Angle: The angle formed by one side of a polygon and the extension of the adjacent side.
R0959,C0287,C0156,Extension,0.84,63,98e8cd65b5ea4848a40845287049bd34,Exterior Angles  Exterior Angle: The angle formed by one side of a polygon and the extension of the adjacent side.
R0960,C0287,C0202,Extension,0.2312,63,98e8cd65b5ea4848a40845287049bd34,Exterior Angles  Exterior Angle: The angle formed by one side of a polygon and the extension of the adjacent side.
R0961,C0017,C0287,Application,0.2728,63,42e6dfd3ea15427faba6713ae8d9f58c,Example 5: Find the measure of the numbered interior and exterior angles in the triangle.
R0962,C0287,C0017,Application,0.4328,63,42e6dfd3ea15427faba6713ae8d9f58c,Example 5: Find the measure of the numbered interior and exterior angles in the triangle.
R0963,C0028,C0287,Application,0.4647,64,b529582202254147ac3c5e3986eccf84,"Solution: First, we need to find the missing exterior angle, let's call it x."
R0964,C0287,C0028,Application,0.4647,64,b529582202254147ac3c5e3986eccf84,"Solution: First, we need to find the missing exterior angle, let's call it x."
R0965,C0028,C0443,Application,0.4903,64,253c4efe913948b585d0e1e57125d70b,"Exterior Angle Theorem From Example 7, we can find the sum of mlA and mlB, which is 36° + 79° =  115°."
R0966,C0045,C0287,Application,0.3047,64,253c4efe913948b585d0e1e57125d70b,"Exterior Angle Theorem From Example 7, we can find the sum of mlA and mlB, which is 36° + 79° =  115°."
R0967,C0045,C0443,Application,0.4903,64,253c4efe913948b585d0e1e57125d70b,"Exterior Angle Theorem From Example 7, we can find the sum of mlA and mlB, which is 36° + 79° =  115°."
R0968,C0287,C0045,Application,0.3047,64,253c4efe913948b585d0e1e57125d70b,"Exterior Angle Theorem From Example 7, we can find the sum of mlA and mlB, which is 36° + 79° =  115°."
R0969,C0287,C0313,Application,0.2867,64,253c4efe913948b585d0e1e57125d70b,"Exterior Angle Theorem From Example 7, we can find the sum of mlA and mlB, which is 36° + 79° =  115°."
R0970,C0287,C0443,Application,0.2688,64,253c4efe913948b585d0e1e57125d70b,"Exterior Angle Theorem From Example 7, we can find the sum of mlA and mlB, which is 36° + 79° =  115°."
R0971,C0313,C0287,Application,0.2867,64,253c4efe913948b585d0e1e57125d70b,"Exterior Angle Theorem From Example 7, we can find the sum of mlA and mlB, which is 36° + 79° =  115°."
R0972,C0313,C0443,Application,0.3041,64,253c4efe913948b585d0e1e57125d70b,"Exterior Angle Theorem From Example 7, we can find the sum of mlA and mlB, which is 36° + 79° =  115°."
R0973,C0443,C0028,Application,0.4903,64,253c4efe913948b585d0e1e57125d70b,"Exterior Angle Theorem From Example 7, we can find the sum of mlA and mlB, which is 36° + 79° =  115°."
R0974,C0443,C0045,Application,0.4903,64,253c4efe913948b585d0e1e57125d70b,"Exterior Angle Theorem From Example 7, we can find the sum of mlA and mlB, which is 36° + 79° =  115°."
R0975,C0443,C0287,Application,0.2688,64,253c4efe913948b585d0e1e57125d70b,"Exterior Angle Theorem From Example 7, we can find the sum of mlA and mlB, which is 36° + 79° =  115°."
R0976,C0443,C0313,Application,0.3041,64,253c4efe913948b585d0e1e57125d70b,"Exterior Angle Theorem From Example 7, we can find the sum of mlA and mlB, which is 36° + 79° =  115°."
R0977,C0028,C0045,Similarity,1.0,64,97aba1a19f4f4d4a8048a2862979efe8,"Solution: Using the Exterior Angle Theorem  mlC+ 16° = 121°  mlTCA = 105°  If you forget the Exterior Angle Theorem, you can do this problem just like Example 7."
R0978,C0028,C0196,Similarity,0.3087,64,97aba1a19f4f4d4a8048a2862979efe8,"Solution: Using the Exterior Angle Theorem  mlC+ 16° = 121°  mlTCA = 105°  If you forget the Exterior Angle Theorem, you can do this problem just like Example 7."
R0979,C0028,C0287,Similarity,0.4647,64,97aba1a19f4f4d4a8048a2862979efe8,"Solution: Using the Exterior Angle Theorem  mlC+ 16° = 121°  mlTCA = 105°  If you forget the Exterior Angle Theorem, you can do this problem just like Example 7."
R0980,C0028,C0313,Similarity,0.4761,64,97aba1a19f4f4d4a8048a2862979efe8,"Solution: Using the Exterior Angle Theorem  mlC+ 16° = 121°  mlTCA = 105°  If you forget the Exterior Angle Theorem, you can do this problem just like Example 7."
R0981,C0028,C0443,Similarity,0.4903,64,97aba1a19f4f4d4a8048a2862979efe8,"Solution: Using the Exterior Angle Theorem  mlC+ 16° = 121°  mlTCA = 105°  If you forget the Exterior Angle Theorem, you can do this problem just like Example 7."
R0982,C0045,C0028,Similarity,1.0,64,97aba1a19f4f4d4a8048a2862979efe8,"Solution: Using the Exterior Angle Theorem  mlC+ 16° = 121°  mlTCA = 105°  If you forget the Exterior Angle Theorem, you can do this problem just like Example 7."
R0983,C0045,C0196,Similarity,0.3087,64,97aba1a19f4f4d4a8048a2862979efe8,"Solution: Using the Exterior Angle Theorem  mlC+ 16° = 121°  mlTCA = 105°  If you forget the Exterior Angle Theorem, you can do this problem just like Example 7."
R0984,C0045,C0287,Similarity,0.3847,64,97aba1a19f4f4d4a8048a2862979efe8,"Solution: Using the Exterior Angle Theorem  mlC+ 16° = 121°  mlTCA = 105°  If you forget the Exterior Angle Theorem, you can do this problem just like Example 7."
R0985,C0045,C0443,Similarity,0.4903,64,97aba1a19f4f4d4a8048a2862979efe8,"Solution: Using the Exterior Angle Theorem  mlC+ 16° = 121°  mlTCA = 105°  If you forget the Exterior Angle Theorem, you can do this problem just like Example 7."
R0986,C0196,C0028,Similarity,0.3087,64,97aba1a19f4f4d4a8048a2862979efe8,"Solution: Using the Exterior Angle Theorem  mlC+ 16° = 121°  mlTCA = 105°  If you forget the Exterior Angle Theorem, you can do this problem just like Example 7."
R0987,C0196,C0045,Similarity,0.3087,64,97aba1a19f4f4d4a8048a2862979efe8,"Solution: Using the Exterior Angle Theorem  mlC+ 16° = 121°  mlTCA = 105°  If you forget the Exterior Angle Theorem, you can do this problem just like Example 7."
R0988,C0196,C0287,Similarity,0.2336,64,97aba1a19f4f4d4a8048a2862979efe8,"Solution: Using the Exterior Angle Theorem  mlC+ 16° = 121°  mlTCA = 105°  If you forget the Exterior Angle Theorem, you can do this problem just like Example 7."
R0989,C0196,C0313,Similarity,0.2439,64,97aba1a19f4f4d4a8048a2862979efe8,"Solution: Using the Exterior Angle Theorem  mlC+ 16° = 121°  mlTCA = 105°  If you forget the Exterior Angle Theorem, you can do this problem just like Example 7."
R0990,C0196,C0443,Similarity,0.2447,64,97aba1a19f4f4d4a8048a2862979efe8,"Solution: Using the Exterior Angle Theorem  mlC+ 16° = 121°  mlTCA = 105°  If you forget the Exterior Angle Theorem, you can do this problem just like Example 7."
R0991,C0287,C0028,Similarity,0.4647,64,97aba1a19f4f4d4a8048a2862979efe8,"Solution: Using the Exterior Angle Theorem  mlC+ 16° = 121°  mlTCA = 105°  If you forget the Exterior Angle Theorem, you can do this problem just like Example 7."
R0992,C0287,C0045,Similarity,0.3847,64,97aba1a19f4f4d4a8048a2862979efe8,"Solution: Using the Exterior Angle Theorem  mlC+ 16° = 121°  mlTCA = 105°  If you forget the Exterior Angle Theorem, you can do this problem just like Example 7."
R0993,C0287,C0196,Similarity,0.2336,64,97aba1a19f4f4d4a8048a2862979efe8,"Solution: Using the Exterior Angle Theorem  mlC+ 16° = 121°  mlTCA = 105°  If you forget the Exterior Angle Theorem, you can do this problem just like Example 7."
R0994,C0287,C0313,Similarity,0.3667,64,97aba1a19f4f4d4a8048a2862979efe8,"Solution: Using the Exterior Angle Theorem  mlC+ 16° = 121°  mlTCA = 105°  If you forget the Exterior Angle Theorem, you can do this problem just like Example 7."
R0995,C0287,C0443,Similarity,0.3488,64,97aba1a19f4f4d4a8048a2862979efe8,"Solution: Using the Exterior Angle Theorem  mlC+ 16° = 121°  mlTCA = 105°  If you forget the Exterior Angle Theorem, you can do this problem just like Example 7."
R0996,C0313,C0028,Similarity,0.4761,64,97aba1a19f4f4d4a8048a2862979efe8,"Solution: Using the Exterior Angle Theorem  mlC+ 16° = 121°  mlTCA = 105°  If you forget the Exterior Angle Theorem, you can do this problem just like Example 7."
R0997,C0313,C0196,Similarity,0.2439,64,97aba1a19f4f4d4a8048a2862979efe8,"Solution: Using the Exterior Angle Theorem  mlC+ 16° = 121°  mlTCA = 105°  If you forget the Exterior Angle Theorem, you can do this problem just like Example 7."
R0998,C0313,C0287,Similarity,0.3667,64,97aba1a19f4f4d4a8048a2862979efe8,"Solution: Using the Exterior Angle Theorem  mlC+ 16° = 121°  mlTCA = 105°  If you forget the Exterior Angle Theorem, you can do this problem just like Example 7."
R0999,C0313,C0443,Similarity,0.3841,64,97aba1a19f4f4d4a8048a2862979efe8,"Solution: Using the Exterior Angle Theorem  mlC+ 16° = 121°  mlTCA = 105°  If you forget the Exterior Angle Theorem, you can do this problem just like Example 7."
R1000,C0443,C0028,Similarity,0.4903,64,97aba1a19f4f4d4a8048a2862979efe8,"Solution: Using the Exterior Angle Theorem  mlC+ 16° = 121°  mlTCA = 105°  If you forget the Exterior Angle Theorem, you can do this problem just like Example 7."
R1001,C0443,C0045,Similarity,0.4903,64,97aba1a19f4f4d4a8048a2862979efe8,"Solution: Using the Exterior Angle Theorem  mlC+ 16° = 121°  mlTCA = 105°  If you forget the Exterior Angle Theorem, you can do this problem just like Example 7."
R1002,C0443,C0196,Similarity,0.2447,64,97aba1a19f4f4d4a8048a2862979efe8,"Solution: Using the Exterior Angle Theorem  mlC+ 16° = 121°  mlTCA = 105°  If you forget the Exterior Angle Theorem, you can do this problem just like Example 7."
R1003,C0443,C0287,Similarity,0.3488,64,97aba1a19f4f4d4a8048a2862979efe8,"Solution: Using the Exterior Angle Theorem  mlC+ 16° = 121°  mlTCA = 105°  If you forget the Exterior Angle Theorem, you can do this problem just like Example 7."
R1004,C0443,C0313,Similarity,0.3841,64,97aba1a19f4f4d4a8048a2862979efe8,"Solution: Using the Exterior Angle Theorem  mlC+ 16° = 121°  mlTCA = 105°  If you forget the Exterior Angle Theorem, you can do this problem just like Example 7."
R1005,C0015,C0017,Application,0.5607,66,05ccb5a713024b36859891908963825b,Learning Objectives  • Define congruent triangles and use congruence statements.
R1006,C0017,C0028,Similarity,0.4328,67,9e5a1ebce4714f189d1e35bd3b64a89d,"Third Angle Theorem: If two angles in one triangle are congruent to two angles in another triangle,  then the third pair of angles must also congruent."
R1007,C0017,C0045,Similarity,0.4328,67,9e5a1ebce4714f189d1e35bd3b64a89d,"Third Angle Theorem: If two angles in one triangle are congruent to two angles in another triangle,  then the third pair of angles must also congruent."
R1008,C0017,C0202,Similarity,0.3887,67,9e5a1ebce4714f189d1e35bd3b64a89d,"Third Angle Theorem: If two angles in one triangle are congruent to two angles in another triangle,  then the third pair of angles must also congruent."
R1009,C0017,C0374,Similarity,0.36,67,9e5a1ebce4714f189d1e35bd3b64a89d,"Third Angle Theorem: If two angles in one triangle are congruent to two angles in another triangle,  then the third pair of angles must also congruent."
R1010,C0017,C0443,Similarity,0.3562,67,9e5a1ebce4714f189d1e35bd3b64a89d,"Third Angle Theorem: If two angles in one triangle are congruent to two angles in another triangle,  then the third pair of angles must also congruent."
R1011,C0028,C0017,Similarity,0.4328,67,9e5a1ebce4714f189d1e35bd3b64a89d,"Third Angle Theorem: If two angles in one triangle are congruent to two angles in another triangle,  then the third pair of angles must also congruent."
R1012,C0028,C0202,Similarity,0.4004,67,9e5a1ebce4714f189d1e35bd3b64a89d,"Third Angle Theorem: If two angles in one triangle are congruent to two angles in another triangle,  then the third pair of angles must also congruent."
R1013,C0028,C0374,Similarity,0.5118,67,9e5a1ebce4714f189d1e35bd3b64a89d,"Third Angle Theorem: If two angles in one triangle are congruent to two angles in another triangle,  then the third pair of angles must also congruent."
R1014,C0045,C0017,Similarity,0.4328,67,9e5a1ebce4714f189d1e35bd3b64a89d,"Third Angle Theorem: If two angles in one triangle are congruent to two angles in another triangle,  then the third pair of angles must also congruent."
R1015,C0045,C0202,Similarity,0.4004,67,9e5a1ebce4714f189d1e35bd3b64a89d,"Third Angle Theorem: If two angles in one triangle are congruent to two angles in another triangle,  then the third pair of angles must also congruent."
R1016,C0045,C0374,Similarity,0.5118,67,9e5a1ebce4714f189d1e35bd3b64a89d,"Third Angle Theorem: If two angles in one triangle are congruent to two angles in another triangle,  then the third pair of angles must also congruent."
R1017,C0202,C0017,Similarity,0.3887,67,9e5a1ebce4714f189d1e35bd3b64a89d,"Third Angle Theorem: If two angles in one triangle are congruent to two angles in another triangle,  then the third pair of angles must also congruent."
R1018,C0202,C0028,Similarity,0.4004,67,9e5a1ebce4714f189d1e35bd3b64a89d,"Third Angle Theorem: If two angles in one triangle are congruent to two angles in another triangle,  then the third pair of angles must also congruent."
R1019,C0202,C0045,Similarity,0.4004,67,9e5a1ebce4714f189d1e35bd3b64a89d,"Third Angle Theorem: If two angles in one triangle are congruent to two angles in another triangle,  then the third pair of angles must also congruent."
R1020,C0202,C0374,Similarity,0.2287,67,9e5a1ebce4714f189d1e35bd3b64a89d,"Third Angle Theorem: If two angles in one triangle are congruent to two angles in another triangle,  then the third pair of angles must also congruent."
R1021,C0202,C0443,Similarity,0.2417,67,9e5a1ebce4714f189d1e35bd3b64a89d,"Third Angle Theorem: If two angles in one triangle are congruent to two angles in another triangle,  then the third pair of angles must also congruent."
R1022,C0374,C0017,Similarity,0.36,67,9e5a1ebce4714f189d1e35bd3b64a89d,"Third Angle Theorem: If two angles in one triangle are congruent to two angles in another triangle,  then the third pair of angles must also congruent."
R1023,C0374,C0028,Similarity,0.5118,67,9e5a1ebce4714f189d1e35bd3b64a89d,"Third Angle Theorem: If two angles in one triangle are congruent to two angles in another triangle,  then the third pair of angles must also congruent."
R1024,C0374,C0045,Similarity,0.5118,67,9e5a1ebce4714f189d1e35bd3b64a89d,"Third Angle Theorem: If two angles in one triangle are congruent to two angles in another triangle,  then the third pair of angles must also congruent."
R1025,C0374,C0202,Similarity,0.2287,67,9e5a1ebce4714f189d1e35bd3b64a89d,"Third Angle Theorem: If two angles in one triangle are congruent to two angles in another triangle,  then the third pair of angles must also congruent."
R1026,C0374,C0443,Similarity,0.5412,67,9e5a1ebce4714f189d1e35bd3b64a89d,"Third Angle Theorem: If two angles in one triangle are congruent to two angles in another triangle,  then the third pair of angles must also congruent."
R1027,C0443,C0017,Similarity,0.3562,67,9e5a1ebce4714f189d1e35bd3b64a89d,"Third Angle Theorem: If two angles in one triangle are congruent to two angles in another triangle,  then the third pair of angles must also congruent."
R1028,C0443,C0202,Similarity,0.2417,67,9e5a1ebce4714f189d1e35bd3b64a89d,"Third Angle Theorem: If two angles in one triangle are congruent to two angles in another triangle,  then the third pair of angles must also congruent."
R1029,C0443,C0374,Similarity,0.5412,67,9e5a1ebce4714f189d1e35bd3b64a89d,"Third Angle Theorem: If two angles in one triangle are congruent to two angles in another triangle,  then the third pair of angles must also congruent."
R1030,C0059,C0357,Application,0.4056,69,f1fc4f7e21874c7cba2b1a4bc5dfde52,"Use the distance formula, -y0*2 ~~ x i) 2 + ( v 2 _ yi) 2 to find the distance between the two points."
R1031,C0357,C0059,Application,0.4056,69,f1fc4f7e21874c7cba2b1a4bc5dfde52,"Use the distance formula, -y0*2 ~~ x i) 2 + ( v 2 _ yi) 2 to find the distance between the two points."
R1032,C0061,C0072,Similarity,0.26,69,bb85b7eeaf8a487bb8f2d16f3893fca7,"Then, like Step 3, place the pointer of the compass  on the right endpoint of the side drawn in Step 1."
R1033,C0072,C0061,Similarity,0.26,69,bb85b7eeaf8a487bb8f2d16f3893fca7,"Then, like Step 3, place the pointer of the compass  on the right endpoint of the side drawn in Step 1."
R1034,C0015,C0017,Similarity,0.5607,69,bb85b7eeaf8a487bb8f2d16f3893fca7,"Side-Side-Side (SSS) Triangle Congruence Postulate: If 3 sides in one triangle are congruent to 3  sides in another triangle, then the triangles are congruent."
R1035,C0015,C0046,Similarity,1.0,69,bb85b7eeaf8a487bb8f2d16f3893fca7,"Side-Side-Side (SSS) Triangle Congruence Postulate: If 3 sides in one triangle are congruent to 3  sides in another triangle, then the triangles are congruent."
R1036,C0015,C0072,Similarity,0.415,69,bb85b7eeaf8a487bb8f2d16f3893fca7,"Side-Side-Side (SSS) Triangle Congruence Postulate: If 3 sides in one triangle are congruent to 3  sides in another triangle, then the triangles are congruent."
R1037,C0015,C0202,Similarity,0.4312,69,bb85b7eeaf8a487bb8f2d16f3893fca7,"Side-Side-Side (SSS) Triangle Congruence Postulate: If 3 sides in one triangle are congruent to 3  sides in another triangle, then the triangles are congruent."
R1038,C0015,C0409,Similarity,0.504,69,bb85b7eeaf8a487bb8f2d16f3893fca7,"Side-Side-Side (SSS) Triangle Congruence Postulate: If 3 sides in one triangle are congruent to 3  sides in another triangle, then the triangles are congruent."
R1039,C0015,C0410,Similarity,0.3943,69,bb85b7eeaf8a487bb8f2d16f3893fca7,"Side-Side-Side (SSS) Triangle Congruence Postulate: If 3 sides in one triangle are congruent to 3  sides in another triangle, then the triangles are congruent."
R1040,C0015,C0413,Similarity,0.92,69,bb85b7eeaf8a487bb8f2d16f3893fca7,"Side-Side-Side (SSS) Triangle Congruence Postulate: If 3 sides in one triangle are congruent to 3  sides in another triangle, then the triangles are congruent."
R1041,C0015,C0433,Similarity,0.8345,69,bb85b7eeaf8a487bb8f2d16f3893fca7,"Side-Side-Side (SSS) Triangle Congruence Postulate: If 3 sides in one triangle are congruent to 3  sides in another triangle, then the triangles are congruent."
R1042,C0017,C0015,Similarity,0.5607,69,bb85b7eeaf8a487bb8f2d16f3893fca7,"Side-Side-Side (SSS) Triangle Congruence Postulate: If 3 sides in one triangle are congruent to 3  sides in another triangle, then the triangles are congruent."
R1043,C0017,C0046,Similarity,0.5607,69,bb85b7eeaf8a487bb8f2d16f3893fca7,"Side-Side-Side (SSS) Triangle Congruence Postulate: If 3 sides in one triangle are congruent to 3  sides in another triangle, then the triangles are congruent."
R1044,C0017,C0072,Similarity,0.4183,69,bb85b7eeaf8a487bb8f2d16f3893fca7,"Side-Side-Side (SSS) Triangle Congruence Postulate: If 3 sides in one triangle are congruent to 3  sides in another triangle, then the triangles are congruent."
R1045,C0017,C0409,Similarity,0.3453,69,bb85b7eeaf8a487bb8f2d16f3893fca7,"Side-Side-Side (SSS) Triangle Congruence Postulate: If 3 sides in one triangle are congruent to 3  sides in another triangle, then the triangles are congruent."
R1046,C0017,C0410,Similarity,0.4362,69,bb85b7eeaf8a487bb8f2d16f3893fca7,"Side-Side-Side (SSS) Triangle Congruence Postulate: If 3 sides in one triangle are congruent to 3  sides in another triangle, then the triangles are congruent."
R1047,C0017,C0413,Similarity,0.4807,69,bb85b7eeaf8a487bb8f2d16f3893fca7,"Side-Side-Side (SSS) Triangle Congruence Postulate: If 3 sides in one triangle are congruent to 3  sides in another triangle, then the triangles are congruent."
R1048,C0017,C0433,Similarity,0.555,69,bb85b7eeaf8a487bb8f2d16f3893fca7,"Side-Side-Side (SSS) Triangle Congruence Postulate: If 3 sides in one triangle are congruent to 3  sides in another triangle, then the triangles are congruent."
R1049,C0046,C0015,Similarity,1.0,69,bb85b7eeaf8a487bb8f2d16f3893fca7,"Side-Side-Side (SSS) Triangle Congruence Postulate: If 3 sides in one triangle are congruent to 3  sides in another triangle, then the triangles are congruent."
R1050,C0046,C0017,Similarity,0.5607,69,bb85b7eeaf8a487bb8f2d16f3893fca7,"Side-Side-Side (SSS) Triangle Congruence Postulate: If 3 sides in one triangle are congruent to 3  sides in another triangle, then the triangles are congruent."
R1051,C0046,C0072,Similarity,0.415,69,bb85b7eeaf8a487bb8f2d16f3893fca7,"Side-Side-Side (SSS) Triangle Congruence Postulate: If 3 sides in one triangle are congruent to 3  sides in another triangle, then the triangles are congruent."
R1052,C0046,C0202,Similarity,0.4312,69,bb85b7eeaf8a487bb8f2d16f3893fca7,"Side-Side-Side (SSS) Triangle Congruence Postulate: If 3 sides in one triangle are congruent to 3  sides in another triangle, then the triangles are congruent."
R1053,C0046,C0409,Similarity,0.504,69,bb85b7eeaf8a487bb8f2d16f3893fca7,"Side-Side-Side (SSS) Triangle Congruence Postulate: If 3 sides in one triangle are congruent to 3  sides in another triangle, then the triangles are congruent."
R1054,C0046,C0410,Similarity,0.3943,69,bb85b7eeaf8a487bb8f2d16f3893fca7,"Side-Side-Side (SSS) Triangle Congruence Postulate: If 3 sides in one triangle are congruent to 3  sides in another triangle, then the triangles are congruent."
R1055,C0046,C0413,Similarity,0.92,69,bb85b7eeaf8a487bb8f2d16f3893fca7,"Side-Side-Side (SSS) Triangle Congruence Postulate: If 3 sides in one triangle are congruent to 3  sides in another triangle, then the triangles are congruent."
R1056,C0046,C0433,Similarity,0.8345,69,bb85b7eeaf8a487bb8f2d16f3893fca7,"Side-Side-Side (SSS) Triangle Congruence Postulate: If 3 sides in one triangle are congruent to 3  sides in another triangle, then the triangles are congruent."
R1057,C0072,C0015,Similarity,0.415,69,bb85b7eeaf8a487bb8f2d16f3893fca7,"Side-Side-Side (SSS) Triangle Congruence Postulate: If 3 sides in one triangle are congruent to 3  sides in another triangle, then the triangles are congruent."
R1058,C0072,C0017,Similarity,0.4183,69,bb85b7eeaf8a487bb8f2d16f3893fca7,"Side-Side-Side (SSS) Triangle Congruence Postulate: If 3 sides in one triangle are congruent to 3  sides in another triangle, then the triangles are congruent."
R1059,C0072,C0046,Similarity,0.415,69,bb85b7eeaf8a487bb8f2d16f3893fca7,"Side-Side-Side (SSS) Triangle Congruence Postulate: If 3 sides in one triangle are congruent to 3  sides in another triangle, then the triangles are congruent."
R1060,C0072,C0202,Similarity,0.42,69,bb85b7eeaf8a487bb8f2d16f3893fca7,"Side-Side-Side (SSS) Triangle Congruence Postulate: If 3 sides in one triangle are congruent to 3  sides in another triangle, then the triangles are congruent."
R1061,C0072,C0409,Similarity,0.3176,69,bb85b7eeaf8a487bb8f2d16f3893fca7,"Side-Side-Side (SSS) Triangle Congruence Postulate: If 3 sides in one triangle are congruent to 3  sides in another triangle, then the triangles are congruent."
R1062,C0072,C0410,Similarity,0.3943,69,bb85b7eeaf8a487bb8f2d16f3893fca7,"Side-Side-Side (SSS) Triangle Congruence Postulate: If 3 sides in one triangle are congruent to 3  sides in another triangle, then the triangles are congruent."
R1063,C0072,C0413,Similarity,0.335,69,bb85b7eeaf8a487bb8f2d16f3893fca7,"Side-Side-Side (SSS) Triangle Congruence Postulate: If 3 sides in one triangle are congruent to 3  sides in another triangle, then the triangles are congruent."
R1064,C0072,C0433,Similarity,0.4202,69,bb85b7eeaf8a487bb8f2d16f3893fca7,"Side-Side-Side (SSS) Triangle Congruence Postulate: If 3 sides in one triangle are congruent to 3  sides in another triangle, then the triangles are congruent."
R1065,C0202,C0015,Similarity,0.4312,69,bb85b7eeaf8a487bb8f2d16f3893fca7,"Side-Side-Side (SSS) Triangle Congruence Postulate: If 3 sides in one triangle are congruent to 3  sides in another triangle, then the triangles are congruent."
R1066,C0202,C0046,Similarity,0.4312,69,bb85b7eeaf8a487bb8f2d16f3893fca7,"Side-Side-Side (SSS) Triangle Congruence Postulate: If 3 sides in one triangle are congruent to 3  sides in another triangle, then the triangles are congruent."
R1067,C0202,C0072,Similarity,0.42,69,bb85b7eeaf8a487bb8f2d16f3893fca7,"Side-Side-Side (SSS) Triangle Congruence Postulate: If 3 sides in one triangle are congruent to 3  sides in another triangle, then the triangles are congruent."
R1068,C0202,C0409,Similarity,0.358,69,bb85b7eeaf8a487bb8f2d16f3893fca7,"Side-Side-Side (SSS) Triangle Congruence Postulate: If 3 sides in one triangle are congruent to 3  sides in another triangle, then the triangles are congruent."
R1069,C0202,C0410,Similarity,0.2417,69,bb85b7eeaf8a487bb8f2d16f3893fca7,"Side-Side-Side (SSS) Triangle Congruence Postulate: If 3 sides in one triangle are congruent to 3  sides in another triangle, then the triangles are congruent."
R1070,C0202,C0413,Similarity,0.3512,69,bb85b7eeaf8a487bb8f2d16f3893fca7,"Side-Side-Side (SSS) Triangle Congruence Postulate: If 3 sides in one triangle are congruent to 3  sides in another triangle, then the triangles are congruent."
R1071,C0202,C0433,Similarity,0.4362,69,bb85b7eeaf8a487bb8f2d16f3893fca7,"Side-Side-Side (SSS) Triangle Congruence Postulate: If 3 sides in one triangle are congruent to 3  sides in another triangle, then the triangles are congruent."
R1072,C0409,C0015,Similarity,0.504,69,bb85b7eeaf8a487bb8f2d16f3893fca7,"Side-Side-Side (SSS) Triangle Congruence Postulate: If 3 sides in one triangle are congruent to 3  sides in another triangle, then the triangles are congruent."
R1073,C0409,C0017,Similarity,0.3453,69,bb85b7eeaf8a487bb8f2d16f3893fca7,"Side-Side-Side (SSS) Triangle Congruence Postulate: If 3 sides in one triangle are congruent to 3  sides in another triangle, then the triangles are congruent."
R1074,C0409,C0046,Similarity,0.504,69,bb85b7eeaf8a487bb8f2d16f3893fca7,"Side-Side-Side (SSS) Triangle Congruence Postulate: If 3 sides in one triangle are congruent to 3  sides in another triangle, then the triangles are congruent."
R1075,C0409,C0072,Similarity,0.3176,69,bb85b7eeaf8a487bb8f2d16f3893fca7,"Side-Side-Side (SSS) Triangle Congruence Postulate: If 3 sides in one triangle are congruent to 3  sides in another triangle, then the triangles are congruent."
R1076,C0409,C0202,Similarity,0.358,69,bb85b7eeaf8a487bb8f2d16f3893fca7,"Side-Side-Side (SSS) Triangle Congruence Postulate: If 3 sides in one triangle are congruent to 3  sides in another triangle, then the triangles are congruent."
R1077,C0409,C0410,Similarity,0.3673,69,bb85b7eeaf8a487bb8f2d16f3893fca7,"Side-Side-Side (SSS) Triangle Congruence Postulate: If 3 sides in one triangle are congruent to 3  sides in another triangle, then the triangles are congruent."
R1078,C0409,C0413,Similarity,0.504,69,bb85b7eeaf8a487bb8f2d16f3893fca7,"Side-Side-Side (SSS) Triangle Congruence Postulate: If 3 sides in one triangle are congruent to 3  sides in another triangle, then the triangles are congruent."
R1079,C0409,C0433,Similarity,0.5156,69,bb85b7eeaf8a487bb8f2d16f3893fca7,"Side-Side-Side (SSS) Triangle Congruence Postulate: If 3 sides in one triangle are congruent to 3  sides in another triangle, then the triangles are congruent."
R1080,C0410,C0015,Similarity,0.3943,69,bb85b7eeaf8a487bb8f2d16f3893fca7,"Side-Side-Side (SSS) Triangle Congruence Postulate: If 3 sides in one triangle are congruent to 3  sides in another triangle, then the triangles are congruent."
R1081,C0410,C0017,Similarity,0.4362,69,bb85b7eeaf8a487bb8f2d16f3893fca7,"Side-Side-Side (SSS) Triangle Congruence Postulate: If 3 sides in one triangle are congruent to 3  sides in another triangle, then the triangles are congruent."
R1082,C0410,C0046,Similarity,0.3943,69,bb85b7eeaf8a487bb8f2d16f3893fca7,"Side-Side-Side (SSS) Triangle Congruence Postulate: If 3 sides in one triangle are congruent to 3  sides in another triangle, then the triangles are congruent."
R1083,C0410,C0072,Similarity,0.3943,69,bb85b7eeaf8a487bb8f2d16f3893fca7,"Side-Side-Side (SSS) Triangle Congruence Postulate: If 3 sides in one triangle are congruent to 3  sides in another triangle, then the triangles are congruent."
R1084,C0410,C0202,Similarity,0.2417,69,bb85b7eeaf8a487bb8f2d16f3893fca7,"Side-Side-Side (SSS) Triangle Congruence Postulate: If 3 sides in one triangle are congruent to 3  sides in another triangle, then the triangles are congruent."
R1085,C0410,C0409,Similarity,0.3673,69,bb85b7eeaf8a487bb8f2d16f3893fca7,"Side-Side-Side (SSS) Triangle Congruence Postulate: If 3 sides in one triangle are congruent to 3  sides in another triangle, then the triangles are congruent."
R1086,C0410,C0413,Similarity,0.3943,69,bb85b7eeaf8a487bb8f2d16f3893fca7,"Side-Side-Side (SSS) Triangle Congruence Postulate: If 3 sides in one triangle are congruent to 3  sides in another triangle, then the triangles are congruent."
R1087,C0410,C0433,Similarity,0.4012,69,bb85b7eeaf8a487bb8f2d16f3893fca7,"Side-Side-Side (SSS) Triangle Congruence Postulate: If 3 sides in one triangle are congruent to 3  sides in another triangle, then the triangles are congruent."
R1088,C0413,C0015,Similarity,0.92,69,bb85b7eeaf8a487bb8f2d16f3893fca7,"Side-Side-Side (SSS) Triangle Congruence Postulate: If 3 sides in one triangle are congruent to 3  sides in another triangle, then the triangles are congruent."
R1089,C0413,C0017,Similarity,0.4807,69,bb85b7eeaf8a487bb8f2d16f3893fca7,"Side-Side-Side (SSS) Triangle Congruence Postulate: If 3 sides in one triangle are congruent to 3  sides in another triangle, then the triangles are congruent."
R1090,C0413,C0046,Similarity,0.92,69,bb85b7eeaf8a487bb8f2d16f3893fca7,"Side-Side-Side (SSS) Triangle Congruence Postulate: If 3 sides in one triangle are congruent to 3  sides in another triangle, then the triangles are congruent."
R1091,C0413,C0072,Similarity,0.335,69,bb85b7eeaf8a487bb8f2d16f3893fca7,"Side-Side-Side (SSS) Triangle Congruence Postulate: If 3 sides in one triangle are congruent to 3  sides in another triangle, then the triangles are congruent."
R1092,C0413,C0202,Similarity,0.3512,69,bb85b7eeaf8a487bb8f2d16f3893fca7,"Side-Side-Side (SSS) Triangle Congruence Postulate: If 3 sides in one triangle are congruent to 3  sides in another triangle, then the triangles are congruent."
R1093,C0413,C0409,Similarity,0.504,69,bb85b7eeaf8a487bb8f2d16f3893fca7,"Side-Side-Side (SSS) Triangle Congruence Postulate: If 3 sides in one triangle are congruent to 3  sides in another triangle, then the triangles are congruent."
R1094,C0413,C0410,Similarity,0.3943,69,bb85b7eeaf8a487bb8f2d16f3893fca7,"Side-Side-Side (SSS) Triangle Congruence Postulate: If 3 sides in one triangle are congruent to 3  sides in another triangle, then the triangles are congruent."
R1095,C0413,C0433,Similarity,0.7545,69,bb85b7eeaf8a487bb8f2d16f3893fca7,"Side-Side-Side (SSS) Triangle Congruence Postulate: If 3 sides in one triangle are congruent to 3  sides in another triangle, then the triangles are congruent."
R1096,C0433,C0015,Similarity,0.8345,69,bb85b7eeaf8a487bb8f2d16f3893fca7,"Side-Side-Side (SSS) Triangle Congruence Postulate: If 3 sides in one triangle are congruent to 3  sides in another triangle, then the triangles are congruent."
R1097,C0433,C0017,Similarity,0.555,69,bb85b7eeaf8a487bb8f2d16f3893fca7,"Side-Side-Side (SSS) Triangle Congruence Postulate: If 3 sides in one triangle are congruent to 3  sides in another triangle, then the triangles are congruent."
R1098,C0433,C0046,Similarity,0.8345,69,bb85b7eeaf8a487bb8f2d16f3893fca7,"Side-Side-Side (SSS) Triangle Congruence Postulate: If 3 sides in one triangle are congruent to 3  sides in another triangle, then the triangles are congruent."
R1099,C0433,C0072,Similarity,0.4202,69,bb85b7eeaf8a487bb8f2d16f3893fca7,"Side-Side-Side (SSS) Triangle Congruence Postulate: If 3 sides in one triangle are congruent to 3  sides in another triangle, then the triangles are congruent."
R1100,C0433,C0202,Similarity,0.4362,69,bb85b7eeaf8a487bb8f2d16f3893fca7,"Side-Side-Side (SSS) Triangle Congruence Postulate: If 3 sides in one triangle are congruent to 3  sides in another triangle, then the triangles are congruent."
R1101,C0433,C0409,Similarity,0.5156,69,bb85b7eeaf8a487bb8f2d16f3893fca7,"Side-Side-Side (SSS) Triangle Congruence Postulate: If 3 sides in one triangle are congruent to 3  sides in another triangle, then the triangles are congruent."
R1102,C0433,C0410,Similarity,0.4012,69,bb85b7eeaf8a487bb8f2d16f3893fca7,"Side-Side-Side (SSS) Triangle Congruence Postulate: If 3 sides in one triangle are congruent to 3  sides in another triangle, then the triangles are congruent."
R1103,C0433,C0413,Similarity,0.7545,69,bb85b7eeaf8a487bb8f2d16f3893fca7,"Side-Side-Side (SSS) Triangle Congruence Postulate: If 3 sides in one triangle are congruent to 3  sides in another triangle, then the triangles are congruent."
R1104,C0017,C0196,Similarity,0.4065,69,bb85b7eeaf8a487bb8f2d16f3893fca7,"Before, you had to show 3 sides and 3 angles in one triangle were  congruent to 3 sides and 3 angles in another triangle."
R1105,C0196,C0017,Similarity,0.4065,69,bb85b7eeaf8a487bb8f2d16f3893fca7,"Before, you had to show 3 sides and 3 angles in one triangle were  congruent to 3 sides and 3 angles in another triangle."
R1106,C0196,C0202,Similarity,0.3689,69,bb85b7eeaf8a487bb8f2d16f3893fca7,"Before, you had to show 3 sides and 3 angles in one triangle were  congruent to 3 sides and 3 angles in another triangle."
R1107,C0202,C0196,Similarity,0.3689,69,bb85b7eeaf8a487bb8f2d16f3893fca7,"Before, you had to show 3 sides and 3 angles in one triangle were  congruent to 3 sides and 3 angles in another triangle."
R1108,C0015,C0028,Similarity,0.4903,70,cf35341bfcec44f4997c2ed86106c7a2,"187  www.ckl2.org  Side- Angle-Side (SAS) Triangle Congruence Postulate: If two sides and the included angle in one  triangle are congruent to two sides and the included angle in another triangle, then the two triangles are  congruent."
R1109,C0015,C0406,Similarity,0.84,70,cf35341bfcec44f4997c2ed86106c7a2,"187  www.ckl2.org  Side- Angle-Side (SAS) Triangle Congruence Postulate: If two sides and the included angle in one  triangle are congruent to two sides and the included angle in another triangle, then the two triangles are  congruent."
R1110,C0015,C0417,Similarity,0.4067,70,cf35341bfcec44f4997c2ed86106c7a2,"187  www.ckl2.org  Side- Angle-Side (SAS) Triangle Congruence Postulate: If two sides and the included angle in one  triangle are congruent to two sides and the included angle in another triangle, then the two triangles are  congruent."
R1111,C0017,C0406,Similarity,0.4807,70,cf35341bfcec44f4997c2ed86106c7a2,"187  www.ckl2.org  Side- Angle-Side (SAS) Triangle Congruence Postulate: If two sides and the included angle in one  triangle are congruent to two sides and the included angle in another triangle, then the two triangles are  congruent."
R1112,C0017,C0417,Similarity,0.4695,70,cf35341bfcec44f4997c2ed86106c7a2,"187  www.ckl2.org  Side- Angle-Side (SAS) Triangle Congruence Postulate: If two sides and the included angle in one  triangle are congruent to two sides and the included angle in another triangle, then the two triangles are  congruent."
R1113,C0028,C0015,Similarity,0.4903,70,cf35341bfcec44f4997c2ed86106c7a2,"187  www.ckl2.org  Side- Angle-Side (SAS) Triangle Congruence Postulate: If two sides and the included angle in one  triangle are congruent to two sides and the included angle in another triangle, then the two triangles are  congruent."
R1114,C0028,C0072,Similarity,0.3929,70,cf35341bfcec44f4997c2ed86106c7a2,"187  www.ckl2.org  Side- Angle-Side (SAS) Triangle Congruence Postulate: If two sides and the included angle in one  triangle are congruent to two sides and the included angle in another triangle, then the two triangles are  congruent."
R1115,C0028,C0406,Similarity,0.4103,70,cf35341bfcec44f4997c2ed86106c7a2,"187  www.ckl2.org  Side- Angle-Side (SAS) Triangle Congruence Postulate: If two sides and the included angle in one  triangle are congruent to two sides and the included angle in another triangle, then the two triangles are  congruent."
R1116,C0028,C0409,Similarity,0.2889,70,cf35341bfcec44f4997c2ed86106c7a2,"187  www.ckl2.org  Side- Angle-Side (SAS) Triangle Congruence Postulate: If two sides and the included angle in one  triangle are congruent to two sides and the included angle in another triangle, then the two triangles are  congruent."
R1117,C0028,C0413,Similarity,0.3303,70,cf35341bfcec44f4997c2ed86106c7a2,"187  www.ckl2.org  Side- Angle-Side (SAS) Triangle Congruence Postulate: If two sides and the included angle in one  triangle are congruent to two sides and the included angle in another triangle, then the two triangles are  congruent."
R1118,C0028,C0417,Similarity,0.4571,70,cf35341bfcec44f4997c2ed86106c7a2,"187  www.ckl2.org  Side- Angle-Side (SAS) Triangle Congruence Postulate: If two sides and the included angle in one  triangle are congruent to two sides and the included angle in another triangle, then the two triangles are  congruent."
R1119,C0028,C0433,Similarity,0.4345,70,cf35341bfcec44f4997c2ed86106c7a2,"187  www.ckl2.org  Side- Angle-Side (SAS) Triangle Congruence Postulate: If two sides and the included angle in one  triangle are congruent to two sides and the included angle in another triangle, then the two triangles are  congruent."
R1120,C0046,C0406,Similarity,0.84,70,cf35341bfcec44f4997c2ed86106c7a2,"187  www.ckl2.org  Side- Angle-Side (SAS) Triangle Congruence Postulate: If two sides and the included angle in one  triangle are congruent to two sides and the included angle in another triangle, then the two triangles are  congruent."
R1121,C0046,C0417,Similarity,0.4067,70,cf35341bfcec44f4997c2ed86106c7a2,"187  www.ckl2.org  Side- Angle-Side (SAS) Triangle Congruence Postulate: If two sides and the included angle in one  triangle are congruent to two sides and the included angle in another triangle, then the two triangles are  congruent."
R1122,C0072,C0028,Similarity,0.3929,70,cf35341bfcec44f4997c2ed86106c7a2,"187  www.ckl2.org  Side- Angle-Side (SAS) Triangle Congruence Postulate: If two sides and the included angle in one  triangle are congruent to two sides and the included angle in another triangle, then the two triangles are  congruent."
R1123,C0072,C0406,Similarity,0.335,70,cf35341bfcec44f4997c2ed86106c7a2,"187  www.ckl2.org  Side- Angle-Side (SAS) Triangle Congruence Postulate: If two sides and the included angle in one  triangle are congruent to two sides and the included angle in another triangle, then the two triangles are  congruent."
R1124,C0072,C0417,Similarity,0.4097,70,cf35341bfcec44f4997c2ed86106c7a2,"187  www.ckl2.org  Side- Angle-Side (SAS) Triangle Congruence Postulate: If two sides and the included angle in one  triangle are congruent to two sides and the included angle in another triangle, then the two triangles are  congruent."
R1125,C0202,C0406,Similarity,0.3512,70,cf35341bfcec44f4997c2ed86106c7a2,"187  www.ckl2.org  Side- Angle-Side (SAS) Triangle Congruence Postulate: If two sides and the included angle in one  triangle are congruent to two sides and the included angle in another triangle, then the two triangles are  congruent."
R1126,C0202,C0417,Similarity,0.295,70,cf35341bfcec44f4997c2ed86106c7a2,"187  www.ckl2.org  Side- Angle-Side (SAS) Triangle Congruence Postulate: If two sides and the included angle in one  triangle are congruent to two sides and the included angle in another triangle, then the two triangles are  congruent."
R1127,C0406,C0015,Similarity,0.84,70,cf35341bfcec44f4997c2ed86106c7a2,"187  www.ckl2.org  Side- Angle-Side (SAS) Triangle Congruence Postulate: If two sides and the included angle in one  triangle are congruent to two sides and the included angle in another triangle, then the two triangles are  congruent."
R1128,C0406,C0017,Similarity,0.4807,70,cf35341bfcec44f4997c2ed86106c7a2,"187  www.ckl2.org  Side- Angle-Side (SAS) Triangle Congruence Postulate: If two sides and the included angle in one  triangle are congruent to two sides and the included angle in another triangle, then the two triangles are  congruent."
R1129,C0406,C0028,Similarity,0.4103,70,cf35341bfcec44f4997c2ed86106c7a2,"187  www.ckl2.org  Side- Angle-Side (SAS) Triangle Congruence Postulate: If two sides and the included angle in one  triangle are congruent to two sides and the included angle in another triangle, then the two triangles are  congruent."
R1130,C0406,C0046,Similarity,0.84,70,cf35341bfcec44f4997c2ed86106c7a2,"187  www.ckl2.org  Side- Angle-Side (SAS) Triangle Congruence Postulate: If two sides and the included angle in one  triangle are congruent to two sides and the included angle in another triangle, then the two triangles are  congruent."
R1131,C0406,C0072,Similarity,0.335,70,cf35341bfcec44f4997c2ed86106c7a2,"187  www.ckl2.org  Side- Angle-Side (SAS) Triangle Congruence Postulate: If two sides and the included angle in one  triangle are congruent to two sides and the included angle in another triangle, then the two triangles are  congruent."
R1132,C0406,C0202,Similarity,0.3512,70,cf35341bfcec44f4997c2ed86106c7a2,"187  www.ckl2.org  Side- Angle-Side (SAS) Triangle Congruence Postulate: If two sides and the included angle in one  triangle are congruent to two sides and the included angle in another triangle, then the two triangles are  congruent."
R1133,C0406,C0409,Similarity,0.424,70,cf35341bfcec44f4997c2ed86106c7a2,"187  www.ckl2.org  Side- Angle-Side (SAS) Triangle Congruence Postulate: If two sides and the included angle in one  triangle are congruent to two sides and the included angle in another triangle, then the two triangles are  congruent."
R1134,C0406,C0413,Similarity,0.84,70,cf35341bfcec44f4997c2ed86106c7a2,"187  www.ckl2.org  Side- Angle-Side (SAS) Triangle Congruence Postulate: If two sides and the included angle in one  triangle are congruent to two sides and the included angle in another triangle, then the two triangles are  congruent."
R1135,C0406,C0417,Similarity,0.4867,70,cf35341bfcec44f4997c2ed86106c7a2,"187  www.ckl2.org  Side- Angle-Side (SAS) Triangle Congruence Postulate: If two sides and the included angle in one  triangle are congruent to two sides and the included angle in another triangle, then the two triangles are  congruent."
R1136,C0406,C0433,Similarity,0.6745,70,cf35341bfcec44f4997c2ed86106c7a2,"187  www.ckl2.org  Side- Angle-Side (SAS) Triangle Congruence Postulate: If two sides and the included angle in one  triangle are congruent to two sides and the included angle in another triangle, then the two triangles are  congruent."
R1137,C0409,C0028,Similarity,0.2889,70,cf35341bfcec44f4997c2ed86106c7a2,"187  www.ckl2.org  Side- Angle-Side (SAS) Triangle Congruence Postulate: If two sides and the included angle in one  triangle are congruent to two sides and the included angle in another triangle, then the two triangles are  congruent."
R1138,C0409,C0406,Similarity,0.424,70,cf35341bfcec44f4997c2ed86106c7a2,"187  www.ckl2.org  Side- Angle-Side (SAS) Triangle Congruence Postulate: If two sides and the included angle in one  triangle are congruent to two sides and the included angle in another triangle, then the two triangles are  congruent."
R1139,C0409,C0417,Similarity,0.32,70,cf35341bfcec44f4997c2ed86106c7a2,"187  www.ckl2.org  Side- Angle-Side (SAS) Triangle Congruence Postulate: If two sides and the included angle in one  triangle are congruent to two sides and the included angle in another triangle, then the two triangles are  congruent."
R1140,C0413,C0028,Similarity,0.3303,70,cf35341bfcec44f4997c2ed86106c7a2,"187  www.ckl2.org  Side- Angle-Side (SAS) Triangle Congruence Postulate: If two sides and the included angle in one  triangle are congruent to two sides and the included angle in another triangle, then the two triangles are  congruent."
R1141,C0413,C0406,Similarity,0.84,70,cf35341bfcec44f4997c2ed86106c7a2,"187  www.ckl2.org  Side- Angle-Side (SAS) Triangle Congruence Postulate: If two sides and the included angle in one  triangle are congruent to two sides and the included angle in another triangle, then the two triangles are  congruent."
R1142,C0413,C0417,Similarity,0.4067,70,cf35341bfcec44f4997c2ed86106c7a2,"187  www.ckl2.org  Side- Angle-Side (SAS) Triangle Congruence Postulate: If two sides and the included angle in one  triangle are congruent to two sides and the included angle in another triangle, then the two triangles are  congruent."
R1143,C0417,C0015,Similarity,0.4067,70,cf35341bfcec44f4997c2ed86106c7a2,"187  www.ckl2.org  Side- Angle-Side (SAS) Triangle Congruence Postulate: If two sides and the included angle in one  triangle are congruent to two sides and the included angle in another triangle, then the two triangles are  congruent."
R1144,C0417,C0017,Similarity,0.4695,70,cf35341bfcec44f4997c2ed86106c7a2,"187  www.ckl2.org  Side- Angle-Side (SAS) Triangle Congruence Postulate: If two sides and the included angle in one  triangle are congruent to two sides and the included angle in another triangle, then the two triangles are  congruent."
R1145,C0417,C0028,Similarity,0.4571,70,cf35341bfcec44f4997c2ed86106c7a2,"187  www.ckl2.org  Side- Angle-Side (SAS) Triangle Congruence Postulate: If two sides and the included angle in one  triangle are congruent to two sides and the included angle in another triangle, then the two triangles are  congruent."
R1146,C0417,C0046,Similarity,0.4067,70,cf35341bfcec44f4997c2ed86106c7a2,"187  www.ckl2.org  Side- Angle-Side (SAS) Triangle Congruence Postulate: If two sides and the included angle in one  triangle are congruent to two sides and the included angle in another triangle, then the two triangles are  congruent."
R1147,C0417,C0072,Similarity,0.4097,70,cf35341bfcec44f4997c2ed86106c7a2,"187  www.ckl2.org  Side- Angle-Side (SAS) Triangle Congruence Postulate: If two sides and the included angle in one  triangle are congruent to two sides and the included angle in another triangle, then the two triangles are  congruent."
R1148,C0417,C0202,Similarity,0.295,70,cf35341bfcec44f4997c2ed86106c7a2,"187  www.ckl2.org  Side- Angle-Side (SAS) Triangle Congruence Postulate: If two sides and the included angle in one  triangle are congruent to two sides and the included angle in another triangle, then the two triangles are  congruent."
R1149,C0417,C0406,Similarity,0.4867,70,cf35341bfcec44f4997c2ed86106c7a2,"187  www.ckl2.org  Side- Angle-Side (SAS) Triangle Congruence Postulate: If two sides and the included angle in one  triangle are congruent to two sides and the included angle in another triangle, then the two triangles are  congruent."
R1150,C0417,C0409,Similarity,0.32,70,cf35341bfcec44f4997c2ed86106c7a2,"187  www.ckl2.org  Side- Angle-Side (SAS) Triangle Congruence Postulate: If two sides and the included angle in one  triangle are congruent to two sides and the included angle in another triangle, then the two triangles are  congruent."
R1151,C0417,C0413,Similarity,0.4067,70,cf35341bfcec44f4997c2ed86106c7a2,"187  www.ckl2.org  Side- Angle-Side (SAS) Triangle Congruence Postulate: If two sides and the included angle in one  triangle are congruent to two sides and the included angle in another triangle, then the two triangles are  congruent."
R1152,C0417,C0433,Similarity,0.3909,70,cf35341bfcec44f4997c2ed86106c7a2,"187  www.ckl2.org  Side- Angle-Side (SAS) Triangle Congruence Postulate: If two sides and the included angle in one  triangle are congruent to two sides and the included angle in another triangle, then the two triangles are  congruent."
R1153,C0433,C0028,Similarity,0.4345,70,cf35341bfcec44f4997c2ed86106c7a2,"187  www.ckl2.org  Side- Angle-Side (SAS) Triangle Congruence Postulate: If two sides and the included angle in one  triangle are congruent to two sides and the included angle in another triangle, then the two triangles are  congruent."
R1154,C0433,C0406,Similarity,0.6745,70,cf35341bfcec44f4997c2ed86106c7a2,"187  www.ckl2.org  Side- Angle-Side (SAS) Triangle Congruence Postulate: If two sides and the included angle in one  triangle are congruent to two sides and the included angle in another triangle, then the two triangles are  congruent."
R1155,C0433,C0417,Similarity,0.3909,70,cf35341bfcec44f4997c2ed86106c7a2,"187  www.ckl2.org  Side- Angle-Side (SAS) Triangle Congruence Postulate: If two sides and the included angle in one  triangle are congruent to two sides and the included angle in another triangle, then the two triangles are  congruent."
R1156,C0029,C0148,Application,0.215,71,4fc2a3e34bd745b8a65214dbfcdd0dfb,Example 5: Find the distances of all the line segments from both triangles to see if the two triangles are  congruent.
R1157,C0148,C0029,Application,0.215,71,4fc2a3e34bd745b8a65214dbfcdd0dfb,Example 5: Find the distances of all the line segments from both triangles to see if the two triangles are  congruent.
R1158,C0017,C0148,Application,0.215,72,347c0b18aa614687ab9482ff3c065849,AAfiD £ ACBD  Find the lengths of the sides of each triangle to see if the two triangles are congruent.
R1159,C0017,C0408,Application,0.2475,72,347c0b18aa614687ab9482ff3c065849,AAfiD £ ACBD  Find the lengths of the sides of each triangle to see if the two triangles are congruent.
R1160,C0148,C0017,Application,0.215,72,347c0b18aa614687ab9482ff3c065849,AAfiD £ ACBD  Find the lengths of the sides of each triangle to see if the two triangles are congruent.
R1161,C0148,C0408,Application,0.2336,72,347c0b18aa614687ab9482ff3c065849,AAfiD £ ACBD  Find the lengths of the sides of each triangle to see if the two triangles are congruent.
R1162,C0408,C0017,Application,0.2475,72,347c0b18aa614687ab9482ff3c065849,AAfiD £ ACBD  Find the lengths of the sides of each triangle to see if the two triangles are congruent.
R1163,C0408,C0148,Application,0.2336,72,347c0b18aa614687ab9482ff3c065849,AAfiD £ ACBD  Find the lengths of the sides of each triangle to see if the two triangles are congruent.
R1164,C0017,C0028,Application,0.4328,73,e6e28808977b471a8040029e485c23a2,Only one triangle  can be created from any given two angle measures and the INCLUDED side.
R1165,C0017,C0072,Application,0.4183,73,e6e28808977b471a8040029e485c23a2,Only one triangle  can be created from any given two angle measures and the INCLUDED side.
R1166,C0017,C0202,Application,0.3887,73,e6e28808977b471a8040029e485c23a2,Only one triangle  can be created from any given two angle measures and the INCLUDED side.
R1167,C0017,C0246,Application,0.3383,73,e6e28808977b471a8040029e485c23a2,Only one triangle  can be created from any given two angle measures and the INCLUDED side.
R1168,C0017,C0439,Application,0.44,73,e6e28808977b471a8040029e485c23a2,Only one triangle  can be created from any given two angle measures and the INCLUDED side.
R1169,C0028,C0017,Application,0.4328,73,e6e28808977b471a8040029e485c23a2,Only one triangle  can be created from any given two angle measures and the INCLUDED side.
R1170,C0028,C0072,Application,0.3929,73,e6e28808977b471a8040029e485c23a2,Only one triangle  can be created from any given two angle measures and the INCLUDED side.
R1171,C0028,C0202,Application,0.4004,73,e6e28808977b471a8040029e485c23a2,Only one triangle  can be created from any given two angle measures and the INCLUDED side.
R1172,C0028,C0439,Application,0.4622,73,e6e28808977b471a8040029e485c23a2,Only one triangle  can be created from any given two angle measures and the INCLUDED side.
R1173,C0072,C0017,Application,0.4183,73,e6e28808977b471a8040029e485c23a2,Only one triangle  can be created from any given two angle measures and the INCLUDED side.
R1174,C0072,C0028,Application,0.3929,73,e6e28808977b471a8040029e485c23a2,Only one triangle  can be created from any given two angle measures and the INCLUDED side.
R1175,C0072,C0202,Application,0.42,73,e6e28808977b471a8040029e485c23a2,Only one triangle  can be created from any given two angle measures and the INCLUDED side.
R1176,C0072,C0246,Application,0.34,73,e6e28808977b471a8040029e485c23a2,Only one triangle  can be created from any given two angle measures and the INCLUDED side.
R1177,C0072,C0439,Application,0.3958,73,e6e28808977b471a8040029e485c23a2,Only one triangle  can be created from any given two angle measures and the INCLUDED side.
R1178,C0202,C0017,Application,0.3887,73,e6e28808977b471a8040029e485c23a2,Only one triangle  can be created from any given two angle measures and the INCLUDED side.
R1179,C0202,C0028,Application,0.4004,73,e6e28808977b471a8040029e485c23a2,Only one triangle  can be created from any given two angle measures and the INCLUDED side.
R1180,C0202,C0072,Application,0.42,73,e6e28808977b471a8040029e485c23a2,Only one triangle  can be created from any given two angle measures and the INCLUDED side.
R1181,C0202,C0246,Application,0.32,73,e6e28808977b471a8040029e485c23a2,Only one triangle  can be created from any given two angle measures and the INCLUDED side.
R1182,C0202,C0439,Application,0.2287,73,e6e28808977b471a8040029e485c23a2,Only one triangle  can be created from any given two angle measures and the INCLUDED side.
R1183,C0246,C0017,Application,0.3383,73,e6e28808977b471a8040029e485c23a2,Only one triangle  can be created from any given two angle measures and the INCLUDED side.
R1184,C0246,C0072,Application,0.34,73,e6e28808977b471a8040029e485c23a2,Only one triangle  can be created from any given two angle measures and the INCLUDED side.
R1185,C0246,C0202,Application,0.32,73,e6e28808977b471a8040029e485c23a2,Only one triangle  can be created from any given two angle measures and the INCLUDED side.
R1186,C0246,C0439,Application,0.2583,73,e6e28808977b471a8040029e485c23a2,Only one triangle  can be created from any given two angle measures and the INCLUDED side.
R1187,C0439,C0017,Application,0.44,73,e6e28808977b471a8040029e485c23a2,Only one triangle  can be created from any given two angle measures and the INCLUDED side.
R1188,C0439,C0028,Application,0.4622,73,e6e28808977b471a8040029e485c23a2,Only one triangle  can be created from any given two angle measures and the INCLUDED side.
R1189,C0439,C0072,Application,0.3958,73,e6e28808977b471a8040029e485c23a2,Only one triangle  can be created from any given two angle measures and the INCLUDED side.
R1190,C0439,C0202,Application,0.2287,73,e6e28808977b471a8040029e485c23a2,Only one triangle  can be created from any given two angle measures and the INCLUDED side.
R1191,C0439,C0246,Application,0.2583,73,e6e28808977b471a8040029e485c23a2,Only one triangle  can be created from any given two angle measures and the INCLUDED side.
R1192,C0015,C0437,Similarity,0.4743,73,23c917c0700a4690b32ffb22c247303e,"Angle-Side-Angle (ASA) Congruence Postulate: If two angles and the included side in one triangle  are congruent to two angles and the included side in another triangle, then the two triangles are congruent."
R1193,C0015,C0439,Similarity,0.5387,73,23c917c0700a4690b32ffb22c247303e,"Angle-Side-Angle (ASA) Congruence Postulate: If two angles and the included side in one triangle  are congruent to two angles and the included side in another triangle, then the two triangles are congruent."
R1194,C0017,C0437,Similarity,0.3396,73,23c917c0700a4690b32ffb22c247303e,"Angle-Side-Angle (ASA) Congruence Postulate: If two angles and the included side in one triangle  are congruent to two angles and the included side in another triangle, then the two triangles are congruent."
R1195,C0017,C0439,Similarity,0.44,73,23c917c0700a4690b32ffb22c247303e,"Angle-Side-Angle (ASA) Congruence Postulate: If two angles and the included side in one triangle  are congruent to two angles and the included side in another triangle, then the two triangles are congruent."
R1196,C0028,C0437,Similarity,0.3947,73,23c917c0700a4690b32ffb22c247303e,"Angle-Side-Angle (ASA) Congruence Postulate: If two angles and the included side in one triangle  are congruent to two angles and the included side in another triangle, then the two triangles are congruent."
R1197,C0028,C0439,Similarity,0.4622,73,23c917c0700a4690b32ffb22c247303e,"Angle-Side-Angle (ASA) Congruence Postulate: If two angles and the included side in one triangle  are congruent to two angles and the included side in another triangle, then the two triangles are congruent."
R1198,C0046,C0437,Similarity,0.3943,73,23c917c0700a4690b32ffb22c247303e,"Angle-Side-Angle (ASA) Congruence Postulate: If two angles and the included side in one triangle  are congruent to two angles and the included side in another triangle, then the two triangles are congruent."
R1199,C0046,C0439,Similarity,0.4587,73,23c917c0700a4690b32ffb22c247303e,"Angle-Side-Angle (ASA) Congruence Postulate: If two angles and the included side in one triangle  are congruent to two angles and the included side in another triangle, then the two triangles are congruent."
R1200,C0072,C0437,Similarity,0.3143,73,23c917c0700a4690b32ffb22c247303e,"Angle-Side-Angle (ASA) Congruence Postulate: If two angles and the included side in one triangle  are congruent to two angles and the included side in another triangle, then the two triangles are congruent."
R1201,C0072,C0439,Similarity,0.3958,73,23c917c0700a4690b32ffb22c247303e,"Angle-Side-Angle (ASA) Congruence Postulate: If two angles and the included side in one triangle  are congruent to two angles and the included side in another triangle, then the two triangles are congruent."
R1202,C0202,C0437,Similarity,0.308,73,23c917c0700a4690b32ffb22c247303e,"Angle-Side-Angle (ASA) Congruence Postulate: If two angles and the included side in one triangle  are congruent to two angles and the included side in another triangle, then the two triangles are congruent."
R1203,C0202,C0439,Similarity,0.3887,73,23c917c0700a4690b32ffb22c247303e,"Angle-Side-Angle (ASA) Congruence Postulate: If two angles and the included side in one triangle  are congruent to two angles and the included side in another triangle, then the two triangles are congruent."
R1204,C0433,C0437,Similarity,0.4206,73,23c917c0700a4690b32ffb22c247303e,"Angle-Side-Angle (ASA) Congruence Postulate: If two angles and the included side in one triangle  are congruent to two angles and the included side in another triangle, then the two triangles are congruent."
R1205,C0433,C0439,Similarity,0.4276,73,23c917c0700a4690b32ffb22c247303e,"Angle-Side-Angle (ASA) Congruence Postulate: If two angles and the included side in one triangle  are congruent to two angles and the included side in another triangle, then the two triangles are congruent."
R1206,C0437,C0015,Similarity,0.4743,73,23c917c0700a4690b32ffb22c247303e,"Angle-Side-Angle (ASA) Congruence Postulate: If two angles and the included side in one triangle  are congruent to two angles and the included side in another triangle, then the two triangles are congruent."
R1207,C0437,C0017,Similarity,0.3396,73,23c917c0700a4690b32ffb22c247303e,"Angle-Side-Angle (ASA) Congruence Postulate: If two angles and the included side in one triangle  are congruent to two angles and the included side in another triangle, then the two triangles are congruent."
R1208,C0437,C0028,Similarity,0.3947,73,23c917c0700a4690b32ffb22c247303e,"Angle-Side-Angle (ASA) Congruence Postulate: If two angles and the included side in one triangle  are congruent to two angles and the included side in another triangle, then the two triangles are congruent."
R1209,C0437,C0046,Similarity,0.3943,73,23c917c0700a4690b32ffb22c247303e,"Angle-Side-Angle (ASA) Congruence Postulate: If two angles and the included side in one triangle  are congruent to two angles and the included side in another triangle, then the two triangles are congruent."
R1210,C0437,C0072,Similarity,0.3143,73,23c917c0700a4690b32ffb22c247303e,"Angle-Side-Angle (ASA) Congruence Postulate: If two angles and the included side in one triangle  are congruent to two angles and the included side in another triangle, then the two triangles are congruent."
R1211,C0437,C0202,Similarity,0.308,73,23c917c0700a4690b32ffb22c247303e,"Angle-Side-Angle (ASA) Congruence Postulate: If two angles and the included side in one triangle  are congruent to two angles and the included side in another triangle, then the two triangles are congruent."
R1212,C0437,C0433,Similarity,0.4206,73,23c917c0700a4690b32ffb22c247303e,"Angle-Side-Angle (ASA) Congruence Postulate: If two angles and the included side in one triangle  are congruent to two angles and the included side in another triangle, then the two triangles are congruent."
R1213,C0437,C0439,Similarity,0.4446,73,23c917c0700a4690b32ffb22c247303e,"Angle-Side-Angle (ASA) Congruence Postulate: If two angles and the included side in one triangle  are congruent to two angles and the included side in another triangle, then the two triangles are congruent."
R1214,C0439,C0015,Similarity,0.5387,73,23c917c0700a4690b32ffb22c247303e,"Angle-Side-Angle (ASA) Congruence Postulate: If two angles and the included side in one triangle  are congruent to two angles and the included side in another triangle, then the two triangles are congruent."
R1215,C0439,C0017,Similarity,0.44,73,23c917c0700a4690b32ffb22c247303e,"Angle-Side-Angle (ASA) Congruence Postulate: If two angles and the included side in one triangle  are congruent to two angles and the included side in another triangle, then the two triangles are congruent."
R1216,C0439,C0028,Similarity,0.4622,73,23c917c0700a4690b32ffb22c247303e,"Angle-Side-Angle (ASA) Congruence Postulate: If two angles and the included side in one triangle  are congruent to two angles and the included side in another triangle, then the two triangles are congruent."
R1217,C0439,C0046,Similarity,0.4587,73,23c917c0700a4690b32ffb22c247303e,"Angle-Side-Angle (ASA) Congruence Postulate: If two angles and the included side in one triangle  are congruent to two angles and the included side in another triangle, then the two triangles are congruent."
R1218,C0439,C0072,Similarity,0.3958,73,23c917c0700a4690b32ffb22c247303e,"Angle-Side-Angle (ASA) Congruence Postulate: If two angles and the included side in one triangle  are congruent to two angles and the included side in another triangle, then the two triangles are congruent."
R1219,C0439,C0202,Similarity,0.3887,73,23c917c0700a4690b32ffb22c247303e,"Angle-Side-Angle (ASA) Congruence Postulate: If two angles and the included side in one triangle  are congruent to two angles and the included side in another triangle, then the two triangles are congruent."
R1220,C0439,C0433,Similarity,0.4276,73,23c917c0700a4690b32ffb22c247303e,"Angle-Side-Angle (ASA) Congruence Postulate: If two angles and the included side in one triangle  are congruent to two angles and the included side in another triangle, then the two triangles are congruent."
R1221,C0439,C0437,Similarity,0.4446,73,23c917c0700a4690b32ffb22c247303e,"Angle-Side-Angle (ASA) Congruence Postulate: If two angles and the included side in one triangle  are congruent to two angles and the included side in another triangle, then the two triangles are congruent."
R1222,C0015,C0045,Similarity,0.4103,74,a7cec32dacc14607a694ebcdc7306874,"ASA  side is between  the two angles  side is not  between the  AAS  - ■ */ two angles  Angle- Angle- Side (AAS) Congruence Theorem: If two angles and a non- included side in one triangle  are congruent to two angles and a non-included side in another triangle, then the triangles are congruent."
R1223,C0015,C0436,Similarity,0.3943,74,a7cec32dacc14607a694ebcdc7306874,"ASA  side is between  the two angles  side is not  between the  AAS  - ■ */ two angles  Angle- Angle- Side (AAS) Congruence Theorem: If two angles and a non- included side in one triangle  are congruent to two angles and a non-included side in another triangle, then the triangles are congruent."
R1224,C0015,C0442,Similarity,0.4217,74,a7cec32dacc14607a694ebcdc7306874,"ASA  side is between  the two angles  side is not  between the  AAS  - ■ */ two angles  Angle- Angle- Side (AAS) Congruence Theorem: If two angles and a non- included side in one triangle  are congruent to two angles and a non-included side in another triangle, then the triangles are congruent."
R1225,C0017,C0436,Similarity,0.2596,74,a7cec32dacc14607a694ebcdc7306874,"ASA  side is between  the two angles  side is not  between the  AAS  - ■ */ two angles  Angle- Angle- Side (AAS) Congruence Theorem: If two angles and a non- included side in one triangle  are congruent to two angles and a non-included side in another triangle, then the triangles are congruent."
R1226,C0017,C0442,Similarity,0.295,74,a7cec32dacc14607a694ebcdc7306874,"ASA  side is between  the two angles  side is not  between the  AAS  - ■ */ two angles  Angle- Angle- Side (AAS) Congruence Theorem: If two angles and a non- included side in one triangle  are congruent to two angles and a non-included side in another triangle, then the triangles are congruent."
R1227,C0028,C0436,Similarity,0.3147,74,a7cec32dacc14607a694ebcdc7306874,"ASA  side is between  the two angles  side is not  between the  AAS  - ■ */ two angles  Angle- Angle- Side (AAS) Congruence Theorem: If two angles and a non- included side in one triangle  are congruent to two angles and a non-included side in another triangle, then the triangles are congruent."
R1228,C0028,C0442,Similarity,0.28,74,a7cec32dacc14607a694ebcdc7306874,"ASA  side is between  the two angles  side is not  between the  AAS  - ■ */ two angles  Angle- Angle- Side (AAS) Congruence Theorem: If two angles and a non- included side in one triangle  are congruent to two angles and a non-included side in another triangle, then the triangles are congruent."
R1229,C0045,C0015,Similarity,0.4103,74,a7cec32dacc14607a694ebcdc7306874,"ASA  side is between  the two angles  side is not  between the  AAS  - ■ */ two angles  Angle- Angle- Side (AAS) Congruence Theorem: If two angles and a non- included side in one triangle  are congruent to two angles and a non-included side in another triangle, then the triangles are congruent."
R1230,C0045,C0072,Similarity,0.3929,74,a7cec32dacc14607a694ebcdc7306874,"ASA  side is between  the two angles  side is not  between the  AAS  - ■ */ two angles  Angle- Angle- Side (AAS) Congruence Theorem: If two angles and a non- included side in one triangle  are congruent to two angles and a non-included side in another triangle, then the triangles are congruent."
R1231,C0045,C0436,Similarity,0.3147,74,a7cec32dacc14607a694ebcdc7306874,"ASA  side is between  the two angles  side is not  between the  AAS  - ■ */ two angles  Angle- Angle- Side (AAS) Congruence Theorem: If two angles and a non- included side in one triangle  are congruent to two angles and a non-included side in another triangle, then the triangles are congruent."
R1232,C0045,C0437,Similarity,0.3147,74,a7cec32dacc14607a694ebcdc7306874,"ASA  side is between  the two angles  side is not  between the  AAS  - ■ */ two angles  Angle- Angle- Side (AAS) Congruence Theorem: If two angles and a non- included side in one triangle  are congruent to two angles and a non-included side in another triangle, then the triangles are congruent."
R1233,C0045,C0439,Similarity,0.3022,74,a7cec32dacc14607a694ebcdc7306874,"ASA  side is between  the two angles  side is not  between the  AAS  - ■ */ two angles  Angle- Angle- Side (AAS) Congruence Theorem: If two angles and a non- included side in one triangle  are congruent to two angles and a non-included side in another triangle, then the triangles are congruent."
R1234,C0045,C0442,Similarity,0.36,74,a7cec32dacc14607a694ebcdc7306874,"ASA  side is between  the two angles  side is not  between the  AAS  - ■ */ two angles  Angle- Angle- Side (AAS) Congruence Theorem: If two angles and a non- included side in one triangle  are congruent to two angles and a non-included side in another triangle, then the triangles are congruent."
R1235,C0072,C0045,Similarity,0.3929,74,a7cec32dacc14607a694ebcdc7306874,"ASA  side is between  the two angles  side is not  between the  AAS  - ■ */ two angles  Angle- Angle- Side (AAS) Congruence Theorem: If two angles and a non- included side in one triangle  are congruent to two angles and a non-included side in another triangle, then the triangles are congruent."
R1236,C0072,C0436,Similarity,0.2343,74,a7cec32dacc14607a694ebcdc7306874,"ASA  side is between  the two angles  side is not  between the  AAS  - ■ */ two angles  Angle- Angle- Side (AAS) Congruence Theorem: If two angles and a non- included side in one triangle  are congruent to two angles and a non-included side in another triangle, then the triangles are congruent."
R1237,C0072,C0442,Similarity,0.215,74,a7cec32dacc14607a694ebcdc7306874,"ASA  side is between  the two angles  side is not  between the  AAS  - ■ */ two angles  Angle- Angle- Side (AAS) Congruence Theorem: If two angles and a non- included side in one triangle  are congruent to two angles and a non-included side in another triangle, then the triangles are congruent."
R1238,C0202,C0436,Similarity,0.228,74,a7cec32dacc14607a694ebcdc7306874,"ASA  side is between  the two angles  side is not  between the  AAS  - ■ */ two angles  Angle- Angle- Side (AAS) Congruence Theorem: If two angles and a non- included side in one triangle  are congruent to two angles and a non-included side in another triangle, then the triangles are congruent."
R1239,C0202,C0442,Similarity,0.3158,74,a7cec32dacc14607a694ebcdc7306874,"ASA  side is between  the two angles  side is not  between the  AAS  - ■ */ two angles  Angle- Angle- Side (AAS) Congruence Theorem: If two angles and a non- included side in one triangle  are congruent to two angles and a non-included side in another triangle, then the triangles are congruent."
R1240,C0436,C0015,Similarity,0.3943,74,a7cec32dacc14607a694ebcdc7306874,"ASA  side is between  the two angles  side is not  between the  AAS  - ■ */ two angles  Angle- Angle- Side (AAS) Congruence Theorem: If two angles and a non- included side in one triangle  are congruent to two angles and a non-included side in another triangle, then the triangles are congruent."
R1241,C0436,C0017,Similarity,0.2596,74,a7cec32dacc14607a694ebcdc7306874,"ASA  side is between  the two angles  side is not  between the  AAS  - ■ */ two angles  Angle- Angle- Side (AAS) Congruence Theorem: If two angles and a non- included side in one triangle  are congruent to two angles and a non-included side in another triangle, then the triangles are congruent."
R1242,C0436,C0028,Similarity,0.3147,74,a7cec32dacc14607a694ebcdc7306874,"ASA  side is between  the two angles  side is not  between the  AAS  - ■ */ two angles  Angle- Angle- Side (AAS) Congruence Theorem: If two angles and a non- included side in one triangle  are congruent to two angles and a non-included side in another triangle, then the triangles are congruent."
R1243,C0436,C0045,Similarity,0.3147,74,a7cec32dacc14607a694ebcdc7306874,"ASA  side is between  the two angles  side is not  between the  AAS  - ■ */ two angles  Angle- Angle- Side (AAS) Congruence Theorem: If two angles and a non- included side in one triangle  are congruent to two angles and a non-included side in another triangle, then the triangles are congruent."
R1244,C0436,C0072,Similarity,0.2343,74,a7cec32dacc14607a694ebcdc7306874,"ASA  side is between  the two angles  side is not  between the  AAS  - ■ */ two angles  Angle- Angle- Side (AAS) Congruence Theorem: If two angles and a non- included side in one triangle  are congruent to two angles and a non-included side in another triangle, then the triangles are congruent."
R1245,C0436,C0202,Similarity,0.228,74,a7cec32dacc14607a694ebcdc7306874,"ASA  side is between  the two angles  side is not  between the  AAS  - ■ */ two angles  Angle- Angle- Side (AAS) Congruence Theorem: If two angles and a non- included side in one triangle  are congruent to two angles and a non-included side in another triangle, then the triangles are congruent."
R1246,C0436,C0437,Similarity,0.84,74,a7cec32dacc14607a694ebcdc7306874,"ASA  side is between  the two angles  side is not  between the  AAS  - ■ */ two angles  Angle- Angle- Side (AAS) Congruence Theorem: If two angles and a non- included side in one triangle  are congruent to two angles and a non-included side in another triangle, then the triangles are congruent."
R1247,C0436,C0439,Similarity,0.3646,74,a7cec32dacc14607a694ebcdc7306874,"ASA  side is between  the two angles  side is not  between the  AAS  - ■ */ two angles  Angle- Angle- Side (AAS) Congruence Theorem: If two angles and a non- included side in one triangle  are congruent to two angles and a non-included side in another triangle, then the triangles are congruent."
R1248,C0436,C0442,Similarity,0.32,74,a7cec32dacc14607a694ebcdc7306874,"ASA  side is between  the two angles  side is not  between the  AAS  - ■ */ two angles  Angle- Angle- Side (AAS) Congruence Theorem: If two angles and a non- included side in one triangle  are congruent to two angles and a non-included side in another triangle, then the triangles are congruent."
R1249,C0437,C0045,Similarity,0.3147,74,a7cec32dacc14607a694ebcdc7306874,"ASA  side is between  the two angles  side is not  between the  AAS  - ■ */ two angles  Angle- Angle- Side (AAS) Congruence Theorem: If two angles and a non- included side in one triangle  are congruent to two angles and a non-included side in another triangle, then the triangles are congruent."
R1250,C0437,C0436,Similarity,0.84,74,a7cec32dacc14607a694ebcdc7306874,"ASA  side is between  the two angles  side is not  between the  AAS  - ■ */ two angles  Angle- Angle- Side (AAS) Congruence Theorem: If two angles and a non- included side in one triangle  are congruent to two angles and a non-included side in another triangle, then the triangles are congruent."
R1251,C0437,C0442,Similarity,0.32,74,a7cec32dacc14607a694ebcdc7306874,"ASA  side is between  the two angles  side is not  between the  AAS  - ■ */ two angles  Angle- Angle- Side (AAS) Congruence Theorem: If two angles and a non- included side in one triangle  are congruent to two angles and a non-included side in another triangle, then the triangles are congruent."
R1252,C0439,C0045,Similarity,0.3022,74,a7cec32dacc14607a694ebcdc7306874,"ASA  side is between  the two angles  side is not  between the  AAS  - ■ */ two angles  Angle- Angle- Side (AAS) Congruence Theorem: If two angles and a non- included side in one triangle  are congruent to two angles and a non-included side in another triangle, then the triangles are congruent."
R1253,C0439,C0436,Similarity,0.3646,74,a7cec32dacc14607a694ebcdc7306874,"ASA  side is between  the two angles  side is not  between the  AAS  - ■ */ two angles  Angle- Angle- Side (AAS) Congruence Theorem: If two angles and a non- included side in one triangle  are congruent to two angles and a non-included side in another triangle, then the triangles are congruent."
R1254,C0439,C0442,Similarity,0.32,74,a7cec32dacc14607a694ebcdc7306874,"ASA  side is between  the two angles  side is not  between the  AAS  - ■ */ two angles  Angle- Angle- Side (AAS) Congruence Theorem: If two angles and a non- included side in one triangle  are congruent to two angles and a non-included side in another triangle, then the triangles are congruent."
R1255,C0442,C0015,Similarity,0.4217,74,a7cec32dacc14607a694ebcdc7306874,"ASA  side is between  the two angles  side is not  between the  AAS  - ■ */ two angles  Angle- Angle- Side (AAS) Congruence Theorem: If two angles and a non- included side in one triangle  are congruent to two angles and a non-included side in another triangle, then the triangles are congruent."
R1256,C0442,C0017,Similarity,0.295,74,a7cec32dacc14607a694ebcdc7306874,"ASA  side is between  the two angles  side is not  between the  AAS  - ■ */ two angles  Angle- Angle- Side (AAS) Congruence Theorem: If two angles and a non- included side in one triangle  are congruent to two angles and a non-included side in another triangle, then the triangles are congruent."
R1257,C0442,C0028,Similarity,0.28,74,a7cec32dacc14607a694ebcdc7306874,"ASA  side is between  the two angles  side is not  between the  AAS  - ■ */ two angles  Angle- Angle- Side (AAS) Congruence Theorem: If two angles and a non- included side in one triangle  are congruent to two angles and a non-included side in another triangle, then the triangles are congruent."
R1258,C0442,C0045,Similarity,0.36,74,a7cec32dacc14607a694ebcdc7306874,"ASA  side is between  the two angles  side is not  between the  AAS  - ■ */ two angles  Angle- Angle- Side (AAS) Congruence Theorem: If two angles and a non- included side in one triangle  are congruent to two angles and a non-included side in another triangle, then the triangles are congruent."
R1259,C0442,C0072,Similarity,0.215,74,a7cec32dacc14607a694ebcdc7306874,"ASA  side is between  the two angles  side is not  between the  AAS  - ■ */ two angles  Angle- Angle- Side (AAS) Congruence Theorem: If two angles and a non- included side in one triangle  are congruent to two angles and a non-included side in another triangle, then the triangles are congruent."
R1260,C0442,C0202,Similarity,0.3158,74,a7cec32dacc14607a694ebcdc7306874,"ASA  side is between  the two angles  side is not  between the  AAS  - ■ */ two angles  Angle- Angle- Side (AAS) Congruence Theorem: If two angles and a non- included side in one triangle  are congruent to two angles and a non-included side in another triangle, then the triangles are congruent."
R1261,C0442,C0436,Similarity,0.32,74,a7cec32dacc14607a694ebcdc7306874,"ASA  side is between  the two angles  side is not  between the  AAS  - ■ */ two angles  Angle- Angle- Side (AAS) Congruence Theorem: If two angles and a non- included side in one triangle  are congruent to two angles and a non-included side in another triangle, then the triangles are congruent."
R1262,C0442,C0437,Similarity,0.32,74,a7cec32dacc14607a694ebcdc7306874,"ASA  side is between  the two angles  side is not  between the  AAS  - ■ */ two angles  Angle- Angle- Side (AAS) Congruence Theorem: If two angles and a non- included side in one triangle  are congruent to two angles and a non-included side in another triangle, then the triangles are congruent."
R1263,C0442,C0439,Similarity,0.32,74,a7cec32dacc14607a694ebcdc7306874,"ASA  side is between  the two angles  side is not  between the  AAS  - ■ */ two angles  Angle- Angle- Side (AAS) Congruence Theorem: If two angles and a non- included side in one triangle  are congruent to two angles and a non-included side in another triangle, then the triangles are congruent."
R1264,C0059,C0415,Similarity,0.215,74,b2a14895606147e28b3d1453c1266b7b,"In  order to use AAS, IS needs to be congruent to LK."
R1265,C0059,C0436,Similarity,0.2602,74,b2a14895606147e28b3d1453c1266b7b,"In  order to use AAS, IS needs to be congruent to LK."
R1266,C0415,C0059,Similarity,0.215,74,b2a14895606147e28b3d1453c1266b7b,"In  order to use AAS, IS needs to be congruent to LK."
R1267,C0415,C0436,Similarity,0.32,74,b2a14895606147e28b3d1453c1266b7b,"In  order to use AAS, IS needs to be congruent to LK."
R1268,C0436,C0059,Similarity,0.2602,74,b2a14895606147e28b3d1453c1266b7b,"In  order to use AAS, IS needs to be congruent to LK."
R1269,C0436,C0415,Similarity,0.32,74,b2a14895606147e28b3d1453c1266b7b,"In  order to use AAS, IS needs to be congruent to LK."
R1270,C0017,C0019,Application,0.4756,75,d6e4ddffb3604738b8234ae5a1ccf57b,"hypotenuse  You may or may not know the Pythagorean Theorem, which says, for any right triangle, this equation is  true:  {legY + (leg) = (hypotenuse)  What this means is that if you are given two sides of a right triangle, you can always find the third."
R1271,C0017,C0045,Application,0.4328,75,d6e4ddffb3604738b8234ae5a1ccf57b,"hypotenuse  You may or may not know the Pythagorean Theorem, which says, for any right triangle, this equation is  true:  {legY + (leg) = (hypotenuse)  What this means is that if you are given two sides of a right triangle, you can always find the third."
R1272,C0017,C0196,Application,0.4065,75,d6e4ddffb3604738b8234ae5a1ccf57b,"hypotenuse  You may or may not know the Pythagorean Theorem, which says, for any right triangle, this equation is  true:  {legY + (leg) = (hypotenuse)  What this means is that if you are given two sides of a right triangle, you can always find the third."
R1273,C0017,C0347,Application,0.3998,75,d6e4ddffb3604738b8234ae5a1ccf57b,"hypotenuse  You may or may not know the Pythagorean Theorem, which says, for any right triangle, this equation is  true:  {legY + (leg) = (hypotenuse)  What this means is that if you are given two sides of a right triangle, you can always find the third."
R1274,C0017,C0448,Application,0.4075,75,d6e4ddffb3604738b8234ae5a1ccf57b,"hypotenuse  You may or may not know the Pythagorean Theorem, which says, for any right triangle, this equation is  true:  {legY + (leg) = (hypotenuse)  What this means is that if you are given two sides of a right triangle, you can always find the third."
R1275,C0019,C0017,Application,0.4756,75,d6e4ddffb3604738b8234ae5a1ccf57b,"hypotenuse  You may or may not know the Pythagorean Theorem, which says, for any right triangle, this equation is  true:  {legY + (leg) = (hypotenuse)  What this means is that if you are given two sides of a right triangle, you can always find the third."
R1276,C0019,C0246,Application,0.2566,75,d6e4ddffb3604738b8234ae5a1ccf57b,"hypotenuse  You may or may not know the Pythagorean Theorem, which says, for any right triangle, this equation is  true:  {legY + (leg) = (hypotenuse)  What this means is that if you are given two sides of a right triangle, you can always find the third."
R1277,C0019,C0347,Application,0.485,75,d6e4ddffb3604738b8234ae5a1ccf57b,"hypotenuse  You may or may not know the Pythagorean Theorem, which says, for any right triangle, this equation is  true:  {legY + (leg) = (hypotenuse)  What this means is that if you are given two sides of a right triangle, you can always find the third."
R1278,C0019,C0448,Application,0.4065,75,d6e4ddffb3604738b8234ae5a1ccf57b,"hypotenuse  You may or may not know the Pythagorean Theorem, which says, for any right triangle, this equation is  true:  {legY + (leg) = (hypotenuse)  What this means is that if you are given two sides of a right triangle, you can always find the third."
R1279,C0045,C0017,Application,0.4328,75,d6e4ddffb3604738b8234ae5a1ccf57b,"hypotenuse  You may or may not know the Pythagorean Theorem, which says, for any right triangle, this equation is  true:  {legY + (leg) = (hypotenuse)  What this means is that if you are given two sides of a right triangle, you can always find the third."
R1280,C0196,C0017,Application,0.4065,75,d6e4ddffb3604738b8234ae5a1ccf57b,"hypotenuse  You may or may not know the Pythagorean Theorem, which says, for any right triangle, this equation is  true:  {legY + (leg) = (hypotenuse)  What this means is that if you are given two sides of a right triangle, you can always find the third."
R1281,C0196,C0246,Application,0.3309,75,d6e4ddffb3604738b8234ae5a1ccf57b,"hypotenuse  You may or may not know the Pythagorean Theorem, which says, for any right triangle, this equation is  true:  {legY + (leg) = (hypotenuse)  What this means is that if you are given two sides of a right triangle, you can always find the third."
R1282,C0196,C0347,Application,0.414,75,d6e4ddffb3604738b8234ae5a1ccf57b,"hypotenuse  You may or may not know the Pythagorean Theorem, which says, for any right triangle, this equation is  true:  {legY + (leg) = (hypotenuse)  What this means is that if you are given two sides of a right triangle, you can always find the third."
R1283,C0196,C0448,Application,0.347,75,d6e4ddffb3604738b8234ae5a1ccf57b,"hypotenuse  You may or may not know the Pythagorean Theorem, which says, for any right triangle, this equation is  true:  {legY + (leg) = (hypotenuse)  What this means is that if you are given two sides of a right triangle, you can always find the third."
R1284,C0246,C0019,Application,0.2566,75,d6e4ddffb3604738b8234ae5a1ccf57b,"hypotenuse  You may or may not know the Pythagorean Theorem, which says, for any right triangle, this equation is  true:  {legY + (leg) = (hypotenuse)  What this means is that if you are given two sides of a right triangle, you can always find the third."
R1285,C0246,C0196,Application,0.3309,75,d6e4ddffb3604738b8234ae5a1ccf57b,"hypotenuse  You may or may not know the Pythagorean Theorem, which says, for any right triangle, this equation is  true:  {legY + (leg) = (hypotenuse)  What this means is that if you are given two sides of a right triangle, you can always find the third."
R1286,C0246,C0347,Application,0.2653,75,d6e4ddffb3604738b8234ae5a1ccf57b,"hypotenuse  You may or may not know the Pythagorean Theorem, which says, for any right triangle, this equation is  true:  {legY + (leg) = (hypotenuse)  What this means is that if you are given two sides of a right triangle, you can always find the third."
R1287,C0246,C0448,Application,0.2376,75,d6e4ddffb3604738b8234ae5a1ccf57b,"hypotenuse  You may or may not know the Pythagorean Theorem, which says, for any right triangle, this equation is  true:  {legY + (leg) = (hypotenuse)  What this means is that if you are given two sides of a right triangle, you can always find the third."
R1288,C0347,C0017,Application,0.3998,75,d6e4ddffb3604738b8234ae5a1ccf57b,"hypotenuse  You may or may not know the Pythagorean Theorem, which says, for any right triangle, this equation is  true:  {legY + (leg) = (hypotenuse)  What this means is that if you are given two sides of a right triangle, you can always find the third."
R1289,C0347,C0019,Application,0.485,75,d6e4ddffb3604738b8234ae5a1ccf57b,"hypotenuse  You may or may not know the Pythagorean Theorem, which says, for any right triangle, this equation is  true:  {legY + (leg) = (hypotenuse)  What this means is that if you are given two sides of a right triangle, you can always find the third."
R1290,C0347,C0196,Application,0.414,75,d6e4ddffb3604738b8234ae5a1ccf57b,"hypotenuse  You may or may not know the Pythagorean Theorem, which says, for any right triangle, this equation is  true:  {legY + (leg) = (hypotenuse)  What this means is that if you are given two sides of a right triangle, you can always find the third."
R1291,C0347,C0246,Application,0.2653,75,d6e4ddffb3604738b8234ae5a1ccf57b,"hypotenuse  You may or may not know the Pythagorean Theorem, which says, for any right triangle, this equation is  true:  {legY + (leg) = (hypotenuse)  What this means is that if you are given two sides of a right triangle, you can always find the third."
R1292,C0448,C0017,Application,0.4075,75,d6e4ddffb3604738b8234ae5a1ccf57b,"hypotenuse  You may or may not know the Pythagorean Theorem, which says, for any right triangle, this equation is  true:  {legY + (leg) = (hypotenuse)  What this means is that if you are given two sides of a right triangle, you can always find the third."
R1293,C0448,C0019,Application,0.4065,75,d6e4ddffb3604738b8234ae5a1ccf57b,"hypotenuse  You may or may not know the Pythagorean Theorem, which says, for any right triangle, this equation is  true:  {legY + (leg) = (hypotenuse)  What this means is that if you are given two sides of a right triangle, you can always find the third."
R1294,C0448,C0196,Application,0.347,75,d6e4ddffb3604738b8234ae5a1ccf57b,"hypotenuse  You may or may not know the Pythagorean Theorem, which says, for any right triangle, this equation is  true:  {legY + (leg) = (hypotenuse)  What this means is that if you are given two sides of a right triangle, you can always find the third."
R1295,C0448,C0246,Application,0.2376,75,d6e4ddffb3604738b8234ae5a1ccf57b,"hypotenuse  You may or may not know the Pythagorean Theorem, which says, for any right triangle, this equation is  true:  {legY + (leg) = (hypotenuse)  What this means is that if you are given two sides of a right triangle, you can always find the third."
R1296,C0017,C0019,Similarity,0.4756,75,d6e4ddffb3604738b8234ae5a1ccf57b,"Therefore, if you have two sides of a right triangle are congruent to two sides of another right triangle; you  can conclude that third sides are also congruent."
R1297,C0019,C0017,Similarity,0.4756,75,d6e4ddffb3604738b8234ae5a1ccf57b,"Therefore, if you have two sides of a right triangle are congruent to two sides of another right triangle; you  can conclude that third sides are also congruent."
R1298,C0019,C0196,Similarity,0.4056,75,d6e4ddffb3604738b8234ae5a1ccf57b,"Therefore, if you have two sides of a right triangle are congruent to two sides of another right triangle; you  can conclude that third sides are also congruent."
R1299,C0196,C0019,Similarity,0.4056,75,d6e4ddffb3604738b8234ae5a1ccf57b,"Therefore, if you have two sides of a right triangle are congruent to two sides of another right triangle; you  can conclude that third sides are also congruent."
R1300,C0015,C0019,Similarity,0.371,75,d6e4ddffb3604738b8234ae5a1ccf57b,"www.ckl2.org 202  HL Congruence Theorem: If the hypotenuse and leg in one right triangle are congruent to the hy-  potenuse and leg in another right triangle, then the two triangles are congruent."
R1301,C0015,C0448,Similarity,0.3673,75,d6e4ddffb3604738b8234ae5a1ccf57b,"www.ckl2.org 202  HL Congruence Theorem: If the hypotenuse and leg in one right triangle are congruent to the hy-  potenuse and leg in another right triangle, then the two triangles are congruent."
R1302,C0017,C0448,Similarity,0.4075,75,d6e4ddffb3604738b8234ae5a1ccf57b,"www.ckl2.org 202  HL Congruence Theorem: If the hypotenuse and leg in one right triangle are congruent to the hy-  potenuse and leg in another right triangle, then the two triangles are congruent."
R1303,C0019,C0015,Similarity,0.371,75,d6e4ddffb3604738b8234ae5a1ccf57b,"www.ckl2.org 202  HL Congruence Theorem: If the hypotenuse and leg in one right triangle are congruent to the hy-  potenuse and leg in another right triangle, then the two triangles are congruent."
R1304,C0019,C0045,Similarity,0.4472,75,d6e4ddffb3604738b8234ae5a1ccf57b,"www.ckl2.org 202  HL Congruence Theorem: If the hypotenuse and leg in one right triangle are congruent to the hy-  potenuse and leg in another right triangle, then the two triangles are congruent."
R1305,C0019,C0202,Similarity,0.2424,75,d6e4ddffb3604738b8234ae5a1ccf57b,"www.ckl2.org 202  HL Congruence Theorem: If the hypotenuse and leg in one right triangle are congruent to the hy-  potenuse and leg in another right triangle, then the two triangles are congruent."
R1306,C0019,C0442,Similarity,0.2376,75,d6e4ddffb3604738b8234ae5a1ccf57b,"www.ckl2.org 202  HL Congruence Theorem: If the hypotenuse and leg in one right triangle are congruent to the hy-  potenuse and leg in another right triangle, then the two triangles are congruent."
R1307,C0019,C0448,Similarity,0.3265,75,d6e4ddffb3604738b8234ae5a1ccf57b,"www.ckl2.org 202  HL Congruence Theorem: If the hypotenuse and leg in one right triangle are congruent to the hy-  potenuse and leg in another right triangle, then the two triangles are congruent."
R1308,C0045,C0019,Similarity,0.4472,75,d6e4ddffb3604738b8234ae5a1ccf57b,"www.ckl2.org 202  HL Congruence Theorem: If the hypotenuse and leg in one right triangle are congruent to the hy-  potenuse and leg in another right triangle, then the two triangles are congruent."
R1309,C0045,C0448,Similarity,0.4489,75,d6e4ddffb3604738b8234ae5a1ccf57b,"www.ckl2.org 202  HL Congruence Theorem: If the hypotenuse and leg in one right triangle are congruent to the hy-  potenuse and leg in another right triangle, then the two triangles are congruent."
R1310,C0202,C0019,Similarity,0.2424,75,d6e4ddffb3604738b8234ae5a1ccf57b,"www.ckl2.org 202  HL Congruence Theorem: If the hypotenuse and leg in one right triangle are congruent to the hy-  potenuse and leg in another right triangle, then the two triangles are congruent."
R1311,C0202,C0448,Similarity,0.2447,75,d6e4ddffb3604738b8234ae5a1ccf57b,"www.ckl2.org 202  HL Congruence Theorem: If the hypotenuse and leg in one right triangle are congruent to the hy-  potenuse and leg in another right triangle, then the two triangles are congruent."
R1312,C0442,C0019,Similarity,0.2376,75,d6e4ddffb3604738b8234ae5a1ccf57b,"www.ckl2.org 202  HL Congruence Theorem: If the hypotenuse and leg in one right triangle are congruent to the hy-  potenuse and leg in another right triangle, then the two triangles are congruent."
R1313,C0442,C0448,Similarity,0.346,75,d6e4ddffb3604738b8234ae5a1ccf57b,"www.ckl2.org 202  HL Congruence Theorem: If the hypotenuse and leg in one right triangle are congruent to the hy-  potenuse and leg in another right triangle, then the two triangles are congruent."
R1314,C0448,C0015,Similarity,0.3673,75,d6e4ddffb3604738b8234ae5a1ccf57b,"www.ckl2.org 202  HL Congruence Theorem: If the hypotenuse and leg in one right triangle are congruent to the hy-  potenuse and leg in another right triangle, then the two triangles are congruent."
R1315,C0448,C0017,Similarity,0.4075,75,d6e4ddffb3604738b8234ae5a1ccf57b,"www.ckl2.org 202  HL Congruence Theorem: If the hypotenuse and leg in one right triangle are congruent to the hy-  potenuse and leg in another right triangle, then the two triangles are congruent."
R1316,C0448,C0019,Similarity,0.3265,75,d6e4ddffb3604738b8234ae5a1ccf57b,"www.ckl2.org 202  HL Congruence Theorem: If the hypotenuse and leg in one right triangle are congruent to the hy-  potenuse and leg in another right triangle, then the two triangles are congruent."
R1317,C0448,C0045,Similarity,0.4489,75,d6e4ddffb3604738b8234ae5a1ccf57b,"www.ckl2.org 202  HL Congruence Theorem: If the hypotenuse and leg in one right triangle are congruent to the hy-  potenuse and leg in another right triangle, then the two triangles are congruent."
R1318,C0448,C0202,Similarity,0.2447,75,d6e4ddffb3604738b8234ae5a1ccf57b,"www.ckl2.org 202  HL Congruence Theorem: If the hypotenuse and leg in one right triangle are congruent to the hy-  potenuse and leg in another right triangle, then the two triangles are congruent."
R1319,C0448,C0442,Similarity,0.346,75,d6e4ddffb3604738b8234ae5a1ccf57b,"www.ckl2.org 202  HL Congruence Theorem: If the hypotenuse and leg in one right triangle are congruent to the hy-  potenuse and leg in another right triangle, then the two triangles are congruent."
R1320,C0028,C0374,Application,0.4318,76,47619c7eb48743dea110932b75b68ef5,"Revisited Even though we do not know all of the angle measures in the two triangles,  we can find the missing angles by using the Third Angle Theorem."
R1321,C0028,C0459,Application,0.3518,76,47619c7eb48743dea110932b75b68ef5,"Revisited Even though we do not know all of the angle measures in the two triangles,  we can find the missing angles by using the Third Angle Theorem."
R1322,C0045,C0374,Application,0.4318,76,47619c7eb48743dea110932b75b68ef5,"Revisited Even though we do not know all of the angle measures in the two triangles,  we can find the missing angles by using the Third Angle Theorem."
R1323,C0045,C0459,Application,0.3518,76,47619c7eb48743dea110932b75b68ef5,"Revisited Even though we do not know all of the angle measures in the two triangles,  we can find the missing angles by using the Third Angle Theorem."
R1324,C0374,C0028,Application,0.4318,76,47619c7eb48743dea110932b75b68ef5,"Revisited Even though we do not know all of the angle measures in the two triangles,  we can find the missing angles by using the Third Angle Theorem."
R1325,C0374,C0045,Application,0.4318,76,47619c7eb48743dea110932b75b68ef5,"Revisited Even though we do not know all of the angle measures in the two triangles,  we can find the missing angles by using the Third Angle Theorem."
R1326,C0374,C0443,Application,0.4612,76,47619c7eb48743dea110932b75b68ef5,"Revisited Even though we do not know all of the angle measures in the two triangles,  we can find the missing angles by using the Third Angle Theorem."
R1327,C0374,C0459,Application,0.84,76,47619c7eb48743dea110932b75b68ef5,"Revisited Even though we do not know all of the angle measures in the two triangles,  we can find the missing angles by using the Third Angle Theorem."
R1328,C0443,C0374,Application,0.4612,76,47619c7eb48743dea110932b75b68ef5,"Revisited Even though we do not know all of the angle measures in the two triangles,  we can find the missing angles by using the Third Angle Theorem."
R1329,C0443,C0459,Application,0.3812,76,47619c7eb48743dea110932b75b68ef5,"Revisited Even though we do not know all of the angle measures in the two triangles,  we can find the missing angles by using the Third Angle Theorem."
R1330,C0459,C0028,Application,0.3518,76,47619c7eb48743dea110932b75b68ef5,"Revisited Even though we do not know all of the angle measures in the two triangles,  we can find the missing angles by using the Third Angle Theorem."
R1331,C0459,C0045,Application,0.3518,76,47619c7eb48743dea110932b75b68ef5,"Revisited Even though we do not know all of the angle measures in the two triangles,  we can find the missing angles by using the Third Angle Theorem."
R1332,C0459,C0374,Application,0.84,76,47619c7eb48743dea110932b75b68ef5,"Revisited Even though we do not know all of the angle measures in the two triangles,  we can find the missing angles by using the Third Angle Theorem."
R1333,C0459,C0443,Application,0.3812,76,47619c7eb48743dea110932b75b68ef5,"Revisited Even though we do not know all of the angle measures in the two triangles,  we can find the missing angles by using the Third Angle Theorem."
R1334,C0092,C0148,Similarity,0.2836,77,445ff38d67c043d9a5ec6bdcb79c96c9,Construction Let's see if we can construct two different triangles like AKLM and ASTU from Example  4.
R1335,C0092,C0470,Similarity,0.2623,77,445ff38d67c043d9a5ec6bdcb79c96c9,Construction Let's see if we can construct two different triangles like AKLM and ASTU from Example  4.
R1336,C0092,C0471,Similarity,0.2623,77,445ff38d67c043d9a5ec6bdcb79c96c9,Construction Let's see if we can construct two different triangles like AKLM and ASTU from Example  4.
R1337,C0092,C0472,Similarity,0.2623,77,445ff38d67c043d9a5ec6bdcb79c96c9,Construction Let's see if we can construct two different triangles like AKLM and ASTU from Example  4.
R1338,C0148,C0092,Similarity,0.2836,77,445ff38d67c043d9a5ec6bdcb79c96c9,Construction Let's see if we can construct two different triangles like AKLM and ASTU from Example  4.
R1339,C0148,C0470,Similarity,0.2566,77,445ff38d67c043d9a5ec6bdcb79c96c9,Construction Let's see if we can construct two different triangles like AKLM and ASTU from Example  4.
R1340,C0148,C0471,Similarity,0.2566,77,445ff38d67c043d9a5ec6bdcb79c96c9,Construction Let's see if we can construct two different triangles like AKLM and ASTU from Example  4.
R1341,C0148,C0472,Similarity,0.2566,77,445ff38d67c043d9a5ec6bdcb79c96c9,Construction Let's see if we can construct two different triangles like AKLM and ASTU from Example  4.
R1342,C0470,C0092,Similarity,0.2623,77,445ff38d67c043d9a5ec6bdcb79c96c9,Construction Let's see if we can construct two different triangles like AKLM and ASTU from Example  4.
R1343,C0470,C0148,Similarity,0.2566,77,445ff38d67c043d9a5ec6bdcb79c96c9,Construction Let's see if we can construct two different triangles like AKLM and ASTU from Example  4.
R1344,C0470,C0471,Similarity,0.84,77,445ff38d67c043d9a5ec6bdcb79c96c9,Construction Let's see if we can construct two different triangles like AKLM and ASTU from Example  4.
R1345,C0470,C0472,Similarity,0.84,77,445ff38d67c043d9a5ec6bdcb79c96c9,Construction Let's see if we can construct two different triangles like AKLM and ASTU from Example  4.
R1346,C0471,C0092,Similarity,0.2623,77,445ff38d67c043d9a5ec6bdcb79c96c9,Construction Let's see if we can construct two different triangles like AKLM and ASTU from Example  4.
R1347,C0471,C0148,Similarity,0.2566,77,445ff38d67c043d9a5ec6bdcb79c96c9,Construction Let's see if we can construct two different triangles like AKLM and ASTU from Example  4.
R1348,C0471,C0470,Similarity,0.84,77,445ff38d67c043d9a5ec6bdcb79c96c9,Construction Let's see if we can construct two different triangles like AKLM and ASTU from Example  4.
R1349,C0471,C0472,Similarity,0.84,77,445ff38d67c043d9a5ec6bdcb79c96c9,Construction Let's see if we can construct two different triangles like AKLM and ASTU from Example  4.
R1350,C0472,C0092,Similarity,0.2623,77,445ff38d67c043d9a5ec6bdcb79c96c9,Construction Let's see if we can construct two different triangles like AKLM and ASTU from Example  4.
R1351,C0472,C0148,Similarity,0.2566,77,445ff38d67c043d9a5ec6bdcb79c96c9,Construction Let's see if we can construct two different triangles like AKLM and ASTU from Example  4.
R1352,C0472,C0470,Similarity,0.84,77,445ff38d67c043d9a5ec6bdcb79c96c9,Construction Let's see if we can construct two different triangles like AKLM and ASTU from Example  4.
R1353,C0472,C0471,Similarity,0.84,77,445ff38d67c043d9a5ec6bdcb79c96c9,Construction Let's see if we can construct two different triangles like AKLM and ASTU from Example  4.
R1354,C0017,C0071,Application,0.3204,78,4aba933017d54e1ea5ca033be6ac7513,"Example 2: If an isosceles triangle has base angles with measures of 47°, what is the measure of the  vertex angle?"
R1355,C0017,C0163,Application,0.4039,78,4aba933017d54e1ea5ca033be6ac7513,"Example 2: If an isosceles triangle has base angles with measures of 47°, what is the measure of the  vertex angle?"
R1356,C0017,C0473,Application,0.2358,78,4aba933017d54e1ea5ca033be6ac7513,"Example 2: If an isosceles triangle has base angles with measures of 47°, what is the measure of the  vertex angle?"
R1357,C0017,C0476,Application,0.2828,78,4aba933017d54e1ea5ca033be6ac7513,"Example 2: If an isosceles triangle has base angles with measures of 47°, what is the measure of the  vertex angle?"
R1358,C0017,C0477,Application,0.3958,78,4aba933017d54e1ea5ca033be6ac7513,"Example 2: If an isosceles triangle has base angles with measures of 47°, what is the measure of the  vertex angle?"
R1359,C0028,C0071,Application,0.3569,78,4aba933017d54e1ea5ca033be6ac7513,"Example 2: If an isosceles triangle has base angles with measures of 47°, what is the measure of the  vertex angle?"
R1360,C0028,C0163,Application,0.241,78,4aba933017d54e1ea5ca033be6ac7513,"Example 2: If an isosceles triangle has base angles with measures of 47°, what is the measure of the  vertex angle?"
R1361,C0028,C0473,Application,0.3178,78,4aba933017d54e1ea5ca033be6ac7513,"Example 2: If an isosceles triangle has base angles with measures of 47°, what is the measure of the  vertex angle?"
R1362,C0028,C0476,Application,0.2728,78,4aba933017d54e1ea5ca033be6ac7513,"Example 2: If an isosceles triangle has base angles with measures of 47°, what is the measure of the  vertex angle?"
R1363,C0028,C0477,Application,0.3178,78,4aba933017d54e1ea5ca033be6ac7513,"Example 2: If an isosceles triangle has base angles with measures of 47°, what is the measure of the  vertex angle?"
R1364,C0071,C0017,Application,0.3204,78,4aba933017d54e1ea5ca033be6ac7513,"Example 2: If an isosceles triangle has base angles with measures of 47°, what is the measure of the  vertex angle?"
R1365,C0071,C0028,Application,0.3569,78,4aba933017d54e1ea5ca033be6ac7513,"Example 2: If an isosceles triangle has base angles with measures of 47°, what is the measure of the  vertex angle?"
R1366,C0071,C0163,Application,0.2521,78,4aba933017d54e1ea5ca033be6ac7513,"Example 2: If an isosceles triangle has base angles with measures of 47°, what is the measure of the  vertex angle?"
R1367,C0071,C0473,Application,0.267,78,4aba933017d54e1ea5ca033be6ac7513,"Example 2: If an isosceles triangle has base angles with measures of 47°, what is the measure of the  vertex angle?"
R1368,C0071,C0476,Application,0.3317,78,4aba933017d54e1ea5ca033be6ac7513,"Example 2: If an isosceles triangle has base angles with measures of 47°, what is the measure of the  vertex angle?"
R1369,C0071,C0477,Application,0.267,78,4aba933017d54e1ea5ca033be6ac7513,"Example 2: If an isosceles triangle has base angles with measures of 47°, what is the measure of the  vertex angle?"
R1370,C0163,C0017,Application,0.4039,78,4aba933017d54e1ea5ca033be6ac7513,"Example 2: If an isosceles triangle has base angles with measures of 47°, what is the measure of the  vertex angle?"
R1371,C0163,C0028,Application,0.241,78,4aba933017d54e1ea5ca033be6ac7513,"Example 2: If an isosceles triangle has base angles with measures of 47°, what is the measure of the  vertex angle?"
R1372,C0163,C0071,Application,0.2521,78,4aba933017d54e1ea5ca033be6ac7513,"Example 2: If an isosceles triangle has base angles with measures of 47°, what is the measure of the  vertex angle?"
R1373,C0163,C0473,Application,0.215,78,4aba933017d54e1ea5ca033be6ac7513,"Example 2: If an isosceles triangle has base angles with measures of 47°, what is the measure of the  vertex angle?"
R1374,C0163,C0476,Application,0.255,78,4aba933017d54e1ea5ca033be6ac7513,"Example 2: If an isosceles triangle has base angles with measures of 47°, what is the measure of the  vertex angle?"
R1375,C0163,C0477,Application,0.215,78,4aba933017d54e1ea5ca033be6ac7513,"Example 2: If an isosceles triangle has base angles with measures of 47°, what is the measure of the  vertex angle?"
R1376,C0473,C0017,Application,0.2358,78,4aba933017d54e1ea5ca033be6ac7513,"Example 2: If an isosceles triangle has base angles with measures of 47°, what is the measure of the  vertex angle?"
R1377,C0473,C0028,Application,0.3178,78,4aba933017d54e1ea5ca033be6ac7513,"Example 2: If an isosceles triangle has base angles with measures of 47°, what is the measure of the  vertex angle?"
R1378,C0473,C0071,Application,0.267,78,4aba933017d54e1ea5ca033be6ac7513,"Example 2: If an isosceles triangle has base angles with measures of 47°, what is the measure of the  vertex angle?"
R1379,C0473,C0163,Application,0.215,78,4aba933017d54e1ea5ca033be6ac7513,"Example 2: If an isosceles triangle has base angles with measures of 47°, what is the measure of the  vertex angle?"
R1380,C0473,C0476,Application,0.2893,78,4aba933017d54e1ea5ca033be6ac7513,"Example 2: If an isosceles triangle has base angles with measures of 47°, what is the measure of the  vertex angle?"
R1381,C0473,C0477,Application,0.84,78,4aba933017d54e1ea5ca033be6ac7513,"Example 2: If an isosceles triangle has base angles with measures of 47°, what is the measure of the  vertex angle?"
R1382,C0476,C0017,Application,0.2828,78,4aba933017d54e1ea5ca033be6ac7513,"Example 2: If an isosceles triangle has base angles with measures of 47°, what is the measure of the  vertex angle?"
R1383,C0476,C0028,Application,0.2728,78,4aba933017d54e1ea5ca033be6ac7513,"Example 2: If an isosceles triangle has base angles with measures of 47°, what is the measure of the  vertex angle?"
R1384,C0476,C0071,Application,0.3317,78,4aba933017d54e1ea5ca033be6ac7513,"Example 2: If an isosceles triangle has base angles with measures of 47°, what is the measure of the  vertex angle?"
R1385,C0476,C0163,Application,0.255,78,4aba933017d54e1ea5ca033be6ac7513,"Example 2: If an isosceles triangle has base angles with measures of 47°, what is the measure of the  vertex angle?"
R1386,C0476,C0473,Application,0.2893,78,4aba933017d54e1ea5ca033be6ac7513,"Example 2: If an isosceles triangle has base angles with measures of 47°, what is the measure of the  vertex angle?"
R1387,C0476,C0477,Application,0.2893,78,4aba933017d54e1ea5ca033be6ac7513,"Example 2: If an isosceles triangle has base angles with measures of 47°, what is the measure of the  vertex angle?"
R1388,C0477,C0017,Application,0.3958,78,4aba933017d54e1ea5ca033be6ac7513,"Example 2: If an isosceles triangle has base angles with measures of 47°, what is the measure of the  vertex angle?"
R1389,C0477,C0028,Application,0.3178,78,4aba933017d54e1ea5ca033be6ac7513,"Example 2: If an isosceles triangle has base angles with measures of 47°, what is the measure of the  vertex angle?"
R1390,C0477,C0071,Application,0.267,78,4aba933017d54e1ea5ca033be6ac7513,"Example 2: If an isosceles triangle has base angles with measures of 47°, what is the measure of the  vertex angle?"
R1391,C0477,C0163,Application,0.215,78,4aba933017d54e1ea5ca033be6ac7513,"Example 2: If an isosceles triangle has base angles with measures of 47°, what is the measure of the  vertex angle?"
R1392,C0477,C0473,Application,0.84,78,4aba933017d54e1ea5ca033be6ac7513,"Example 2: If an isosceles triangle has base angles with measures of 47°, what is the measure of the  vertex angle?"
R1393,C0477,C0476,Application,0.2893,78,4aba933017d54e1ea5ca033be6ac7513,"Example 2: If an isosceles triangle has base angles with measures of 47°, what is the measure of the  vertex angle?"
R1394,C0031,C0109,Application,0.2821,82,35b90662ebe745cc8689fcde170fa5f0,Review Queue  Find the midpoint between the given points.
R1395,C0031,C0246,Application,0.2312,82,35b90662ebe745cc8689fcde170fa5f0,Review Queue  Find the midpoint between the given points.
R1396,C0109,C0031,Application,0.2821,82,35b90662ebe745cc8689fcde170fa5f0,Review Queue  Find the midpoint between the given points.
R1397,C0246,C0031,Application,0.2312,82,35b90662ebe745cc8689fcde170fa5f0,Review Queue  Find the midpoint between the given points.
R1398,C0022,C0403,Application,0.3074,83,ab50fa758a804c6b82884355ee02094c,a) MN = OZ = 5  b) XY = 2(ON) = 2-4 = 8  c) Add up the three sides of AXYZ to find the perimeter.
R1399,C0403,C0022,Application,0.3074,83,ab50fa758a804c6b82884355ee02094c,a) MN = OZ = 5  b) XY = 2(ON) = 2-4 = 8  c) Add up the three sides of AXYZ to find the perimeter.
R1400,C0022,C0365,Application,0.401,83,82962a442bed4cfeb776f3085797421f,(b) Find the perimeter of AABC.
R1401,C0365,C0022,Application,0.401,83,82962a442bed4cfeb776f3085797421f,(b) Find the perimeter of AABC.
R1402,C0072,C0164,Application,0.26,84,6a98be2897fd4995844f5d58ec4641be,Coordinate Geometry Given the vertices of AABC below find the midpoints of each side.
R1403,C0072,C0365,Application,0.295,84,6a98be2897fd4995844f5d58ec4641be,Coordinate Geometry Given the vertices of AABC below find the midpoints of each side.
R1404,C0072,C0511,Application,0.2424,84,6a98be2897fd4995844f5d58ec4641be,Coordinate Geometry Given the vertices of AABC below find the midpoints of each side.
R1405,C0164,C0072,Application,0.26,84,6a98be2897fd4995844f5d58ec4641be,Coordinate Geometry Given the vertices of AABC below find the midpoints of each side.
R1406,C0164,C0246,Application,0.4787,84,6a98be2897fd4995844f5d58ec4641be,Coordinate Geometry Given the vertices of AABC below find the midpoints of each side.
R1407,C0164,C0365,Application,0.2521,84,6a98be2897fd4995844f5d58ec4641be,Coordinate Geometry Given the vertices of AABC below find the midpoints of each side.
R1408,C0164,C0511,Application,0.2386,84,6a98be2897fd4995844f5d58ec4641be,Coordinate Geometry Given the vertices of AABC below find the midpoints of each side.
R1409,C0246,C0164,Application,0.4787,84,6a98be2897fd4995844f5d58ec4641be,Coordinate Geometry Given the vertices of AABC below find the midpoints of each side.
R1410,C0246,C0365,Application,0.28,84,6a98be2897fd4995844f5d58ec4641be,Coordinate Geometry Given the vertices of AABC below find the midpoints of each side.
R1411,C0246,C0511,Application,0.2424,84,6a98be2897fd4995844f5d58ec4641be,Coordinate Geometry Given the vertices of AABC below find the midpoints of each side.
R1412,C0365,C0072,Application,0.295,84,6a98be2897fd4995844f5d58ec4641be,Coordinate Geometry Given the vertices of AABC below find the midpoints of each side.
R1413,C0365,C0164,Application,0.2521,84,6a98be2897fd4995844f5d58ec4641be,Coordinate Geometry Given the vertices of AABC below find the midpoints of each side.
R1414,C0365,C0246,Application,0.28,84,6a98be2897fd4995844f5d58ec4641be,Coordinate Geometry Given the vertices of AABC below find the midpoints of each side.
R1415,C0365,C0511,Application,0.2323,84,6a98be2897fd4995844f5d58ec4641be,Coordinate Geometry Given the vertices of AABC below find the midpoints of each side.
R1416,C0511,C0072,Application,0.2424,84,6a98be2897fd4995844f5d58ec4641be,Coordinate Geometry Given the vertices of AABC below find the midpoints of each side.
R1417,C0511,C0164,Application,0.2386,84,6a98be2897fd4995844f5d58ec4641be,Coordinate Geometry Given the vertices of AABC below find the midpoints of each side.
R1418,C0511,C0246,Application,0.2424,84,6a98be2897fd4995844f5d58ec4641be,Coordinate Geometry Given the vertices of AABC below find the midpoints of each side.
R1419,C0511,C0365,Application,0.2323,84,6a98be2897fd4995844f5d58ec4641be,Coordinate Geometry Given the vertices of AABC below find the midpoints of each side.
R1420,C0160,C0164,Application,0.215,84,6a98be2897fd4995844f5d58ec4641be,"Using the slopes, find the coordinates of the vertices of ARST."
R1421,C0164,C0160,Application,0.215,84,6a98be2897fd4995844f5d58ec4641be,"Using the slopes, find the coordinates of the vertices of ARST."
R1422,C0013,C0027,Similarity,0.3453,86,5612aba34dec4defbc5c7e8e3a364231,"Your  paper should look like this:  The creases, or perpendicular bisectors, intersect at the same point."
R1423,C0013,C0116,Similarity,0.2653,86,5612aba34dec4defbc5c7e8e3a364231,"Your  paper should look like this:  The creases, or perpendicular bisectors, intersect at the same point."
R1424,C0013,C0278,Similarity,0.28,86,5612aba34dec4defbc5c7e8e3a364231,"Your  paper should look like this:  The creases, or perpendicular bisectors, intersect at the same point."
R1425,C0027,C0013,Similarity,0.3453,86,5612aba34dec4defbc5c7e8e3a364231,"Your  paper should look like this:  The creases, or perpendicular bisectors, intersect at the same point."
R1426,C0027,C0116,Similarity,0.2291,86,5612aba34dec4defbc5c7e8e3a364231,"Your  paper should look like this:  The creases, or perpendicular bisectors, intersect at the same point."
R1427,C0027,C0278,Similarity,0.295,86,5612aba34dec4defbc5c7e8e3a364231,"Your  paper should look like this:  The creases, or perpendicular bisectors, intersect at the same point."
R1428,C0116,C0013,Similarity,0.2653,86,5612aba34dec4defbc5c7e8e3a364231,"Your  paper should look like this:  The creases, or perpendicular bisectors, intersect at the same point."
R1429,C0116,C0027,Similarity,0.2291,86,5612aba34dec4defbc5c7e8e3a364231,"Your  paper should look like this:  The creases, or perpendicular bisectors, intersect at the same point."
R1430,C0116,C0278,Similarity,0.215,86,5612aba34dec4defbc5c7e8e3a364231,"Your  paper should look like this:  The creases, or perpendicular bisectors, intersect at the same point."
R1431,C0278,C0013,Similarity,0.28,86,5612aba34dec4defbc5c7e8e3a364231,"Your  paper should look like this:  The creases, or perpendicular bisectors, intersect at the same point."
R1432,C0278,C0027,Similarity,0.295,86,5612aba34dec4defbc5c7e8e3a364231,"Your  paper should look like this:  The creases, or perpendicular bisectors, intersect at the same point."
R1433,C0278,C0116,Similarity,0.215,86,5612aba34dec4defbc5c7e8e3a364231,"Your  paper should look like this:  The creases, or perpendicular bisectors, intersect at the same point."
R1434,C0013,C0027,Prerequisite,0.4253,86,4fbbb980698742cfb974dec8e918302b,Recall from Chapter 3 that the shortest distance from a point to a line is the perpendicular length between  them.
R1435,C0013,C0029,Prerequisite,0.375,86,4fbbb980698742cfb974dec8e918302b,Recall from Chapter 3 that the shortest distance from a point to a line is the perpendicular length between  them.
R1436,C0013,C0358,Prerequisite,0.3033,86,4fbbb980698742cfb974dec8e918302b,Recall from Chapter 3 that the shortest distance from a point to a line is the perpendicular length between  them.
R1437,C0027,C0013,Prerequisite,0.4253,86,4fbbb980698742cfb974dec8e918302b,Recall from Chapter 3 that the shortest distance from a point to a line is the perpendicular length between  them.
R1438,C0027,C0029,Prerequisite,0.375,86,4fbbb980698742cfb974dec8e918302b,Recall from Chapter 3 that the shortest distance from a point to a line is the perpendicular length between  them.
R1439,C0027,C0358,Prerequisite,0.215,86,4fbbb980698742cfb974dec8e918302b,Recall from Chapter 3 that the shortest distance from a point to a line is the perpendicular length between  them.
R1440,C0029,C0013,Prerequisite,0.375,86,4fbbb980698742cfb974dec8e918302b,Recall from Chapter 3 that the shortest distance from a point to a line is the perpendicular length between  them.
R1441,C0029,C0027,Prerequisite,0.375,86,4fbbb980698742cfb974dec8e918302b,Recall from Chapter 3 that the shortest distance from a point to a line is the perpendicular length between  them.
R1442,C0029,C0358,Prerequisite,0.2971,86,4fbbb980698742cfb974dec8e918302b,Recall from Chapter 3 that the shortest distance from a point to a line is the perpendicular length between  them.
R1443,C0358,C0013,Prerequisite,0.3033,86,4fbbb980698742cfb974dec8e918302b,Recall from Chapter 3 that the shortest distance from a point to a line is the perpendicular length between  them.
R1444,C0358,C0027,Prerequisite,0.215,86,4fbbb980698742cfb974dec8e918302b,Recall from Chapter 3 that the shortest distance from a point to a line is the perpendicular length between  them.
R1445,C0358,C0029,Prerequisite,0.2971,86,4fbbb980698742cfb974dec8e918302b,Recall from Chapter 3 that the shortest distance from a point to a line is the perpendicular length between  them.
R1446,C0027,C0028,Similarity,0.228,87,b4edccfc7ee14ed2a3f7e552ee92b16e,"Your paper should look like:  The creases, or angle bisectors, intersect at the same point."
R1447,C0027,C0104,Similarity,0.2303,87,b4edccfc7ee14ed2a3f7e552ee92b16e,"Your paper should look like:  The creases, or angle bisectors, intersect at the same point."
R1448,C0028,C0027,Similarity,0.228,87,b4edccfc7ee14ed2a3f7e552ee92b16e,"Your paper should look like:  The creases, or angle bisectors, intersect at the same point."
R1449,C0028,C0104,Similarity,0.2596,87,b4edccfc7ee14ed2a3f7e552ee92b16e,"Your paper should look like:  The creases, or angle bisectors, intersect at the same point."
R1450,C0104,C0027,Similarity,0.2303,87,b4edccfc7ee14ed2a3f7e552ee92b16e,"Your paper should look like:  The creases, or angle bisectors, intersect at the same point."
R1451,C0104,C0028,Similarity,0.2596,87,b4edccfc7ee14ed2a3f7e552ee92b16e,"Your paper should look like:  The creases, or angle bisectors, intersect at the same point."
R1452,C0104,C0278,Similarity,0.215,87,b4edccfc7ee14ed2a3f7e552ee92b16e,"Your paper should look like:  The creases, or angle bisectors, intersect at the same point."
R1453,C0278,C0104,Similarity,0.215,87,b4edccfc7ee14ed2a3f7e552ee92b16e,"Your paper should look like:  The creases, or angle bisectors, intersect at the same point."
R1454,C0013,C0059,Application,0.215,87,b4edccfc7ee14ed2a3f7e552ee92b16e,Use Investigation 5-2 to find the perpendicular bisector of  at least two sides.
R1455,C0013,C0105,Application,0.3123,87,b4edccfc7ee14ed2a3f7e552ee92b16e,Use Investigation 5-2 to find the perpendicular bisector of  at least two sides.
R1456,C0013,C0116,Application,0.4253,87,b4edccfc7ee14ed2a3f7e552ee92b16e,Use Investigation 5-2 to find the perpendicular bisector of  at least two sides.
R1457,C0013,C0317,Application,0.3167,87,b4edccfc7ee14ed2a3f7e552ee92b16e,Use Investigation 5-2 to find the perpendicular bisector of  at least two sides.
R1458,C0059,C0013,Application,0.215,87,b4edccfc7ee14ed2a3f7e552ee92b16e,Use Investigation 5-2 to find the perpendicular bisector of  at least two sides.
R1459,C0059,C0105,Application,0.241,87,b4edccfc7ee14ed2a3f7e552ee92b16e,Use Investigation 5-2 to find the perpendicular bisector of  at least two sides.
R1460,C0059,C0116,Application,0.2376,87,b4edccfc7ee14ed2a3f7e552ee92b16e,Use Investigation 5-2 to find the perpendicular bisector of  at least two sides.
R1461,C0059,C0317,Application,0.2521,87,b4edccfc7ee14ed2a3f7e552ee92b16e,Use Investigation 5-2 to find the perpendicular bisector of  at least two sides.
R1462,C0105,C0013,Application,0.3123,87,b4edccfc7ee14ed2a3f7e552ee92b16e,Use Investigation 5-2 to find the perpendicular bisector of  at least two sides.
R1463,C0105,C0059,Application,0.241,87,b4edccfc7ee14ed2a3f7e552ee92b16e,Use Investigation 5-2 to find the perpendicular bisector of  at least two sides.
R1464,C0105,C0116,Application,0.3621,87,b4edccfc7ee14ed2a3f7e552ee92b16e,Use Investigation 5-2 to find the perpendicular bisector of  at least two sides.
R1465,C0105,C0317,Application,0.3545,87,b4edccfc7ee14ed2a3f7e552ee92b16e,Use Investigation 5-2 to find the perpendicular bisector of  at least two sides.
R1466,C0116,C0013,Application,0.4253,87,b4edccfc7ee14ed2a3f7e552ee92b16e,Use Investigation 5-2 to find the perpendicular bisector of  at least two sides.
R1467,C0116,C0059,Application,0.2376,87,b4edccfc7ee14ed2a3f7e552ee92b16e,Use Investigation 5-2 to find the perpendicular bisector of  at least two sides.
R1468,C0116,C0105,Application,0.3621,87,b4edccfc7ee14ed2a3f7e552ee92b16e,Use Investigation 5-2 to find the perpendicular bisector of  at least two sides.
R1469,C0116,C0317,Application,0.3782,87,b4edccfc7ee14ed2a3f7e552ee92b16e,Use Investigation 5-2 to find the perpendicular bisector of  at least two sides.
R1470,C0317,C0013,Application,0.3167,87,b4edccfc7ee14ed2a3f7e552ee92b16e,Use Investigation 5-2 to find the perpendicular bisector of  at least two sides.
R1471,C0317,C0059,Application,0.2521,87,b4edccfc7ee14ed2a3f7e552ee92b16e,Use Investigation 5-2 to find the perpendicular bisector of  at least two sides.
R1472,C0317,C0105,Application,0.3545,87,b4edccfc7ee14ed2a3f7e552ee92b16e,Use Investigation 5-2 to find the perpendicular bisector of  at least two sides.
R1473,C0317,C0116,Application,0.3782,87,b4edccfc7ee14ed2a3f7e552ee92b16e,Use Investigation 5-2 to find the perpendicular bisector of  at least two sides.
R1474,C0013,C0017,Application,0.3285,88,adc995a2afc4441e85e6373d0f82fafc,Construction Find the point of intersection of the perpendicular bisectors by tracing each triangle onto  a piece of paper (or patty paper) and using Investigation 5-2.
R1475,C0013,C0092,Application,0.215,88,adc995a2afc4441e85e6373d0f82fafc,Construction Find the point of intersection of the perpendicular bisectors by tracing each triangle onto  a piece of paper (or patty paper) and using Investigation 5-2.
R1476,C0013,C0279,Application,0.2793,88,adc995a2afc4441e85e6373d0f82fafc,Construction Find the point of intersection of the perpendicular bisectors by tracing each triangle onto  a piece of paper (or patty paper) and using Investigation 5-2.
R1477,C0013,C0527,Application,0.2318,88,adc995a2afc4441e85e6373d0f82fafc,Construction Find the point of intersection of the perpendicular bisectors by tracing each triangle onto  a piece of paper (or patty paper) and using Investigation 5-2.
R1478,C0017,C0013,Application,0.3285,88,adc995a2afc4441e85e6373d0f82fafc,Construction Find the point of intersection of the perpendicular bisectors by tracing each triangle onto  a piece of paper (or patty paper) and using Investigation 5-2.
R1479,C0017,C0027,Application,0.3247,88,adc995a2afc4441e85e6373d0f82fafc,Construction Find the point of intersection of the perpendicular bisectors by tracing each triangle onto  a piece of paper (or patty paper) and using Investigation 5-2.
R1480,C0017,C0092,Application,0.295,88,adc995a2afc4441e85e6373d0f82fafc,Construction Find the point of intersection of the perpendicular bisectors by tracing each triangle onto  a piece of paper (or patty paper) and using Investigation 5-2.
R1481,C0017,C0116,Application,0.3247,88,adc995a2afc4441e85e6373d0f82fafc,Construction Find the point of intersection of the perpendicular bisectors by tracing each triangle onto  a piece of paper (or patty paper) and using Investigation 5-2.
R1482,C0017,C0279,Application,0.295,88,adc995a2afc4441e85e6373d0f82fafc,Construction Find the point of intersection of the perpendicular bisectors by tracing each triangle onto  a piece of paper (or patty paper) and using Investigation 5-2.
R1483,C0017,C0317,Application,0.408,88,adc995a2afc4441e85e6373d0f82fafc,Construction Find the point of intersection of the perpendicular bisectors by tracing each triangle onto  a piece of paper (or patty paper) and using Investigation 5-2.
R1484,C0017,C0527,Application,0.3715,88,adc995a2afc4441e85e6373d0f82fafc,Construction Find the point of intersection of the perpendicular bisectors by tracing each triangle onto  a piece of paper (or patty paper) and using Investigation 5-2.
R1485,C0027,C0017,Application,0.3247,88,adc995a2afc4441e85e6373d0f82fafc,Construction Find the point of intersection of the perpendicular bisectors by tracing each triangle onto  a piece of paper (or patty paper) and using Investigation 5-2.
R1486,C0027,C0092,Application,0.375,88,adc995a2afc4441e85e6373d0f82fafc,Construction Find the point of intersection of the perpendicular bisectors by tracing each triangle onto  a piece of paper (or patty paper) and using Investigation 5-2.
R1487,C0027,C0116,Application,0.3091,88,adc995a2afc4441e85e6373d0f82fafc,Construction Find the point of intersection of the perpendicular bisectors by tracing each triangle onto  a piece of paper (or patty paper) and using Investigation 5-2.
R1488,C0027,C0279,Application,0.295,88,adc995a2afc4441e85e6373d0f82fafc,Construction Find the point of intersection of the perpendicular bisectors by tracing each triangle onto  a piece of paper (or patty paper) and using Investigation 5-2.
R1489,C0027,C0317,Application,0.3136,88,adc995a2afc4441e85e6373d0f82fafc,Construction Find the point of intersection of the perpendicular bisectors by tracing each triangle onto  a piece of paper (or patty paper) and using Investigation 5-2.
R1490,C0027,C0527,Application,0.3099,88,adc995a2afc4441e85e6373d0f82fafc,Construction Find the point of intersection of the perpendicular bisectors by tracing each triangle onto  a piece of paper (or patty paper) and using Investigation 5-2.
R1491,C0092,C0013,Application,0.215,88,adc995a2afc4441e85e6373d0f82fafc,Construction Find the point of intersection of the perpendicular bisectors by tracing each triangle onto  a piece of paper (or patty paper) and using Investigation 5-2.
R1492,C0092,C0017,Application,0.295,88,adc995a2afc4441e85e6373d0f82fafc,Construction Find the point of intersection of the perpendicular bisectors by tracing each triangle onto  a piece of paper (or patty paper) and using Investigation 5-2.
R1493,C0092,C0027,Application,0.375,88,adc995a2afc4441e85e6373d0f82fafc,Construction Find the point of intersection of the perpendicular bisectors by tracing each triangle onto  a piece of paper (or patty paper) and using Investigation 5-2.
R1494,C0092,C0116,Application,0.2336,88,adc995a2afc4441e85e6373d0f82fafc,Construction Find the point of intersection of the perpendicular bisectors by tracing each triangle onto  a piece of paper (or patty paper) and using Investigation 5-2.
R1495,C0092,C0279,Application,0.3445,88,adc995a2afc4441e85e6373d0f82fafc,Construction Find the point of intersection of the perpendicular bisectors by tracing each triangle onto  a piece of paper (or patty paper) and using Investigation 5-2.
R1496,C0092,C0317,Application,0.3224,88,adc995a2afc4441e85e6373d0f82fafc,Construction Find the point of intersection of the perpendicular bisectors by tracing each triangle onto  a piece of paper (or patty paper) and using Investigation 5-2.
R1497,C0092,C0527,Application,0.3366,88,adc995a2afc4441e85e6373d0f82fafc,Construction Find the point of intersection of the perpendicular bisectors by tracing each triangle onto  a piece of paper (or patty paper) and using Investigation 5-2.
R1498,C0116,C0017,Application,0.3247,88,adc995a2afc4441e85e6373d0f82fafc,Construction Find the point of intersection of the perpendicular bisectors by tracing each triangle onto  a piece of paper (or patty paper) and using Investigation 5-2.
R1499,C0116,C0027,Application,0.3091,88,adc995a2afc4441e85e6373d0f82fafc,Construction Find the point of intersection of the perpendicular bisectors by tracing each triangle onto  a piece of paper (or patty paper) and using Investigation 5-2.
R1500,C0116,C0092,Application,0.2336,88,adc995a2afc4441e85e6373d0f82fafc,Construction Find the point of intersection of the perpendicular bisectors by tracing each triangle onto  a piece of paper (or patty paper) and using Investigation 5-2.
R1501,C0116,C0279,Application,0.2893,88,adc995a2afc4441e85e6373d0f82fafc,Construction Find the point of intersection of the perpendicular bisectors by tracing each triangle onto  a piece of paper (or patty paper) and using Investigation 5-2.
R1502,C0116,C0527,Application,0.2623,88,adc995a2afc4441e85e6373d0f82fafc,Construction Find the point of intersection of the perpendicular bisectors by tracing each triangle onto  a piece of paper (or patty paper) and using Investigation 5-2.
R1503,C0279,C0013,Application,0.2793,88,adc995a2afc4441e85e6373d0f82fafc,Construction Find the point of intersection of the perpendicular bisectors by tracing each triangle onto  a piece of paper (or patty paper) and using Investigation 5-2.
R1504,C0279,C0017,Application,0.295,88,adc995a2afc4441e85e6373d0f82fafc,Construction Find the point of intersection of the perpendicular bisectors by tracing each triangle onto  a piece of paper (or patty paper) and using Investigation 5-2.
R1505,C0279,C0027,Application,0.295,88,adc995a2afc4441e85e6373d0f82fafc,Construction Find the point of intersection of the perpendicular bisectors by tracing each triangle onto  a piece of paper (or patty paper) and using Investigation 5-2.
R1506,C0279,C0092,Application,0.3445,88,adc995a2afc4441e85e6373d0f82fafc,Construction Find the point of intersection of the perpendicular bisectors by tracing each triangle onto  a piece of paper (or patty paper) and using Investigation 5-2.
R1507,C0279,C0116,Application,0.2893,88,adc995a2afc4441e85e6373d0f82fafc,Construction Find the point of intersection of the perpendicular bisectors by tracing each triangle onto  a piece of paper (or patty paper) and using Investigation 5-2.
R1508,C0279,C0317,Application,0.3445,88,adc995a2afc4441e85e6373d0f82fafc,Construction Find the point of intersection of the perpendicular bisectors by tracing each triangle onto  a piece of paper (or patty paper) and using Investigation 5-2.
R1509,C0279,C0527,Application,0.375,88,adc995a2afc4441e85e6373d0f82fafc,Construction Find the point of intersection of the perpendicular bisectors by tracing each triangle onto  a piece of paper (or patty paper) and using Investigation 5-2.
R1510,C0317,C0017,Application,0.408,88,adc995a2afc4441e85e6373d0f82fafc,Construction Find the point of intersection of the perpendicular bisectors by tracing each triangle onto  a piece of paper (or patty paper) and using Investigation 5-2.
R1511,C0317,C0027,Application,0.3136,88,adc995a2afc4441e85e6373d0f82fafc,Construction Find the point of intersection of the perpendicular bisectors by tracing each triangle onto  a piece of paper (or patty paper) and using Investigation 5-2.
R1512,C0317,C0092,Application,0.3224,88,adc995a2afc4441e85e6373d0f82fafc,Construction Find the point of intersection of the perpendicular bisectors by tracing each triangle onto  a piece of paper (or patty paper) and using Investigation 5-2.
R1513,C0317,C0279,Application,0.3445,88,adc995a2afc4441e85e6373d0f82fafc,Construction Find the point of intersection of the perpendicular bisectors by tracing each triangle onto  a piece of paper (or patty paper) and using Investigation 5-2.
R1514,C0317,C0527,Application,0.4132,88,adc995a2afc4441e85e6373d0f82fafc,Construction Find the point of intersection of the perpendicular bisectors by tracing each triangle onto  a piece of paper (or patty paper) and using Investigation 5-2.
R1515,C0527,C0013,Application,0.2318,88,adc995a2afc4441e85e6373d0f82fafc,Construction Find the point of intersection of the perpendicular bisectors by tracing each triangle onto  a piece of paper (or patty paper) and using Investigation 5-2.
R1516,C0527,C0017,Application,0.3715,88,adc995a2afc4441e85e6373d0f82fafc,Construction Find the point of intersection of the perpendicular bisectors by tracing each triangle onto  a piece of paper (or patty paper) and using Investigation 5-2.
R1517,C0527,C0027,Application,0.3099,88,adc995a2afc4441e85e6373d0f82fafc,Construction Find the point of intersection of the perpendicular bisectors by tracing each triangle onto  a piece of paper (or patty paper) and using Investigation 5-2.
R1518,C0527,C0092,Application,0.3366,88,adc995a2afc4441e85e6373d0f82fafc,Construction Find the point of intersection of the perpendicular bisectors by tracing each triangle onto  a piece of paper (or patty paper) and using Investigation 5-2.
R1519,C0527,C0116,Application,0.2623,88,adc995a2afc4441e85e6373d0f82fafc,Construction Find the point of intersection of the perpendicular bisectors by tracing each triangle onto  a piece of paper (or patty paper) and using Investigation 5-2.
R1520,C0527,C0279,Application,0.375,88,adc995a2afc4441e85e6373d0f82fafc,Construction Find the point of intersection of the perpendicular bisectors by tracing each triangle onto  a piece of paper (or patty paper) and using Investigation 5-2.
R1521,C0527,C0317,Application,0.4132,88,adc995a2afc4441e85e6373d0f82fafc,Construction Find the point of intersection of the perpendicular bisectors by tracing each triangle onto  a piece of paper (or patty paper) and using Investigation 5-2.
R1522,C0017,C0104,Application,0.2843,88,adc995a2afc4441e85e6373d0f82fafc,Construction Find the point of intersection of the angle bisectors by tracing each triangle onto a piece  of paper (or patty paper) and using Investigation 5-4.
R1523,C0027,C0028,Application,0.388,88,adc995a2afc4441e85e6373d0f82fafc,Construction Find the point of intersection of the angle bisectors by tracing each triangle onto a piece  of paper (or patty paper) and using Investigation 5-4.
R1524,C0027,C0104,Application,0.3103,88,adc995a2afc4441e85e6373d0f82fafc,Construction Find the point of intersection of the angle bisectors by tracing each triangle onto a piece  of paper (or patty paper) and using Investigation 5-4.
R1525,C0028,C0027,Application,0.388,88,adc995a2afc4441e85e6373d0f82fafc,Construction Find the point of intersection of the angle bisectors by tracing each triangle onto a piece  of paper (or patty paper) and using Investigation 5-4.
R1526,C0028,C0092,Application,0.215,88,adc995a2afc4441e85e6373d0f82fafc,Construction Find the point of intersection of the angle bisectors by tracing each triangle onto a piece  of paper (or patty paper) and using Investigation 5-4.
R1527,C0028,C0104,Application,0.3396,88,adc995a2afc4441e85e6373d0f82fafc,Construction Find the point of intersection of the angle bisectors by tracing each triangle onto a piece  of paper (or patty paper) and using Investigation 5-4.
R1528,C0028,C0279,Application,0.215,88,adc995a2afc4441e85e6373d0f82fafc,Construction Find the point of intersection of the angle bisectors by tracing each triangle onto a piece  of paper (or patty paper) and using Investigation 5-4.
R1529,C0028,C0317,Application,0.2688,88,adc995a2afc4441e85e6373d0f82fafc,Construction Find the point of intersection of the angle bisectors by tracing each triangle onto a piece  of paper (or patty paper) and using Investigation 5-4.
R1530,C0028,C0527,Application,0.2431,88,adc995a2afc4441e85e6373d0f82fafc,Construction Find the point of intersection of the angle bisectors by tracing each triangle onto a piece  of paper (or patty paper) and using Investigation 5-4.
R1531,C0092,C0028,Application,0.215,88,adc995a2afc4441e85e6373d0f82fafc,Construction Find the point of intersection of the angle bisectors by tracing each triangle onto a piece  of paper (or patty paper) and using Investigation 5-4.
R1532,C0092,C0104,Application,0.215,88,adc995a2afc4441e85e6373d0f82fafc,Construction Find the point of intersection of the angle bisectors by tracing each triangle onto a piece  of paper (or patty paper) and using Investigation 5-4.
R1533,C0104,C0017,Application,0.2843,88,adc995a2afc4441e85e6373d0f82fafc,Construction Find the point of intersection of the angle bisectors by tracing each triangle onto a piece  of paper (or patty paper) and using Investigation 5-4.
R1534,C0104,C0027,Application,0.3103,88,adc995a2afc4441e85e6373d0f82fafc,Construction Find the point of intersection of the angle bisectors by tracing each triangle onto a piece  of paper (or patty paper) and using Investigation 5-4.
R1535,C0104,C0028,Application,0.3396,88,adc995a2afc4441e85e6373d0f82fafc,Construction Find the point of intersection of the angle bisectors by tracing each triangle onto a piece  of paper (or patty paper) and using Investigation 5-4.
R1536,C0104,C0092,Application,0.215,88,adc995a2afc4441e85e6373d0f82fafc,Construction Find the point of intersection of the angle bisectors by tracing each triangle onto a piece  of paper (or patty paper) and using Investigation 5-4.
R1537,C0104,C0279,Application,0.215,88,adc995a2afc4441e85e6373d0f82fafc,Construction Find the point of intersection of the angle bisectors by tracing each triangle onto a piece  of paper (or patty paper) and using Investigation 5-4.
R1538,C0104,C0317,Application,0.3545,88,adc995a2afc4441e85e6373d0f82fafc,Construction Find the point of intersection of the angle bisectors by tracing each triangle onto a piece  of paper (or patty paper) and using Investigation 5-4.
R1539,C0104,C0527,Application,0.267,88,adc995a2afc4441e85e6373d0f82fafc,Construction Find the point of intersection of the angle bisectors by tracing each triangle onto a piece  of paper (or patty paper) and using Investigation 5-4.
R1540,C0279,C0028,Application,0.215,88,adc995a2afc4441e85e6373d0f82fafc,Construction Find the point of intersection of the angle bisectors by tracing each triangle onto a piece  of paper (or patty paper) and using Investigation 5-4.
R1541,C0279,C0104,Application,0.215,88,adc995a2afc4441e85e6373d0f82fafc,Construction Find the point of intersection of the angle bisectors by tracing each triangle onto a piece  of paper (or patty paper) and using Investigation 5-4.
R1542,C0317,C0028,Application,0.2688,88,adc995a2afc4441e85e6373d0f82fafc,Construction Find the point of intersection of the angle bisectors by tracing each triangle onto a piece  of paper (or patty paper) and using Investigation 5-4.
R1543,C0317,C0104,Application,0.3545,88,adc995a2afc4441e85e6373d0f82fafc,Construction Find the point of intersection of the angle bisectors by tracing each triangle onto a piece  of paper (or patty paper) and using Investigation 5-4.
R1544,C0527,C0028,Application,0.2431,88,adc995a2afc4441e85e6373d0f82fafc,Construction Find the point of intersection of the angle bisectors by tracing each triangle onto a piece  of paper (or patty paper) and using Investigation 5-4.
R1545,C0527,C0104,Application,0.267,88,adc995a2afc4441e85e6373d0f82fafc,Construction Find the point of intersection of the angle bisectors by tracing each triangle onto a piece  of paper (or patty paper) and using Investigation 5-4.
R1546,C0067,C0328,Application,0.375,88,adc995a2afc4441e85e6373d0f82fafc,"Algebra Connection For questions 7-12, find the value of x."
R1547,C0328,C0067,Application,0.375,88,adc995a2afc4441e85e6373d0f82fafc,"Algebra Connection For questions 7-12, find the value of x."
R1548,C0029,C0109,Application,0.286,88,bfe642bc74ca44f58f8f4d43b13df511,Find the equation of the line with the slope from #27 and through the midpoint from #26.
R1549,C0107,C0109,Application,0.26,88,bfe642bc74ca44f58f8f4d43b13df511,Find the equation of the line with the slope from #27 and through the midpoint from #26.
R1550,C0109,C0029,Application,0.286,88,bfe642bc74ca44f58f8f4d43b13df511,Find the equation of the line with the slope from #27 and through the midpoint from #26.
R1551,C0109,C0107,Application,0.26,88,bfe642bc74ca44f58f8f4d43b13df511,Find the equation of the line with the slope from #27 and through the midpoint from #26.
R1552,C0037,C0534,Application,0.2447,89,465e53e4d49248ac96c74a4e1d95b04e,Learning Objectives  • Define median and find the properties of the centroid.
R1553,C0037,C0535,Application,0.2707,89,465e53e4d49248ac96c74a4e1d95b04e,Learning Objectives  • Define median and find the properties of the centroid.
R1554,C0534,C0037,Application,0.2447,89,465e53e4d49248ac96c74a4e1d95b04e,Learning Objectives  • Define median and find the properties of the centroid.
R1555,C0534,C0535,Application,0.3633,89,465e53e4d49248ac96c74a4e1d95b04e,Learning Objectives  • Define median and find the properties of the centroid.
R1556,C0535,C0037,Application,0.2707,89,465e53e4d49248ac96c74a4e1d95b04e,Learning Objectives  • Define median and find the properties of the centroid.
R1557,C0535,C0534,Application,0.3633,89,465e53e4d49248ac96c74a4e1d95b04e,Learning Objectives  • Define median and find the properties of the centroid.
R1558,C0038,C0365,Similarity,0.2447,90,07c666ab91274356a86079cab9bd3ec0,"Label it AABC, like the picture to the right."
R1559,C0365,C0038,Similarity,0.2447,90,07c666ab91274356a86079cab9bd3ec0,"Label it AABC, like the picture to the right."
R1560,C0026,C0535,Application,0.2329,91,35c31ce7992c488e8623be3b3018b099,Multistep Problem Find the equation of a median in the x - y plane.
R1561,C0026,C0539,Application,0.235,91,35c31ce7992c488e8623be3b3018b099,Multistep Problem Find the equation of a median in the x - y plane.
R1562,C0535,C0026,Application,0.2329,91,35c31ce7992c488e8623be3b3018b099,Multistep Problem Find the equation of a median in the x - y plane.
R1563,C0535,C0539,Application,0.3893,91,35c31ce7992c488e8623be3b3018b099,Multistep Problem Find the equation of a median in the x - y plane.
R1564,C0539,C0026,Application,0.235,91,35c31ce7992c488e8623be3b3018b099,Multistep Problem Find the equation of a median in the x - y plane.
R1565,C0539,C0535,Application,0.3893,91,35c31ce7992c488e8623be3b3018b099,Multistep Problem Find the equation of a median in the x - y plane.
R1566,C0017,C0041,Prerequisite,0.4135,91,7c5a101d6494402c8bc489eb624cecff,• Understand the Triangle Inequality Theorem.
R1567,C0017,C0547,Application,0.3,93,616d668caa7f42b9b218060430b6578e,Solution: The Triangle Inequality Theorem can also help you find the range of the third side.
R1568,C0017,C0548,Application,0.2826,93,616d668caa7f42b9b218060430b6578e,Solution: The Triangle Inequality Theorem can also help you find the range of the third side.
R1569,C0045,C0072,Application,0.3929,93,616d668caa7f42b9b218060430b6578e,Solution: The Triangle Inequality Theorem can also help you find the range of the third side.
R1570,C0045,C0547,Application,0.2688,93,616d668caa7f42b9b218060430b6578e,Solution: The Triangle Inequality Theorem can also help you find the range of the third side.
R1571,C0045,C0548,Application,0.255,93,616d668caa7f42b9b218060430b6578e,Solution: The Triangle Inequality Theorem can also help you find the range of the third side.
R1572,C0072,C0045,Application,0.3929,93,616d668caa7f42b9b218060430b6578e,Solution: The Triangle Inequality Theorem can also help you find the range of the third side.
R1573,C0072,C0196,Application,0.34,93,616d668caa7f42b9b218060430b6578e,Solution: The Triangle Inequality Theorem can also help you find the range of the third side.
R1574,C0072,C0547,Application,0.215,93,616d668caa7f42b9b218060430b6578e,Solution: The Triangle Inequality Theorem can also help you find the range of the third side.
R1575,C0072,C0548,Application,0.215,93,616d668caa7f42b9b218060430b6578e,Solution: The Triangle Inequality Theorem can also help you find the range of the third side.
R1576,C0196,C0072,Application,0.34,93,616d668caa7f42b9b218060430b6578e,Solution: The Triangle Inequality Theorem can also help you find the range of the third side.
R1577,C0196,C0547,Application,0.235,93,616d668caa7f42b9b218060430b6578e,Solution: The Triangle Inequality Theorem can also help you find the range of the third side.
R1578,C0196,C0548,Application,0.215,93,616d668caa7f42b9b218060430b6578e,Solution: The Triangle Inequality Theorem can also help you find the range of the third side.
R1579,C0547,C0017,Application,0.3,93,616d668caa7f42b9b218060430b6578e,Solution: The Triangle Inequality Theorem can also help you find the range of the third side.
R1580,C0547,C0045,Application,0.2688,93,616d668caa7f42b9b218060430b6578e,Solution: The Triangle Inequality Theorem can also help you find the range of the third side.
R1581,C0547,C0072,Application,0.215,93,616d668caa7f42b9b218060430b6578e,Solution: The Triangle Inequality Theorem can also help you find the range of the third side.
R1582,C0547,C0196,Application,0.235,93,616d668caa7f42b9b218060430b6578e,Solution: The Triangle Inequality Theorem can also help you find the range of the third side.
R1583,C0547,C0548,Application,0.38,93,616d668caa7f42b9b218060430b6578e,Solution: The Triangle Inequality Theorem can also help you find the range of the third side.
R1584,C0548,C0017,Application,0.2826,93,616d668caa7f42b9b218060430b6578e,Solution: The Triangle Inequality Theorem can also help you find the range of the third side.
R1585,C0548,C0045,Application,0.255,93,616d668caa7f42b9b218060430b6578e,Solution: The Triangle Inequality Theorem can also help you find the range of the third side.
R1586,C0548,C0072,Application,0.215,93,616d668caa7f42b9b218060430b6578e,Solution: The Triangle Inequality Theorem can also help you find the range of the third side.
R1587,C0548,C0196,Application,0.215,93,616d668caa7f42b9b218060430b6578e,Solution: The Triangle Inequality Theorem can also help you find the range of the third side.
R1588,C0548,C0547,Application,0.38,93,616d668caa7f42b9b218060430b6578e,Solution: The Triangle Inequality Theorem can also help you find the range of the third side.
R1589,C0017,C0547,Similarity,0.46,93,616d668caa7f42b9b218060430b6578e,"255  www.ckl2.org  B * H X C E*-H ^  The SAS Inequality Theorem: If two sides of a triangle are congruent to two sides of another triangle,  but the included angle of one triangle has greater measure than the included angle of the other triangle,  then the third side of the first triangle is longer than the third side of the second triangle."
R1590,C0028,C0547,Similarity,0.4288,93,616d668caa7f42b9b218060430b6578e,"255  www.ckl2.org  B * H X C E*-H ^  The SAS Inequality Theorem: If two sides of a triangle are congruent to two sides of another triangle,  but the included angle of one triangle has greater measure than the included angle of the other triangle,  then the third side of the first triangle is longer than the third side of the second triangle."
R1591,C0045,C0406,Similarity,0.3303,93,616d668caa7f42b9b218060430b6578e,"255  www.ckl2.org  B * H X C E*-H ^  The SAS Inequality Theorem: If two sides of a triangle are congruent to two sides of another triangle,  but the included angle of one triangle has greater measure than the included angle of the other triangle,  then the third side of the first triangle is longer than the third side of the second triangle."
R1592,C0045,C0417,Similarity,0.4571,93,616d668caa7f42b9b218060430b6578e,"255  www.ckl2.org  B * H X C E*-H ^  The SAS Inequality Theorem: If two sides of a triangle are congruent to two sides of another triangle,  but the included angle of one triangle has greater measure than the included angle of the other triangle,  then the third side of the first triangle is longer than the third side of the second triangle."
R1593,C0045,C0547,Similarity,0.4288,93,616d668caa7f42b9b218060430b6578e,"255  www.ckl2.org  B * H X C E*-H ^  The SAS Inequality Theorem: If two sides of a triangle are congruent to two sides of another triangle,  but the included angle of one triangle has greater measure than the included angle of the other triangle,  then the third side of the first triangle is longer than the third side of the second triangle."
R1594,C0072,C0547,Similarity,0.375,93,616d668caa7f42b9b218060430b6578e,"255  www.ckl2.org  B * H X C E*-H ^  The SAS Inequality Theorem: If two sides of a triangle are congruent to two sides of another triangle,  but the included angle of one triangle has greater measure than the included angle of the other triangle,  then the third side of the first triangle is longer than the third side of the second triangle."
R1595,C0202,C0547,Similarity,0.2323,93,616d668caa7f42b9b218060430b6578e,"255  www.ckl2.org  B * H X C E*-H ^  The SAS Inequality Theorem: If two sides of a triangle are congruent to two sides of another triangle,  but the included angle of one triangle has greater measure than the included angle of the other triangle,  then the third side of the first triangle is longer than the third side of the second triangle."
R1596,C0406,C0045,Similarity,0.3303,93,616d668caa7f42b9b218060430b6578e,"255  www.ckl2.org  B * H X C E*-H ^  The SAS Inequality Theorem: If two sides of a triangle are congruent to two sides of another triangle,  but the included angle of one triangle has greater measure than the included angle of the other triangle,  then the third side of the first triangle is longer than the third side of the second triangle."
R1597,C0406,C0547,Similarity,0.2728,93,616d668caa7f42b9b218060430b6578e,"255  www.ckl2.org  B * H X C E*-H ^  The SAS Inequality Theorem: If two sides of a triangle are congruent to two sides of another triangle,  but the included angle of one triangle has greater measure than the included angle of the other triangle,  then the third side of the first triangle is longer than the third side of the second triangle."
R1598,C0417,C0045,Similarity,0.4571,93,616d668caa7f42b9b218060430b6578e,"255  www.ckl2.org  B * H X C E*-H ^  The SAS Inequality Theorem: If two sides of a triangle are congruent to two sides of another triangle,  but the included angle of one triangle has greater measure than the included angle of the other triangle,  then the third side of the first triangle is longer than the third side of the second triangle."
R1599,C0417,C0547,Similarity,0.4056,93,616d668caa7f42b9b218060430b6578e,"255  www.ckl2.org  B * H X C E*-H ^  The SAS Inequality Theorem: If two sides of a triangle are congruent to two sides of another triangle,  but the included angle of one triangle has greater measure than the included angle of the other triangle,  then the third side of the first triangle is longer than the third side of the second triangle."
R1600,C0547,C0017,Similarity,0.46,93,616d668caa7f42b9b218060430b6578e,"255  www.ckl2.org  B * H X C E*-H ^  The SAS Inequality Theorem: If two sides of a triangle are congruent to two sides of another triangle,  but the included angle of one triangle has greater measure than the included angle of the other triangle,  then the third side of the first triangle is longer than the third side of the second triangle."
R1601,C0547,C0028,Similarity,0.4288,93,616d668caa7f42b9b218060430b6578e,"255  www.ckl2.org  B * H X C E*-H ^  The SAS Inequality Theorem: If two sides of a triangle are congruent to two sides of another triangle,  but the included angle of one triangle has greater measure than the included angle of the other triangle,  then the third side of the first triangle is longer than the third side of the second triangle."
R1602,C0547,C0045,Similarity,0.4288,93,616d668caa7f42b9b218060430b6578e,"255  www.ckl2.org  B * H X C E*-H ^  The SAS Inequality Theorem: If two sides of a triangle are congruent to two sides of another triangle,  but the included angle of one triangle has greater measure than the included angle of the other triangle,  then the third side of the first triangle is longer than the third side of the second triangle."
R1603,C0547,C0072,Similarity,0.375,93,616d668caa7f42b9b218060430b6578e,"255  www.ckl2.org  B * H X C E*-H ^  The SAS Inequality Theorem: If two sides of a triangle are congruent to two sides of another triangle,  but the included angle of one triangle has greater measure than the included angle of the other triangle,  then the third side of the first triangle is longer than the third side of the second triangle."
R1604,C0547,C0202,Similarity,0.2323,93,616d668caa7f42b9b218060430b6578e,"255  www.ckl2.org  B * H X C E*-H ^  The SAS Inequality Theorem: If two sides of a triangle are congruent to two sides of another triangle,  but the included angle of one triangle has greater measure than the included angle of the other triangle,  then the third side of the first triangle is longer than the third side of the second triangle."
R1605,C0547,C0406,Similarity,0.2728,93,616d668caa7f42b9b218060430b6578e,"255  www.ckl2.org  B * H X C E*-H ^  The SAS Inequality Theorem: If two sides of a triangle are congruent to two sides of another triangle,  but the included angle of one triangle has greater measure than the included angle of the other triangle,  then the third side of the first triangle is longer than the third side of the second triangle."
R1606,C0547,C0417,Similarity,0.4056,93,616d668caa7f42b9b218060430b6578e,"255  www.ckl2.org  B * H X C E*-H ^  The SAS Inequality Theorem: If two sides of a triangle are congruent to two sides of another triangle,  but the included angle of one triangle has greater measure than the included angle of the other triangle,  then the third side of the first triangle is longer than the third side of the second triangle."
R1607,C0028,C0410,Similarity,0.4103,93,52ebff9b40614032a362521cca24eb06,"SSS Inequality Theorem  SSS Inequality Theorem: If two sides of a triangle are congruent to two sides of another triangle, but  the third side of the first triangle is longer than the third side of the second triangle, then the included  angle of the first triangle is greater in measure than the included angle of the second triangle."
R1608,C0045,C0410,Similarity,0.4103,93,52ebff9b40614032a362521cca24eb06,"SSS Inequality Theorem  SSS Inequality Theorem: If two sides of a triangle are congruent to two sides of another triangle, but  the third side of the first triangle is longer than the third side of the second triangle, then the included  angle of the first triangle is greater in measure than the included angle of the second triangle."
R1609,C0410,C0028,Similarity,0.4103,93,52ebff9b40614032a362521cca24eb06,"SSS Inequality Theorem  SSS Inequality Theorem: If two sides of a triangle are congruent to two sides of another triangle, but  the third side of the first triangle is longer than the third side of the second triangle, then the included  angle of the first triangle is greater in measure than the included angle of the second triangle."
R1610,C0410,C0045,Similarity,0.4103,93,52ebff9b40614032a362521cca24eb06,"SSS Inequality Theorem  SSS Inequality Theorem: If two sides of a triangle are congruent to two sides of another triangle, but  the third side of the first triangle is longer than the third side of the second triangle, then the included  angle of the first triangle is greater in measure than the included angle of the second triangle."
R1611,C0410,C0417,Similarity,0.44,93,52ebff9b40614032a362521cca24eb06,"SSS Inequality Theorem  SSS Inequality Theorem: If two sides of a triangle are congruent to two sides of another triangle, but  the third side of the first triangle is longer than the third side of the second triangle, then the included  angle of the first triangle is greater in measure than the included angle of the second triangle."
R1612,C0410,C0547,Similarity,0.3528,93,52ebff9b40614032a362521cca24eb06,"SSS Inequality Theorem  SSS Inequality Theorem: If two sides of a triangle are congruent to two sides of another triangle, but  the third side of the first triangle is longer than the third side of the second triangle, then the included  angle of the first triangle is greater in measure than the included angle of the second triangle."
R1613,C0417,C0410,Similarity,0.44,93,52ebff9b40614032a362521cca24eb06,"SSS Inequality Theorem  SSS Inequality Theorem: If two sides of a triangle are congruent to two sides of another triangle, but  the third side of the first triangle is longer than the third side of the second triangle, then the included  angle of the first triangle is greater in measure than the included angle of the second triangle."
R1614,C0547,C0410,Similarity,0.3528,93,52ebff9b40614032a362521cca24eb06,"SSS Inequality Theorem  SSS Inequality Theorem: If two sides of a triangle are congruent to two sides of another triangle, but  the third side of the first triangle is longer than the third side of the second triangle, then the included  angle of the first triangle is greater in measure than the included angle of the second triangle."
R1615,C0012,C0552,Part-of,0.2602,94,9ce8b21917a74e03818fa4db035db8c4,The indirect proof or proof by contradiction is part of 41 out of 50 states' mathematics standards.
R1616,C0012,C0554,Part-of,0.2424,94,9ce8b21917a74e03818fa4db035db8c4,The indirect proof or proof by contradiction is part of 41 out of 50 states' mathematics standards.
R1617,C0552,C0012,Part-of,0.2602,94,9ce8b21917a74e03818fa4db035db8c4,The indirect proof or proof by contradiction is part of 41 out of 50 states' mathematics standards.
R1618,C0552,C0554,Part-of,0.3545,94,9ce8b21917a74e03818fa4db035db8c4,The indirect proof or proof by contradiction is part of 41 out of 50 states' mathematics standards.
R1619,C0554,C0012,Part-of,0.2424,94,9ce8b21917a74e03818fa4db035db8c4,The indirect proof or proof by contradiction is part of 41 out of 50 states' mathematics standards.
R1620,C0554,C0552,Part-of,0.3545,94,9ce8b21917a74e03818fa4db035db8c4,The indirect proof or proof by contradiction is part of 41 out of 50 states' mathematics standards.
R1621,C0167,C0288,Application,0.3054,97,fb41746f1b9b47618706ece7f3a684bc,• Find the sums of interior angles in convex polygons.
R1622,C0288,C0167,Application,0.3054,97,fb41746f1b9b47618706ece7f3a684bc,• Find the sums of interior angles in convex polygons.
R1623,C0017,C0027,Similarity,0.4047,98,2c8e5a4a2d6e4e18a773a44da7a10c45,"6 ■ 2  5 4 3  The angles all fit around a point, meaning that the angles add up to 360°, just like a triangle."
R1624,C0027,C0017,Similarity,0.4047,98,2c8e5a4a2d6e4e18a773a44da7a10c45,"6 ■ 2  5 4 3  The angles all fit around a point, meaning that the angles add up to 360°, just like a triangle."
R1625,C0013,C0014,Prerequisite,0.295,100,a0f31cbf6c7c4643b24df63a0bbe96d2,"Also, recall that two lines are parallel when they are  perpendicular to the same line."
R1626,C0014,C0013,Prerequisite,0.295,100,a0f31cbf6c7c4643b24df63a0bbe96d2,"Also, recall that two lines are parallel when they are  perpendicular to the same line."
R1627,C0014,C0029,Prerequisite,1.0,100,a0f31cbf6c7c4643b24df63a0bbe96d2,"Also, recall that two lines are parallel when they are  perpendicular to the same line."
R1628,C0029,C0014,Prerequisite,1.0,100,a0f31cbf6c7c4643b24df63a0bbe96d2,"Also, recall that two lines are parallel when they are  perpendicular to the same line."
R1629,C0045,C0297,Similarity,0.2323,101,bfd7bfc07f254f5b83ad1758414f466c,Questions 28 and 29 are similar to the prool ol the Opposite Sides Theorem.
R1630,C0045,C0562,Similarity,0.2707,101,bfd7bfc07f254f5b83ad1758414f466c,Questions 28 and 29 are similar to the prool ol the Opposite Sides Theorem.
R1631,C0297,C0045,Similarity,0.2323,101,bfd7bfc07f254f5b83ad1758414f466c,Questions 28 and 29 are similar to the prool ol the Opposite Sides Theorem.
R1632,C0297,C0562,Similarity,0.28,101,bfd7bfc07f254f5b83ad1758414f466c,Questions 28 and 29 are similar to the prool ol the Opposite Sides Theorem.
R1633,C0562,C0045,Similarity,0.2707,101,bfd7bfc07f254f5b83ad1758414f466c,Questions 28 and 29 are similar to the prool ol the Opposite Sides Theorem.
R1634,C0562,C0297,Similarity,0.28,101,bfd7bfc07f254f5b83ad1758414f466c,Questions 28 and 29 are similar to the prool ol the Opposite Sides Theorem.
R1635,C0252,C0264,Application,0.366,102,7615306e206445b88091e239cc70dbf3,"If mlB = 72° in parallelogram ABCD, find the other three angles."
R1636,C0264,C0252,Application,0.366,102,7615306e206445b88091e239cc70dbf3,"If mlB = 72° in parallelogram ABCD, find the other three angles."
R1637,C0264,C0570,Application,0.3309,102,7615306e206445b88091e239cc70dbf3,"If mlS = 143° in parallelogram PQRS , find the other three angles."
R1638,C0570,C0264,Application,0.3309,102,7615306e206445b88091e239cc70dbf3,"If mlS = 143° in parallelogram PQRS , find the other three angles."
R1639,C0264,C0569,Application,0.3816,102,7615306e206445b88091e239cc70dbf3,"If mlF = x° in parallelogram EFGH, find the other three angles."
R1640,C0569,C0264,Application,0.3816,102,7615306e206445b88091e239cc70dbf3,"If mlF = x° in parallelogram EFGH, find the other three angles."
R1641,C0027,C0148,Application,0.215,102,7615306e206445b88091e239cc70dbf3,mlAVW  Find the point of intersection of the diagonals to see if EFGH is a parallelogram.
R1642,C0027,C0264,Application,0.215,102,7615306e206445b88091e239cc70dbf3,mlAVW  Find the point of intersection of the diagonals to see if EFGH is a parallelogram.
R1643,C0027,C0569,Application,0.2336,102,7615306e206445b88091e239cc70dbf3,mlAVW  Find the point of intersection of the diagonals to see if EFGH is a parallelogram.
R1644,C0148,C0027,Application,0.215,102,7615306e206445b88091e239cc70dbf3,mlAVW  Find the point of intersection of the diagonals to see if EFGH is a parallelogram.
R1645,C0148,C0264,Application,0.295,102,7615306e206445b88091e239cc70dbf3,mlAVW  Find the point of intersection of the diagonals to see if EFGH is a parallelogram.
R1646,C0148,C0569,Application,0.2386,102,7615306e206445b88091e239cc70dbf3,mlAVW  Find the point of intersection of the diagonals to see if EFGH is a parallelogram.
R1647,C0264,C0027,Application,0.215,102,7615306e206445b88091e239cc70dbf3,mlAVW  Find the point of intersection of the diagonals to see if EFGH is a parallelogram.
R1648,C0264,C0148,Application,0.295,102,7615306e206445b88091e239cc70dbf3,mlAVW  Find the point of intersection of the diagonals to see if EFGH is a parallelogram.
R1649,C0569,C0027,Application,0.2336,102,7615306e206445b88091e239cc70dbf3,mlAVW  Find the point of intersection of the diagonals to see if EFGH is a parallelogram.
R1650,C0569,C0148,Application,0.2386,102,7615306e206445b88091e239cc70dbf3,mlAVW  Find the point of intersection of the diagonals to see if EFGH is a parallelogram.
R1651,C0027,C0109,Application,0.215,103,d39a375e28654155b486fd687e611861,(b) Find the point of intersection of the diagonals by finding the midpoint of each.
R1652,C0109,C0027,Application,0.215,103,d39a375e28654155b486fd687e611861,(b) Find the point of intersection of the diagonals by finding the midpoint of each.
R1653,C0045,C0264,Application,0.2287,103,d39a375e28654155b486fd687e611861,Find the length of the other diagonal (using the Pythagorean Theorem) and determine if  the baseball diamond is a parallelogram.
R1654,C0264,C0045,Application,0.2287,103,d39a375e28654155b486fd687e611861,Find the length of the other diagonal (using the Pythagorean Theorem) and determine if  the baseball diamond is a parallelogram.
R1655,C0264,C0347,Application,0.215,103,d39a375e28654155b486fd687e611861,Find the length of the other diagonal (using the Pythagorean Theorem) and determine if  the baseball diamond is a parallelogram.
R1656,C0347,C0264,Application,0.215,103,d39a375e28654155b486fd687e611861,Find the length of the other diagonal (using the Pythagorean Theorem) and determine if  the baseball diamond is a parallelogram.
R1657,C0148,C0172,Application,0.2336,103,d39a375e28654155b486fd687e611861,www.ckl2.org 282  Home  Determining if a Quadrilateral is a Parallelogram  The converses of the theorems in the last section will now be used to see if a quadrilateral is a parallelogram.
R1658,C0172,C0148,Application,0.2336,103,d39a375e28654155b486fd687e611861,www.ckl2.org 282  Home  Determining if a Quadrilateral is a Parallelogram  The converses of the theorems in the last section will now be used to see if a quadrilateral is a parallelogram.
R1659,C0172,C0264,Application,0.347,103,d39a375e28654155b486fd687e611861,www.ckl2.org 282  Home  Determining if a Quadrilateral is a Parallelogram  The converses of the theorems in the last section will now be used to see if a quadrilateral is a parallelogram.
R1660,C0264,C0172,Application,0.347,103,d39a375e28654155b486fd687e611861,www.ckl2.org 282  Home  Determining if a Quadrilateral is a Parallelogram  The converses of the theorems in the last section will now be used to see if a quadrilateral is a parallelogram.
R1661,C0045,C0581,Application,0.2509,104,3d350045bcc7492a880a90e05e493076,Revisited Use the Pythagorean Theorem to find the length of the second diagonal.
R1662,C0059,C0581,Application,0.3017,104,3d350045bcc7492a880a90e05e493076,Revisited Use the Pythagorean Theorem to find the length of the second diagonal.
R1663,C0347,C0581,Application,0.2637,104,3d350045bcc7492a880a90e05e493076,Revisited Use the Pythagorean Theorem to find the length of the second diagonal.
R1664,C0581,C0045,Application,0.2509,104,3d350045bcc7492a880a90e05e493076,Revisited Use the Pythagorean Theorem to find the length of the second diagonal.
R1665,C0581,C0059,Application,0.3017,104,3d350045bcc7492a880a90e05e493076,Revisited Use the Pythagorean Theorem to find the length of the second diagonal.
R1666,C0581,C0347,Application,0.2637,104,3d350045bcc7492a880a90e05e493076,Revisited Use the Pythagorean Theorem to find the length of the second diagonal.
R1667,C0012,C0297,Similarity,0.215,104,3d350045bcc7492a880a90e05e493076,• Questions 23-25 are similar to Example 1 and the proof of the Opposite Sides Converse.
R1668,C0012,C0575,Similarity,0.2688,104,3d350045bcc7492a880a90e05e493076,• Questions 23-25 are similar to Example 1 and the proof of the Opposite Sides Converse.
R1669,C0297,C0012,Similarity,0.215,104,3d350045bcc7492a880a90e05e493076,• Questions 23-25 are similar to Example 1 and the proof of the Opposite Sides Converse.
R1670,C0297,C0575,Similarity,0.2602,104,3d350045bcc7492a880a90e05e493076,• Questions 23-25 are similar to Example 1 and the proof of the Opposite Sides Converse.
R1671,C0575,C0012,Similarity,0.2688,104,3d350045bcc7492a880a90e05e493076,• Questions 23-25 are similar to Example 1 and the proof of the Opposite Sides Converse.
R1672,C0575,C0297,Similarity,0.2602,104,3d350045bcc7492a880a90e05e493076,• Questions 23-25 are similar to Example 1 and the proof of the Opposite Sides Converse.
R1673,C0264,C0130,Extension,1.0,105,d8e878a9ed0549ef8037d3994bc6751f,"Rectangles, Rhombuses (also called Rhombi) and Squares are all more specific versions of parallelograms,  also called special parallelograms."
R1674,C0264,C0588,Prerequisite,0.26,106,565046009bf849c2b2f2b384f6581b8b,Diagonals in Special Parallelograms  Recall from previous lessons that the diagonals in a parallelogram bisect each other.
R1675,C0588,C0264,Prerequisite,0.26,106,565046009bf849c2b2f2b384f6581b8b,Diagonals in Special Parallelograms  Recall from previous lessons that the diagonals in a parallelogram bisect each other.
R1676,C0014,C0062,Similarity,0.2497,106,565046009bf849c2b2f2b384f6581b8b,"Like with Investigation 6-2, draw two lines on either side of your ruler, making them parallel."
R1677,C0014,C0072,Similarity,0.215,106,565046009bf849c2b2f2b384f6581b8b,"Like with Investigation 6-2, draw two lines on either side of your ruler, making them parallel."
R1678,C0062,C0014,Similarity,0.2497,106,565046009bf849c2b2f2b384f6581b8b,"Like with Investigation 6-2, draw two lines on either side of your ruler, making them parallel."
R1679,C0062,C0072,Similarity,0.3833,106,565046009bf849c2b2f2b384f6581b8b,"Like with Investigation 6-2, draw two lines on either side of your ruler, making them parallel."
R1680,C0072,C0014,Similarity,0.215,106,565046009bf849c2b2f2b384f6581b8b,"Like with Investigation 6-2, draw two lines on either side of your ruler, making them parallel."
R1681,C0072,C0062,Similarity,0.3833,106,565046009bf849c2b2f2b384f6581b8b,"Like with Investigation 6-2, draw two lines on either side of your ruler, making them parallel."
R1682,C0031,C0052,Similarity,0.2485,107,78b6c6b9cee945d2a229b83af8b67198,Review Questions  • Questions 1-3 are similar to #2 in the Review Queue and Example 1.
R1683,C0052,C0031,Similarity,0.2485,107,78b6c6b9cee945d2a229b83af8b67198,Review Questions  • Questions 1-3 are similar to #2 in the Review Queue and Example 1.
R1684,C0163,C0611,Similarity,0.3894,108,a39994d45e1f4f13b6a961edd6de2229,"Learning Objectives  • Define trapezoids, isosceles trapezoids, and kites."
R1685,C0014,C0109,Application,0.286,109,ea550e8d57ab4b69b7cf2ba5bcf50cb6,Find the midpoint of the non-parallel sides by using the midpoint formula.
R1686,C0014,C0114,Application,0.2367,109,ea550e8d57ab4b69b7cf2ba5bcf50cb6,Find the midpoint of the non-parallel sides by using the midpoint formula.
R1687,C0109,C0014,Application,0.286,109,ea550e8d57ab4b69b7cf2ba5bcf50cb6,Find the midpoint of the non-parallel sides by using the midpoint formula.
R1688,C0114,C0014,Application,0.2367,109,ea550e8d57ab4b69b7cf2ba5bcf50cb6,Find the midpoint of the non-parallel sides by using the midpoint formula.
R1689,C0196,C0610,Similarity,0.2312,109,30673f9c34684dbcab40061d16985ca9,"Like you might think, it looks like a kite that flies in the air."
R1690,C0610,C0196,Similarity,0.2312,109,30673f9c34684dbcab40061d16985ca9,"Like you might think, it looks like a kite that flies in the air."
R1691,C0045,C0610,Application,0.2439,110,5ce73436fe0b4a35a3506225b6e500de,Example 6: Use the Pythagorean Theorem to find the length of the sides of the kite.
R1692,C0059,C0610,Application,0.215,110,5ce73436fe0b4a35a3506225b6e500de,Example 6: Use the Pythagorean Theorem to find the length of the sides of the kite.
R1693,C0347,C0610,Application,0.241,110,5ce73436fe0b4a35a3506225b6e500de,Example 6: Use the Pythagorean Theorem to find the length of the sides of the kite.
R1694,C0610,C0045,Application,0.2439,110,5ce73436fe0b4a35a3506225b6e500de,Example 6: Use the Pythagorean Theorem to find the length of the sides of the kite.
R1695,C0610,C0059,Application,0.215,110,5ce73436fe0b4a35a3506225b6e500de,Example 6: Use the Pythagorean Theorem to find the length of the sides of the kite.
R1696,C0610,C0347,Application,0.241,110,5ce73436fe0b4a35a3506225b6e500de,Example 6: Use the Pythagorean Theorem to find the length of the sides of the kite.
R1697,C0045,C0347,Prerequisite,0.4223,110,270ff17f067c4d07918e63bbb4e81d40,"Solution: Recall that the Pythagorean Theorem is a 2 + b 2 = c 2 , where c is the hypotenuse."
R1698,C0045,C0448,Prerequisite,0.4489,110,270ff17f067c4d07918e63bbb4e81d40,"Solution: Recall that the Pythagorean Theorem is a 2 + b 2 = c 2 , where c is the hypotenuse."
R1699,C0347,C0045,Prerequisite,0.4223,110,270ff17f067c4d07918e63bbb4e81d40,"Solution: Recall that the Pythagorean Theorem is a 2 + b 2 = c 2 , where c is the hypotenuse."
R1700,C0347,C0448,Prerequisite,0.401,110,270ff17f067c4d07918e63bbb4e81d40,"Solution: Recall that the Pythagorean Theorem is a 2 + b 2 = c 2 , where c is the hypotenuse."
R1701,C0448,C0045,Prerequisite,0.4489,110,270ff17f067c4d07918e63bbb4e81d40,"Solution: Recall that the Pythagorean Theorem is a 2 + b 2 = c 2 , where c is the hypotenuse."
R1702,C0448,C0347,Prerequisite,0.401,110,270ff17f067c4d07918e63bbb4e81d40,"Solution: Recall that the Pythagorean Theorem is a 2 + b 2 = c 2 , where c is the hypotenuse."
R1703,C0014,C0148,Application,0.215,110,1e7a1444849141a697cfe272361a98f3,Find the slopes of BC and AD to see if they are parallel.
R1704,C0148,C0014,Application,0.215,110,1e7a1444849141a697cfe272361a98f3,Find the slopes of BC and AD to see if they are parallel.
R1705,C0072,C0328,Application,0.215,111,39c1cac6a5e54479b2cac63375a19cd4,"For questions 5-10, find the length of the midsegment or missing side."
R1706,C0072,C0506,Application,0.215,111,39c1cac6a5e54479b2cac63375a19cd4,"For questions 5-10, find the length of the midsegment or missing side."
R1707,C0328,C0072,Application,0.215,111,39c1cac6a5e54479b2cac63375a19cd4,"For questions 5-10, find the length of the midsegment or missing side."
R1708,C0328,C0506,Application,0.2762,111,39c1cac6a5e54479b2cac63375a19cd4,"For questions 5-10, find the length of the midsegment or missing side."
R1709,C0506,C0072,Application,0.215,111,39c1cac6a5e54479b2cac63375a19cd4,"For questions 5-10, find the length of the midsegment or missing side."
R1710,C0506,C0328,Application,0.2762,111,39c1cac6a5e54479b2cac63375a19cd4,"For questions 5-10, find the length of the midsegment or missing side."
R1711,C0206,C0557,Application,0.335,113,9a11c467df2a484493a6f4c352c6e70b,"Find the total number of bagels sold, 80 + 30 + 25 + 20 + 45 + 50 = 250."
R1712,C0557,C0206,Application,0.335,113,9a11c467df2a484493a6f4c352c6e70b,"Find the total number of bagels sold, 80 + 30 + 25 + 20 + 45 + 50 = 250."
R1713,C0015,C0029,Similarity,0.3309,117,3116d40d22e74ca8ae79416c14f5de51,"Solution: Just like a congruence statement, the congruent angles line up within the statement."
R1714,C0015,C0118,Similarity,0.3157,117,3116d40d22e74ca8ae79416c14f5de51,"Solution: Just like a congruence statement, the congruent angles line up within the statement."
R1715,C0029,C0015,Similarity,0.3309,117,3116d40d22e74ca8ae79416c14f5de51,"Solution: Just like a congruence statement, the congruent angles line up within the statement."
R1716,C0029,C0118,Similarity,0.215,117,3116d40d22e74ca8ae79416c14f5de51,"Solution: Just like a congruence statement, the congruent angles line up within the statement."
R1717,C0118,C0015,Similarity,0.3157,117,3116d40d22e74ca8ae79416c14f5de51,"Solution: Just like a congruence statement, the congruent angles line up within the statement."
R1718,C0118,C0029,Similarity,0.215,117,3116d40d22e74ca8ae79416c14f5de51,"Solution: Just like a congruence statement, the congruent angles line up within the statement."
R1719,C0058,C0648,Application,0.4183,117,9b5e1e7555d94dd2ae0f2ca36518a902,Find the scale factor and the length of BC.
R1720,C0648,C0058,Application,0.4183,117,9b5e1e7555d94dd2ae0f2ca36518a902,Find the scale factor and the length of BC.
R1721,C0252,C0658,Application,0.3033,117,810fe3ed976248938b2793e48980ed1e,Example 6: Find the perimeters of ABCD and AMNP.
R1722,C0658,C0252,Application,0.3033,117,810fe3ed976248938b2793e48980ed1e,Example 6: Find the perimeters of ABCD and AMNP.
R1723,C0045,C0653,Similarity,0.2303,117,9702e50a8a85444baed21fa63b078290,Theorem 7-2: The ratio of the perimeters of two similar polygons is the same as the ratio of the sides.
R1724,C0653,C0045,Similarity,0.2303,117,9702e50a8a85444baed21fa63b078290,Theorem 7-2: The ratio of the perimeters of two similar polygons is the same as the ratio of the sides.
R1725,C0022,C0658,Application,0.2947,117,c8f94c54fa4c4368bbadc55a6803901c,Find the perimeter  of AMNP.
R1726,C0658,C0022,Application,0.2947,117,c8f94c54fa4c4368bbadc55a6803901c,Find the perimeter  of AMNP.
R1727,C0022,C0397,Application,0.215,118,d351bada7c034327bbb53feb2d64e2cd,Find the perimeter of ABIG and AHAT.
R1728,C0022,C0659,Application,0.32,118,d351bada7c034327bbb53feb2d64e2cd,Find the perimeter of ABIG and AHAT.
R1729,C0397,C0022,Application,0.215,118,d351bada7c034327bbb53feb2d64e2cd,Find the perimeter of ABIG and AHAT.
R1730,C0397,C0659,Application,0.267,118,d351bada7c034327bbb53feb2d64e2cd,Find the perimeter of ABIG and AHAT.
R1731,C0659,C0022,Application,0.32,118,d351bada7c034327bbb53feb2d64e2cd,Find the perimeter of ABIG and AHAT.
R1732,C0659,C0397,Application,0.267,118,d351bada7c034327bbb53feb2d64e2cd,Find the perimeter of ABIG and AHAT.
R1733,C0058,C0661,Application,0.2645,118,2ec6f073bccc449eb6cce934686c71e8,"ABCDE ~ QLMNP, find the scale factor."
R1734,C0058,C0662,Application,0.2645,118,2ec6f073bccc449eb6cce934686c71e8,"ABCDE ~ QLMNP, find the scale factor."
R1735,C0648,C0661,Application,0.345,118,2ec6f073bccc449eb6cce934686c71e8,"ABCDE ~ QLMNP, find the scale factor."
R1736,C0648,C0662,Application,0.345,118,2ec6f073bccc449eb6cce934686c71e8,"ABCDE ~ QLMNP, find the scale factor."
R1737,C0661,C0058,Application,0.2645,118,2ec6f073bccc449eb6cce934686c71e8,"ABCDE ~ QLMNP, find the scale factor."
R1738,C0661,C0648,Application,0.345,118,2ec6f073bccc449eb6cce934686c71e8,"ABCDE ~ QLMNP, find the scale factor."
R1739,C0661,C0662,Application,0.84,118,2ec6f073bccc449eb6cce934686c71e8,"ABCDE ~ QLMNP, find the scale factor."
R1740,C0662,C0058,Application,0.2645,118,2ec6f073bccc449eb6cce934686c71e8,"ABCDE ~ QLMNP, find the scale factor."
R1741,C0662,C0648,Application,0.345,118,2ec6f073bccc449eb6cce934686c71e8,"ABCDE ~ QLMNP, find the scale factor."
R1742,C0662,C0661,Application,0.84,118,2ec6f073bccc449eb6cce934686c71e8,"ABCDE ~ QLMNP, find the scale factor."
R1743,C0016,C0017,Application,0.5421,119,f791fff25e62457cb78e2dfb8c378f89,• Solve problems involving similar triangles.
R1744,C0017,C0663,Similarity,0.255,119,f791fff25e62457cb78e2dfb8c378f89,"•10 ft.-  ■ 85 ft.""  Angles in Similar Triangles  The Third Angle Theorem says if two angles are congruent to two angles in another triangle the third angles  are congruent too."
R1745,C0028,C0663,Similarity,0.2688,119,f791fff25e62457cb78e2dfb8c378f89,"•10 ft.-  ■ 85 ft.""  Angles in Similar Triangles  The Third Angle Theorem says if two angles are congruent to two angles in another triangle the third angles  are congruent too."
R1746,C0045,C0663,Similarity,0.2688,119,f791fff25e62457cb78e2dfb8c378f89,"•10 ft.-  ■ 85 ft.""  Angles in Similar Triangles  The Third Angle Theorem says if two angles are congruent to two angles in another triangle the third angles  are congruent too."
R1747,C0374,C0663,Similarity,0.2774,119,f791fff25e62457cb78e2dfb8c378f89,"•10 ft.-  ■ 85 ft.""  Angles in Similar Triangles  The Third Angle Theorem says if two angles are congruent to two angles in another triangle the third angles  are congruent too."
R1748,C0443,C0663,Similarity,0.2329,119,f791fff25e62457cb78e2dfb8c378f89,"•10 ft.-  ■ 85 ft.""  Angles in Similar Triangles  The Third Angle Theorem says if two angles are congruent to two angles in another triangle the third angles  are congruent too."
R1749,C0663,C0017,Similarity,0.255,119,f791fff25e62457cb78e2dfb8c378f89,"•10 ft.-  ■ 85 ft.""  Angles in Similar Triangles  The Third Angle Theorem says if two angles are congruent to two angles in another triangle the third angles  are congruent too."
R1750,C0663,C0028,Similarity,0.2688,119,f791fff25e62457cb78e2dfb8c378f89,"•10 ft.-  ■ 85 ft.""  Angles in Similar Triangles  The Third Angle Theorem says if two angles are congruent to two angles in another triangle the third angles  are congruent too."
R1751,C0663,C0045,Similarity,0.2688,119,f791fff25e62457cb78e2dfb8c378f89,"•10 ft.-  ■ 85 ft.""  Angles in Similar Triangles  The Third Angle Theorem says if two angles are congruent to two angles in another triangle the third angles  are congruent too."
R1752,C0663,C0374,Similarity,0.2774,119,f791fff25e62457cb78e2dfb8c378f89,"•10 ft.-  ■ 85 ft.""  Angles in Similar Triangles  The Third Angle Theorem says if two angles are congruent to two angles in another triangle the third angles  are congruent too."
R1753,C0663,C0443,Similarity,0.2329,119,f791fff25e62457cb78e2dfb8c378f89,"•10 ft.-  ■ 85 ft.""  Angles in Similar Triangles  The Third Angle Theorem says if two angles are congruent to two angles in another triangle the third angles  are congruent too."
R1754,C0028,C0148,Application,0.2303,119,f791fff25e62457cb78e2dfb8c378f89,Let's see what happens when two different triangles have the same angle measures.
R1755,C0148,C0028,Application,0.2303,119,f791fff25e62457cb78e2dfb8c378f89,Let's see what happens when two different triangles have the same angle measures.
R1756,C0016,C0017,Similarity,0.5421,119,d72d3bfa3fa449688fa8fe5c34837513,"AA Similarity Postulate: If two angles in one triangle are congruent to two angles in another triangle,  the two triangles are similar."
R1757,C0016,C0046,Similarity,0.5062,119,d72d3bfa3fa449688fa8fe5c34837513,"AA Similarity Postulate: If two angles in one triangle are congruent to two angles in another triangle,  the two triangles are similar."
R1758,C0016,C0202,Similarity,0.2893,119,d72d3bfa3fa449688fa8fe5c34837513,"AA Similarity Postulate: If two angles in one triangle are congruent to two angles in another triangle,  the two triangles are similar."
R1759,C0016,C0665,Similarity,0.5076,119,d72d3bfa3fa449688fa8fe5c34837513,"AA Similarity Postulate: If two angles in one triangle are congruent to two angles in another triangle,  the two triangles are similar."
R1760,C0017,C0016,Similarity,0.3821,119,d72d3bfa3fa449688fa8fe5c34837513,"AA Similarity Postulate: If two angles in one triangle are congruent to two angles in another triangle,  the two triangles are similar."
R1761,C0017,C0665,Similarity,0.319,119,d72d3bfa3fa449688fa8fe5c34837513,"AA Similarity Postulate: If two angles in one triangle are congruent to two angles in another triangle,  the two triangles are similar."
R1762,C0046,C0016,Similarity,0.5062,119,d72d3bfa3fa449688fa8fe5c34837513,"AA Similarity Postulate: If two angles in one triangle are congruent to two angles in another triangle,  the two triangles are similar."
R1763,C0046,C0665,Similarity,0.4185,119,d72d3bfa3fa449688fa8fe5c34837513,"AA Similarity Postulate: If two angles in one triangle are congruent to two angles in another triangle,  the two triangles are similar."
R1764,C0202,C0016,Similarity,0.2893,119,d72d3bfa3fa449688fa8fe5c34837513,"AA Similarity Postulate: If two angles in one triangle are congruent to two angles in another triangle,  the two triangles are similar."
R1765,C0202,C0665,Similarity,0.267,119,d72d3bfa3fa449688fa8fe5c34837513,"AA Similarity Postulate: If two angles in one triangle are congruent to two angles in another triangle,  the two triangles are similar."
R1766,C0665,C0016,Similarity,0.5076,119,d72d3bfa3fa449688fa8fe5c34837513,"AA Similarity Postulate: If two angles in one triangle are congruent to two angles in another triangle,  the two triangles are similar."
R1767,C0665,C0017,Similarity,0.319,119,d72d3bfa3fa449688fa8fe5c34837513,"AA Similarity Postulate: If two angles in one triangle are congruent to two angles in another triangle,  the two triangles are similar."
R1768,C0665,C0046,Similarity,0.4185,119,d72d3bfa3fa449688fa8fe5c34837513,"AA Similarity Postulate: If two angles in one triangle are congruent to two angles in another triangle,  the two triangles are similar."
R1769,C0665,C0202,Similarity,0.267,119,d72d3bfa3fa449688fa8fe5c34837513,"AA Similarity Postulate: If two angles in one triangle are congruent to two angles in another triangle,  the two triangles are similar."
R1770,C0663,C0669,Application,0.325,120,d33fadc2a05549bb88ebfc32088ebdfd,shortest sides are  corresponding  longest sides are  corresponding  V  middle sides are  corresponding  333  www.ckl2.org  Indirect Measurement  An application of similar triangles is to measure lengths indirectly.
R1771,C0669,C0663,Application,0.325,120,d33fadc2a05549bb88ebfc32088ebdfd,shortest sides are  corresponding  longest sides are  corresponding  V  middle sides are  corresponding  333  www.ckl2.org  Indirect Measurement  An application of similar triangles is to measure lengths indirectly.
R1772,C0028,C0410,Application,0.4903,121,1775497d9d214ccfb01a0dfade766f9b,"Link for an interactive game of pool: http://www.coolmath-games.com/0-poolgeometry/index.html  SSS for Similar Triangles  If you do not know any angle measures, can you say two triangles are similar?"
R1773,C0028,C0663,Application,0.3488,121,1775497d9d214ccfb01a0dfade766f9b,"Link for an interactive game of pool: http://www.coolmath-games.com/0-poolgeometry/index.html  SSS for Similar Triangles  If you do not know any angle measures, can you say two triangles are similar?"
R1774,C0196,C0410,Application,0.2447,121,1775497d9d214ccfb01a0dfade766f9b,"Link for an interactive game of pool: http://www.coolmath-games.com/0-poolgeometry/index.html  SSS for Similar Triangles  If you do not know any angle measures, can you say two triangles are similar?"
R1775,C0196,C0663,Application,0.235,121,1775497d9d214ccfb01a0dfade766f9b,"Link for an interactive game of pool: http://www.coolmath-games.com/0-poolgeometry/index.html  SSS for Similar Triangles  If you do not know any angle measures, can you say two triangles are similar?"
R1776,C0410,C0028,Application,0.4903,121,1775497d9d214ccfb01a0dfade766f9b,"Link for an interactive game of pool: http://www.coolmath-games.com/0-poolgeometry/index.html  SSS for Similar Triangles  If you do not know any angle measures, can you say two triangles are similar?"
R1777,C0410,C0196,Application,0.2447,121,1775497d9d214ccfb01a0dfade766f9b,"Link for an interactive game of pool: http://www.coolmath-games.com/0-poolgeometry/index.html  SSS for Similar Triangles  If you do not know any angle measures, can you say two triangles are similar?"
R1778,C0410,C0663,Application,0.2329,121,1775497d9d214ccfb01a0dfade766f9b,"Link for an interactive game of pool: http://www.coolmath-games.com/0-poolgeometry/index.html  SSS for Similar Triangles  If you do not know any angle measures, can you say two triangles are similar?"
R1779,C0663,C0028,Application,0.3488,121,1775497d9d214ccfb01a0dfade766f9b,"Link for an interactive game of pool: http://www.coolmath-games.com/0-poolgeometry/index.html  SSS for Similar Triangles  If you do not know any angle measures, can you say two triangles are similar?"
R1780,C0663,C0196,Application,0.235,121,1775497d9d214ccfb01a0dfade766f9b,"Link for an interactive game of pool: http://www.coolmath-games.com/0-poolgeometry/index.html  SSS for Similar Triangles  If you do not know any angle measures, can you say two triangles are similar?"
R1781,C0663,C0410,Application,0.2329,121,1775497d9d214ccfb01a0dfade766f9b,"Link for an interactive game of pool: http://www.coolmath-games.com/0-poolgeometry/index.html  SSS for Similar Triangles  If you do not know any angle measures, can you say two triangles are similar?"
R1782,C0365,C0376,Similarity,0.3373,122,77f6a890b6fa4e26a7c3c2ed238f9810,"' 33 33 ' dnu sfi  16  33  IN  36  30  2' 33  33 '  AABC and AG/// : §  36 2 - 2  __ 22 _ 24  33 36  ^ ?M,ADEF is not similar to AGHI."
R1783,C0365,C0395,Similarity,0.2566,122,77f6a890b6fa4e26a7c3c2ed238f9810,"' 33 33 ' dnu sfi  16  33  IN  36  30  2' 33  33 '  AABC and AG/// : §  36 2 - 2  __ 22 _ 24  33 36  ^ ?M,ADEF is not similar to AGHI."
R1784,C0376,C0365,Similarity,0.3373,122,77f6a890b6fa4e26a7c3c2ed238f9810,"' 33 33 ' dnu sfi  16  33  IN  36  30  2' 33  33 '  AABC and AG/// : §  36 2 - 2  __ 22 _ 24  33 36  ^ ?M,ADEF is not similar to AGHI."
R1785,C0376,C0395,Similarity,0.2728,122,77f6a890b6fa4e26a7c3c2ed238f9810,"' 33 33 ' dnu sfi  16  33  IN  36  30  2' 33  33 '  AABC and AG/// : §  36 2 - 2  __ 22 _ 24  33 36  ^ ?M,ADEF is not similar to AGHI."
R1786,C0395,C0365,Similarity,0.2566,122,77f6a890b6fa4e26a7c3c2ed238f9810,"' 33 33 ' dnu sfi  16  33  IN  36  30  2' 33  33 '  AABC and AG/// : §  36 2 - 2  __ 22 _ 24  33 36  ^ ?M,ADEF is not similar to AGHI."
R1787,C0395,C0376,Similarity,0.2728,122,77f6a890b6fa4e26a7c3c2ed238f9810,"' 33 33 ' dnu sfi  16  33  IN  36  30  2' 33  33 '  AABC and AG/// : §  36 2 - 2  __ 22 _ 24  33 36  ^ ?M,ADEF is not similar to AGHI."
R1788,C0196,C0246,Similarity,0.4109,122,77f6a890b6fa4e26a7c3c2ed238f9810,Is this ratio the same as the ratios of the sides  you were given?
R1789,C0246,C0196,Similarity,0.4109,122,77f6a890b6fa4e26a7c3c2ed238f9810,Is this ratio the same as the ratios of the sides  you were given?
R1790,C0680,C0681,Similarity,0.84,122,ec5b0788eca540fe9d01c53ade555804,"Solution: lA is shared by AEAB and ADAC, so it is congruent to itself."
R1791,C0681,C0680,Similarity,0.84,122,ec5b0788eca540fe9d01c53ade555804,"Solution: lA is shared by AEAB and ADAC, so it is congruent to itself."
R1792,C0022,C0376,Application,0.2303,123,752b6b4e5bd8429a94c10cf3f7347ec7,Find the perimeter of AABC and ADEF.
R1793,C0365,C0376,Application,0.4173,123,752b6b4e5bd8429a94c10cf3f7347ec7,Find the perimeter of AABC and ADEF.
R1794,C0376,C0022,Application,0.2303,123,752b6b4e5bd8429a94c10cf3f7347ec7,Find the perimeter of AABC and ADEF.
R1795,C0376,C0365,Application,0.4173,123,752b6b4e5bd8429a94c10cf3f7347ec7,Find the perimeter of AABC and ADEF.
R1796,C0014,C0067,Application,0.3052,125,398fbca9e9b441c9977bddd6437592e4,12 _ b  93 ~ 24  288 = 9.6b  6 = 30  Example 6: Algebra Connection Find the value of x that makes the lines parallel.
R1797,C0067,C0014,Application,0.3052,125,398fbca9e9b441c9977bddd6437592e4,12 _ b  93 ~ 24  288 = 9.6b  6 = 30  Example 6: Algebra Connection Find the value of x that makes the lines parallel.
R1798,C0648,C0694,Part-of,0.375,126,44f7a469a43d4867a6d69c55805332a7,• Plot an image when given the center of dilation and scale factor.
R1799,C0058,C0648,Similarity,0.4183,127,67b015a9b2fa4f7ca394b34bdefe49a8,"The ratio is 80:40, which reduces to 2:1, which is the same as the scale factor."
R1800,C0648,C0058,Similarity,0.4183,127,67b015a9b2fa4f7ca394b34bdefe49a8,"The ratio is 80:40, which reduces to 2:1, which is the same as the scale factor."
R1801,C0058,C0365,Application,0.2299,127,810a1d7aa46f426db9e98f48ab01df3b,Example 7: Determine the coordinates of aABC and aA'B'C and find the scale factor.
R1802,C0365,C0058,Application,0.2299,127,810a1d7aa46f426db9e98f48ab01df3b,Example 7: Determine the coordinates of aABC and aA'B'C and find the scale factor.
R1803,C0365,C0648,Application,0.2343,127,810a1d7aa46f426db9e98f48ab01df3b,Example 7: Determine the coordinates of aABC and aA'B'C and find the scale factor.
R1804,C0648,C0365,Application,0.2343,127,810a1d7aa46f426db9e98f48ab01df3b,Example 7: Determine the coordinates of aABC and aA'B'C and find the scale factor.
R1805,C0058,C0246,Application,0.3852,128,2e45d595b6ba45d29e0efc4d8dc95cb0,"A(9,-13),Jt= \  Given A and A', find the scale factor."
R1806,C0246,C0058,Application,0.3852,128,2e45d595b6ba45d29e0efc4d8dc95cb0,"A(9,-13),Jt= \  Given A and A', find the scale factor."
R1807,C0246,C0648,Application,0.3275,128,2e45d595b6ba45d29e0efc4d8dc95cb0,"A(9,-13),Jt= \  Given A and A', find the scale factor."
R1808,C0648,C0246,Application,0.3275,128,2e45d595b6ba45d29e0efc4d8dc95cb0,"A(9,-13),Jt= \  Given A and A', find the scale factor."
R1809,C0202,C0278,Part-of,0.2312,129,25e8e0fb085b49a889efc8d532a08b13,Self-Similar: When one part of an object can be enlarged (or shrunk) to look like the whole object.
R1810,C0202,C0278,Similarity,0.3112,129,25e8e0fb085b49a889efc8d532a08b13,Self-Similar: When one part of an object can be enlarged (or shrunk) to look like the whole object.
R1811,C0278,C0202,Part-of,0.2312,129,25e8e0fb085b49a889efc8d532a08b13,Self-Similar: When one part of an object can be enlarged (or shrunk) to look like the whole object.
R1812,C0278,C0202,Similarity,0.3112,129,25e8e0fb085b49a889efc8d532a08b13,Self-Similar: When one part of an object can be enlarged (or shrunk) to look like the whole object.
R1813,C0022,C0060,Part-of,0.255,129,63c5e8c6dc5a4d9a95f824f37cf8db28,Table 7.5:  Stage  Stage 1  Stage 2  Number of Edges 3  Edge Length 1  Perimeter 3  12  i  3  4  48  l  9  f = 5.3  The Cantor Set  The Cantor set is another fractal that consists of dividing a segment into thirds and then erasing the middle  third.
R1814,C0022,C0206,Part-of,0.2707,129,63c5e8c6dc5a4d9a95f824f37cf8db28,Table 7.5:  Stage  Stage 1  Stage 2  Number of Edges 3  Edge Length 1  Perimeter 3  12  i  3  4  48  l  9  f = 5.3  The Cantor Set  The Cantor set is another fractal that consists of dividing a segment into thirds and then erasing the middle  third.
R1815,C0022,C0507,Part-of,0.84,129,63c5e8c6dc5a4d9a95f824f37cf8db28,Table 7.5:  Stage  Stage 1  Stage 2  Number of Edges 3  Edge Length 1  Perimeter 3  12  i  3  4  48  l  9  f = 5.3  The Cantor Set  The Cantor set is another fractal that consists of dividing a segment into thirds and then erasing the middle  third.
R1816,C0022,C0706,Part-of,0.645,129,63c5e8c6dc5a4d9a95f824f37cf8db28,Table 7.5:  Stage  Stage 1  Stage 2  Number of Edges 3  Edge Length 1  Perimeter 3  12  i  3  4  48  l  9  f = 5.3  The Cantor Set  The Cantor set is another fractal that consists of dividing a segment into thirds and then erasing the middle  third.
R1817,C0022,C0708,Part-of,0.84,129,63c5e8c6dc5a4d9a95f824f37cf8db28,Table 7.5:  Stage  Stage 1  Stage 2  Number of Edges 3  Edge Length 1  Perimeter 3  12  i  3  4  48  l  9  f = 5.3  The Cantor Set  The Cantor set is another fractal that consists of dividing a segment into thirds and then erasing the middle  third.
R1818,C0022,C0856,Part-of,0.2821,129,63c5e8c6dc5a4d9a95f824f37cf8db28,Table 7.5:  Stage  Stage 1  Stage 2  Number of Edges 3  Edge Length 1  Perimeter 3  12  i  3  4  48  l  9  f = 5.3  The Cantor Set  The Cantor set is another fractal that consists of dividing a segment into thirds and then erasing the middle  third.
R1819,C0060,C0022,Part-of,0.255,129,63c5e8c6dc5a4d9a95f824f37cf8db28,Table 7.5:  Stage  Stage 1  Stage 2  Number of Edges 3  Edge Length 1  Perimeter 3  12  i  3  4  48  l  9  f = 5.3  The Cantor Set  The Cantor set is another fractal that consists of dividing a segment into thirds and then erasing the middle  third.
R1820,C0060,C0206,Part-of,0.3033,129,63c5e8c6dc5a4d9a95f824f37cf8db28,Table 7.5:  Stage  Stage 1  Stage 2  Number of Edges 3  Edge Length 1  Perimeter 3  12  i  3  4  48  l  9  f = 5.3  The Cantor Set  The Cantor set is another fractal that consists of dividing a segment into thirds and then erasing the middle  third.
R1821,C0060,C0507,Part-of,0.255,129,63c5e8c6dc5a4d9a95f824f37cf8db28,Table 7.5:  Stage  Stage 1  Stage 2  Number of Edges 3  Edge Length 1  Perimeter 3  12  i  3  4  48  l  9  f = 5.3  The Cantor Set  The Cantor set is another fractal that consists of dividing a segment into thirds and then erasing the middle  third.
R1822,C0060,C0706,Part-of,0.241,129,63c5e8c6dc5a4d9a95f824f37cf8db28,Table 7.5:  Stage  Stage 1  Stage 2  Number of Edges 3  Edge Length 1  Perimeter 3  12  i  3  4  48  l  9  f = 5.3  The Cantor Set  The Cantor set is another fractal that consists of dividing a segment into thirds and then erasing the middle  third.
R1823,C0060,C0708,Part-of,0.255,129,63c5e8c6dc5a4d9a95f824f37cf8db28,Table 7.5:  Stage  Stage 1  Stage 2  Number of Edges 3  Edge Length 1  Perimeter 3  12  i  3  4  48  l  9  f = 5.3  The Cantor Set  The Cantor set is another fractal that consists of dividing a segment into thirds and then erasing the middle  third.
R1824,C0060,C0856,Part-of,0.2475,129,63c5e8c6dc5a4d9a95f824f37cf8db28,Table 7.5:  Stage  Stage 1  Stage 2  Number of Edges 3  Edge Length 1  Perimeter 3  12  i  3  4  48  l  9  f = 5.3  The Cantor Set  The Cantor set is another fractal that consists of dividing a segment into thirds and then erasing the middle  third.
R1825,C0206,C0022,Part-of,0.2707,129,63c5e8c6dc5a4d9a95f824f37cf8db28,Table 7.5:  Stage  Stage 1  Stage 2  Number of Edges 3  Edge Length 1  Perimeter 3  12  i  3  4  48  l  9  f = 5.3  The Cantor Set  The Cantor set is another fractal that consists of dividing a segment into thirds and then erasing the middle  third.
R1826,C0206,C0060,Part-of,0.3033,129,63c5e8c6dc5a4d9a95f824f37cf8db28,Table 7.5:  Stage  Stage 1  Stage 2  Number of Edges 3  Edge Length 1  Perimeter 3  12  i  3  4  48  l  9  f = 5.3  The Cantor Set  The Cantor set is another fractal that consists of dividing a segment into thirds and then erasing the middle  third.
R1827,C0206,C0507,Part-of,0.2707,129,63c5e8c6dc5a4d9a95f824f37cf8db28,Table 7.5:  Stage  Stage 1  Stage 2  Number of Edges 3  Edge Length 1  Perimeter 3  12  i  3  4  48  l  9  f = 5.3  The Cantor Set  The Cantor set is another fractal that consists of dividing a segment into thirds and then erasing the middle  third.
R1828,C0206,C0706,Part-of,0.2623,129,63c5e8c6dc5a4d9a95f824f37cf8db28,Table 7.5:  Stage  Stage 1  Stage 2  Number of Edges 3  Edge Length 1  Perimeter 3  12  i  3  4  48  l  9  f = 5.3  The Cantor Set  The Cantor set is another fractal that consists of dividing a segment into thirds and then erasing the middle  third.
R1829,C0206,C0708,Part-of,0.2707,129,63c5e8c6dc5a4d9a95f824f37cf8db28,Table 7.5:  Stage  Stage 1  Stage 2  Number of Edges 3  Edge Length 1  Perimeter 3  12  i  3  4  48  l  9  f = 5.3  The Cantor Set  The Cantor set is another fractal that consists of dividing a segment into thirds and then erasing the middle  third.
R1830,C0206,C0856,Part-of,0.2728,129,63c5e8c6dc5a4d9a95f824f37cf8db28,Table 7.5:  Stage  Stage 1  Stage 2  Number of Edges 3  Edge Length 1  Perimeter 3  12  i  3  4  48  l  9  f = 5.3  The Cantor Set  The Cantor set is another fractal that consists of dividing a segment into thirds and then erasing the middle  third.
R1831,C0507,C0022,Part-of,0.84,129,63c5e8c6dc5a4d9a95f824f37cf8db28,Table 7.5:  Stage  Stage 1  Stage 2  Number of Edges 3  Edge Length 1  Perimeter 3  12  i  3  4  48  l  9  f = 5.3  The Cantor Set  The Cantor set is another fractal that consists of dividing a segment into thirds and then erasing the middle  third.
R1832,C0507,C0060,Part-of,0.255,129,63c5e8c6dc5a4d9a95f824f37cf8db28,Table 7.5:  Stage  Stage 1  Stage 2  Number of Edges 3  Edge Length 1  Perimeter 3  12  i  3  4  48  l  9  f = 5.3  The Cantor Set  The Cantor set is another fractal that consists of dividing a segment into thirds and then erasing the middle  third.
R1833,C0507,C0206,Part-of,0.2707,129,63c5e8c6dc5a4d9a95f824f37cf8db28,Table 7.5:  Stage  Stage 1  Stage 2  Number of Edges 3  Edge Length 1  Perimeter 3  12  i  3  4  48  l  9  f = 5.3  The Cantor Set  The Cantor set is another fractal that consists of dividing a segment into thirds and then erasing the middle  third.
R1834,C0507,C0706,Part-of,0.645,129,63c5e8c6dc5a4d9a95f824f37cf8db28,Table 7.5:  Stage  Stage 1  Stage 2  Number of Edges 3  Edge Length 1  Perimeter 3  12  i  3  4  48  l  9  f = 5.3  The Cantor Set  The Cantor set is another fractal that consists of dividing a segment into thirds and then erasing the middle  third.
R1835,C0507,C0708,Part-of,0.84,129,63c5e8c6dc5a4d9a95f824f37cf8db28,Table 7.5:  Stage  Stage 1  Stage 2  Number of Edges 3  Edge Length 1  Perimeter 3  12  i  3  4  48  l  9  f = 5.3  The Cantor Set  The Cantor set is another fractal that consists of dividing a segment into thirds and then erasing the middle  third.
R1836,C0507,C0856,Part-of,0.2821,129,63c5e8c6dc5a4d9a95f824f37cf8db28,Table 7.5:  Stage  Stage 1  Stage 2  Number of Edges 3  Edge Length 1  Perimeter 3  12  i  3  4  48  l  9  f = 5.3  The Cantor Set  The Cantor set is another fractal that consists of dividing a segment into thirds and then erasing the middle  third.
R1837,C0706,C0022,Part-of,0.645,129,63c5e8c6dc5a4d9a95f824f37cf8db28,Table 7.5:  Stage  Stage 1  Stage 2  Number of Edges 3  Edge Length 1  Perimeter 3  12  i  3  4  48  l  9  f = 5.3  The Cantor Set  The Cantor set is another fractal that consists of dividing a segment into thirds and then erasing the middle  third.
R1838,C0706,C0060,Part-of,0.241,129,63c5e8c6dc5a4d9a95f824f37cf8db28,Table 7.5:  Stage  Stage 1  Stage 2  Number of Edges 3  Edge Length 1  Perimeter 3  12  i  3  4  48  l  9  f = 5.3  The Cantor Set  The Cantor set is another fractal that consists of dividing a segment into thirds and then erasing the middle  third.
R1839,C0706,C0206,Part-of,0.2623,129,63c5e8c6dc5a4d9a95f824f37cf8db28,Table 7.5:  Stage  Stage 1  Stage 2  Number of Edges 3  Edge Length 1  Perimeter 3  12  i  3  4  48  l  9  f = 5.3  The Cantor Set  The Cantor set is another fractal that consists of dividing a segment into thirds and then erasing the middle  third.
R1840,C0706,C0507,Part-of,0.645,129,63c5e8c6dc5a4d9a95f824f37cf8db28,Table 7.5:  Stage  Stage 1  Stage 2  Number of Edges 3  Edge Length 1  Perimeter 3  12  i  3  4  48  l  9  f = 5.3  The Cantor Set  The Cantor set is another fractal that consists of dividing a segment into thirds and then erasing the middle  third.
R1841,C0706,C0708,Part-of,0.645,129,63c5e8c6dc5a4d9a95f824f37cf8db28,Table 7.5:  Stage  Stage 1  Stage 2  Number of Edges 3  Edge Length 1  Perimeter 3  12  i  3  4  48  l  9  f = 5.3  The Cantor Set  The Cantor set is another fractal that consists of dividing a segment into thirds and then erasing the middle  third.
R1842,C0706,C0856,Part-of,0.3017,129,63c5e8c6dc5a4d9a95f824f37cf8db28,Table 7.5:  Stage  Stage 1  Stage 2  Number of Edges 3  Edge Length 1  Perimeter 3  12  i  3  4  48  l  9  f = 5.3  The Cantor Set  The Cantor set is another fractal that consists of dividing a segment into thirds and then erasing the middle  third.
R1843,C0708,C0022,Part-of,0.84,129,63c5e8c6dc5a4d9a95f824f37cf8db28,Table 7.5:  Stage  Stage 1  Stage 2  Number of Edges 3  Edge Length 1  Perimeter 3  12  i  3  4  48  l  9  f = 5.3  The Cantor Set  The Cantor set is another fractal that consists of dividing a segment into thirds and then erasing the middle  third.
R1844,C0708,C0060,Part-of,0.255,129,63c5e8c6dc5a4d9a95f824f37cf8db28,Table 7.5:  Stage  Stage 1  Stage 2  Number of Edges 3  Edge Length 1  Perimeter 3  12  i  3  4  48  l  9  f = 5.3  The Cantor Set  The Cantor set is another fractal that consists of dividing a segment into thirds and then erasing the middle  third.
R1845,C0708,C0206,Part-of,0.2707,129,63c5e8c6dc5a4d9a95f824f37cf8db28,Table 7.5:  Stage  Stage 1  Stage 2  Number of Edges 3  Edge Length 1  Perimeter 3  12  i  3  4  48  l  9  f = 5.3  The Cantor Set  The Cantor set is another fractal that consists of dividing a segment into thirds and then erasing the middle  third.
R1846,C0708,C0507,Part-of,0.84,129,63c5e8c6dc5a4d9a95f824f37cf8db28,Table 7.5:  Stage  Stage 1  Stage 2  Number of Edges 3  Edge Length 1  Perimeter 3  12  i  3  4  48  l  9  f = 5.3  The Cantor Set  The Cantor set is another fractal that consists of dividing a segment into thirds and then erasing the middle  third.
R1847,C0708,C0706,Part-of,0.645,129,63c5e8c6dc5a4d9a95f824f37cf8db28,Table 7.5:  Stage  Stage 1  Stage 2  Number of Edges 3  Edge Length 1  Perimeter 3  12  i  3  4  48  l  9  f = 5.3  The Cantor Set  The Cantor set is another fractal that consists of dividing a segment into thirds and then erasing the middle  third.
R1848,C0708,C0856,Part-of,0.2821,129,63c5e8c6dc5a4d9a95f824f37cf8db28,Table 7.5:  Stage  Stage 1  Stage 2  Number of Edges 3  Edge Length 1  Perimeter 3  12  i  3  4  48  l  9  f = 5.3  The Cantor Set  The Cantor set is another fractal that consists of dividing a segment into thirds and then erasing the middle  third.
R1849,C0856,C0022,Part-of,0.2821,129,63c5e8c6dc5a4d9a95f824f37cf8db28,Table 7.5:  Stage  Stage 1  Stage 2  Number of Edges 3  Edge Length 1  Perimeter 3  12  i  3  4  48  l  9  f = 5.3  The Cantor Set  The Cantor set is another fractal that consists of dividing a segment into thirds and then erasing the middle  third.
R1850,C0856,C0060,Part-of,0.2475,129,63c5e8c6dc5a4d9a95f824f37cf8db28,Table 7.5:  Stage  Stage 1  Stage 2  Number of Edges 3  Edge Length 1  Perimeter 3  12  i  3  4  48  l  9  f = 5.3  The Cantor Set  The Cantor set is another fractal that consists of dividing a segment into thirds and then erasing the middle  third.
R1851,C0856,C0206,Part-of,0.2728,129,63c5e8c6dc5a4d9a95f824f37cf8db28,Table 7.5:  Stage  Stage 1  Stage 2  Number of Edges 3  Edge Length 1  Perimeter 3  12  i  3  4  48  l  9  f = 5.3  The Cantor Set  The Cantor set is another fractal that consists of dividing a segment into thirds and then erasing the middle  third.
R1852,C0856,C0507,Part-of,0.2821,129,63c5e8c6dc5a4d9a95f824f37cf8db28,Table 7.5:  Stage  Stage 1  Stage 2  Number of Edges 3  Edge Length 1  Perimeter 3  12  i  3  4  48  l  9  f = 5.3  The Cantor Set  The Cantor set is another fractal that consists of dividing a segment into thirds and then erasing the middle  third.
R1853,C0856,C0706,Part-of,0.3017,129,63c5e8c6dc5a4d9a95f824f37cf8db28,Table 7.5:  Stage  Stage 1  Stage 2  Number of Edges 3  Edge Length 1  Perimeter 3  12  i  3  4  48  l  9  f = 5.3  The Cantor Set  The Cantor set is another fractal that consists of dividing a segment into thirds and then erasing the middle  third.
R1854,C0856,C0708,Part-of,0.2821,129,63c5e8c6dc5a4d9a95f824f37cf8db28,Table 7.5:  Stage  Stage 1  Stage 2  Number of Edges 3  Edge Length 1  Perimeter 3  12  i  3  4  48  l  9  f = 5.3  The Cantor Set  The Cantor set is another fractal that consists of dividing a segment into thirds and then erasing the middle  third.
R1855,C0018,C0019,Prerequisite,0.48,131,5eadfad97f6d44a98f7c29ac03f76d71,"Finally, there is an extension about the Law of Sines and the Law of Cosines."
R1856,C0087,C0206,Application,0.2566,131,07516dacd9ce47dfb9e6154e8e1eaa36,"www.ckl2.org 372  a) V50  b) V27  c) V272  Solution: For each radical, find the square number(s) that are factors."
R1857,C0206,C0087,Application,0.2566,131,07516dacd9ce47dfb9e6154e8e1eaa36,"www.ckl2.org 372  a) V50  b) V27  c) V272  Solution: For each radical, find the square number(s) that are factors."
R1858,C0017,C0019,Prerequisite,0.4756,132,9cc2aff443a1473e9486b31308502e79,Recall that the sides  of a right triangle are the legs (the sides of the right angle) and the hypotenuse (the side opposite the  right angle).
R1859,C0017,C0028,Prerequisite,0.4328,132,9cc2aff443a1473e9486b31308502e79,Recall that the sides  of a right triangle are the legs (the sides of the right angle) and the hypotenuse (the side opposite the  right angle).
R1860,C0017,C0072,Prerequisite,0.4183,132,9cc2aff443a1473e9486b31308502e79,Recall that the sides  of a right triangle are the legs (the sides of the right angle) and the hypotenuse (the side opposite the  right angle).
R1861,C0017,C0448,Prerequisite,0.4075,132,9cc2aff443a1473e9486b31308502e79,Recall that the sides  of a right triangle are the legs (the sides of the right angle) and the hypotenuse (the side opposite the  right angle).
R1862,C0017,C0479,Prerequisite,0.215,132,9cc2aff443a1473e9486b31308502e79,Recall that the sides  of a right triangle are the legs (the sides of the right angle) and the hypotenuse (the side opposite the  right angle).
R1863,C0019,C0017,Prerequisite,0.4756,132,9cc2aff443a1473e9486b31308502e79,Recall that the sides  of a right triangle are the legs (the sides of the right angle) and the hypotenuse (the side opposite the  right angle).
R1864,C0019,C0028,Prerequisite,0.3672,132,9cc2aff443a1473e9486b31308502e79,Recall that the sides  of a right triangle are the legs (the sides of the right angle) and the hypotenuse (the side opposite the  right angle).
R1865,C0019,C0072,Prerequisite,0.235,132,9cc2aff443a1473e9486b31308502e79,Recall that the sides  of a right triangle are the legs (the sides of the right angle) and the hypotenuse (the side opposite the  right angle).
R1866,C0019,C0448,Prerequisite,0.4065,132,9cc2aff443a1473e9486b31308502e79,Recall that the sides  of a right triangle are the legs (the sides of the right angle) and the hypotenuse (the side opposite the  right angle).
R1867,C0019,C0479,Prerequisite,0.215,132,9cc2aff443a1473e9486b31308502e79,Recall that the sides  of a right triangle are the legs (the sides of the right angle) and the hypotenuse (the side opposite the  right angle).
R1868,C0028,C0017,Prerequisite,0.4328,132,9cc2aff443a1473e9486b31308502e79,Recall that the sides  of a right triangle are the legs (the sides of the right angle) and the hypotenuse (the side opposite the  right angle).
R1869,C0028,C0019,Prerequisite,0.3672,132,9cc2aff443a1473e9486b31308502e79,Recall that the sides  of a right triangle are the legs (the sides of the right angle) and the hypotenuse (the side opposite the  right angle).
R1870,C0028,C0072,Prerequisite,0.3929,132,9cc2aff443a1473e9486b31308502e79,Recall that the sides  of a right triangle are the legs (the sides of the right angle) and the hypotenuse (the side opposite the  right angle).
R1871,C0028,C0448,Prerequisite,0.2889,132,9cc2aff443a1473e9486b31308502e79,Recall that the sides  of a right triangle are the legs (the sides of the right angle) and the hypotenuse (the side opposite the  right angle).
R1872,C0028,C0479,Prerequisite,0.2808,132,9cc2aff443a1473e9486b31308502e79,Recall that the sides  of a right triangle are the legs (the sides of the right angle) and the hypotenuse (the side opposite the  right angle).
R1873,C0072,C0017,Prerequisite,0.4183,132,9cc2aff443a1473e9486b31308502e79,Recall that the sides  of a right triangle are the legs (the sides of the right angle) and the hypotenuse (the side opposite the  right angle).
R1874,C0072,C0019,Prerequisite,0.235,132,9cc2aff443a1473e9486b31308502e79,Recall that the sides  of a right triangle are the legs (the sides of the right angle) and the hypotenuse (the side opposite the  right angle).
R1875,C0072,C0028,Prerequisite,0.3929,132,9cc2aff443a1473e9486b31308502e79,Recall that the sides  of a right triangle are the legs (the sides of the right angle) and the hypotenuse (the side opposite the  right angle).
R1876,C0072,C0448,Prerequisite,0.215,132,9cc2aff443a1473e9486b31308502e79,Recall that the sides  of a right triangle are the legs (the sides of the right angle) and the hypotenuse (the side opposite the  right angle).
R1877,C0072,C0479,Prerequisite,0.215,132,9cc2aff443a1473e9486b31308502e79,Recall that the sides  of a right triangle are the legs (the sides of the right angle) and the hypotenuse (the side opposite the  right angle).
R1878,C0448,C0017,Prerequisite,0.4075,132,9cc2aff443a1473e9486b31308502e79,Recall that the sides  of a right triangle are the legs (the sides of the right angle) and the hypotenuse (the side opposite the  right angle).
R1879,C0448,C0019,Prerequisite,0.4065,132,9cc2aff443a1473e9486b31308502e79,Recall that the sides  of a right triangle are the legs (the sides of the right angle) and the hypotenuse (the side opposite the  right angle).
R1880,C0448,C0028,Prerequisite,0.2889,132,9cc2aff443a1473e9486b31308502e79,Recall that the sides  of a right triangle are the legs (the sides of the right angle) and the hypotenuse (the side opposite the  right angle).
R1881,C0448,C0072,Prerequisite,0.215,132,9cc2aff443a1473e9486b31308502e79,Recall that the sides  of a right triangle are the legs (the sides of the right angle) and the hypotenuse (the side opposite the  right angle).
R1882,C0448,C0479,Prerequisite,0.26,132,9cc2aff443a1473e9486b31308502e79,Recall that the sides  of a right triangle are the legs (the sides of the right angle) and the hypotenuse (the side opposite the  right angle).
R1883,C0479,C0017,Prerequisite,0.215,132,9cc2aff443a1473e9486b31308502e79,Recall that the sides  of a right triangle are the legs (the sides of the right angle) and the hypotenuse (the side opposite the  right angle).
R1884,C0479,C0019,Prerequisite,0.215,132,9cc2aff443a1473e9486b31308502e79,Recall that the sides  of a right triangle are the legs (the sides of the right angle) and the hypotenuse (the side opposite the  right angle).
R1885,C0479,C0028,Prerequisite,0.2808,132,9cc2aff443a1473e9486b31308502e79,Recall that the sides  of a right triangle are the legs (the sides of the right angle) and the hypotenuse (the side opposite the  right angle).
R1886,C0479,C0072,Prerequisite,0.215,132,9cc2aff443a1473e9486b31308502e79,Recall that the sides  of a right triangle are the legs (the sides of the right angle) and the hypotenuse (the side opposite the  right angle).
R1887,C0479,C0448,Prerequisite,0.26,132,9cc2aff443a1473e9486b31308502e79,Recall that the sides  of a right triangle are the legs (the sides of the right angle) and the hypotenuse (the side opposite the  right angle).
R1888,C0017,C0087,Similarity,0.3156,132,9cc2aff443a1473e9486b31308502e79,Cut out the triangle and square and arrange them like the picture on the right.
R1889,C0087,C0017,Similarity,0.3156,132,9cc2aff443a1473e9486b31308502e79,Cut out the triangle and square and arrange them like the picture on the right.
R1890,C0021,C0045,Prerequisite,0.215,132,9cc2aff443a1473e9486b31308502e79,This theorem relies on area.
R1891,C0045,C0021,Prerequisite,0.215,132,9cc2aff443a1473e9486b31308502e79,This theorem relies on area.
R1892,C0021,C0072,Prerequisite,0.215,132,9cc2aff443a1473e9486b31308502e79,Recall that the area of a square is side 2 .
R1893,C0021,C0087,Prerequisite,0.215,132,9cc2aff443a1473e9486b31308502e79,Recall that the area of a square is side 2 .
R1894,C0072,C0021,Prerequisite,0.215,132,9cc2aff443a1473e9486b31308502e79,Recall that the area of a square is side 2 .
R1895,C0072,C0087,Prerequisite,0.235,132,9cc2aff443a1473e9486b31308502e79,Recall that the area of a square is side 2 .
R1896,C0087,C0021,Prerequisite,0.215,132,9cc2aff443a1473e9486b31308502e79,Recall that the area of a square is side 2 .
R1897,C0087,C0072,Prerequisite,0.235,132,9cc2aff443a1473e9486b31308502e79,Recall that the area of a square is side 2 .
R1898,C0019,C0072,Application,0.315,132,07dcf3a120834e41ba9293ea997a604a,Example 6: Find the missing side of the right triangle below.
R1899,C0072,C0019,Application,0.315,132,07dcf3a120834e41ba9293ea997a604a,Example 6: Find the missing side of the right triangle below.
R1900,C0045,C0087,Application,0.2872,133,5119f5ade215499c85f41815f0a3c56d,"375  www.cki2.0rg  Solution: For any square and rectangle, you can use the Pythagorean Theorem to find the length of a  diagonal."
R1901,C0045,C0130,Application,0.2287,133,5119f5ade215499c85f41815f0a3c56d,"375  www.cki2.0rg  Solution: For any square and rectangle, you can use the Pythagorean Theorem to find the length of a  diagonal."
R1902,C0059,C0087,Application,0.2376,133,5119f5ade215499c85f41815f0a3c56d,"375  www.cki2.0rg  Solution: For any square and rectangle, you can use the Pythagorean Theorem to find the length of a  diagonal."
R1903,C0059,C0130,Application,0.215,133,5119f5ade215499c85f41815f0a3c56d,"375  www.cki2.0rg  Solution: For any square and rectangle, you can use the Pythagorean Theorem to find the length of a  diagonal."
R1904,C0087,C0045,Application,0.2872,133,5119f5ade215499c85f41815f0a3c56d,"375  www.cki2.0rg  Solution: For any square and rectangle, you can use the Pythagorean Theorem to find the length of a  diagonal."
R1905,C0087,C0059,Application,0.2376,133,5119f5ade215499c85f41815f0a3c56d,"375  www.cki2.0rg  Solution: For any square and rectangle, you can use the Pythagorean Theorem to find the length of a  diagonal."
R1906,C0087,C0130,Application,0.2623,133,5119f5ade215499c85f41815f0a3c56d,"375  www.cki2.0rg  Solution: For any square and rectangle, you can use the Pythagorean Theorem to find the length of a  diagonal."
R1907,C0087,C0196,Application,0.2456,133,5119f5ade215499c85f41815f0a3c56d,"375  www.cki2.0rg  Solution: For any square and rectangle, you can use the Pythagorean Theorem to find the length of a  diagonal."
R1908,C0087,C0347,Application,0.325,133,5119f5ade215499c85f41815f0a3c56d,"375  www.cki2.0rg  Solution: For any square and rectangle, you can use the Pythagorean Theorem to find the length of a  diagonal."
R1909,C0130,C0045,Application,0.2287,133,5119f5ade215499c85f41815f0a3c56d,"375  www.cki2.0rg  Solution: For any square and rectangle, you can use the Pythagorean Theorem to find the length of a  diagonal."
R1910,C0130,C0059,Application,0.215,133,5119f5ade215499c85f41815f0a3c56d,"375  www.cki2.0rg  Solution: For any square and rectangle, you can use the Pythagorean Theorem to find the length of a  diagonal."
R1911,C0130,C0087,Application,0.2623,133,5119f5ade215499c85f41815f0a3c56d,"375  www.cki2.0rg  Solution: For any square and rectangle, you can use the Pythagorean Theorem to find the length of a  diagonal."
R1912,C0130,C0196,Application,0.215,133,5119f5ade215499c85f41815f0a3c56d,"375  www.cki2.0rg  Solution: For any square and rectangle, you can use the Pythagorean Theorem to find the length of a  diagonal."
R1913,C0130,C0347,Application,0.215,133,5119f5ade215499c85f41815f0a3c56d,"375  www.cki2.0rg  Solution: For any square and rectangle, you can use the Pythagorean Theorem to find the length of a  diagonal."
R1914,C0196,C0087,Application,0.2456,133,5119f5ade215499c85f41815f0a3c56d,"375  www.cki2.0rg  Solution: For any square and rectangle, you can use the Pythagorean Theorem to find the length of a  diagonal."
R1915,C0196,C0130,Application,0.215,133,5119f5ade215499c85f41815f0a3c56d,"375  www.cki2.0rg  Solution: For any square and rectangle, you can use the Pythagorean Theorem to find the length of a  diagonal."
R1916,C0347,C0087,Application,0.325,133,5119f5ade215499c85f41815f0a3c56d,"375  www.cki2.0rg  Solution: For any square and rectangle, you can use the Pythagorean Theorem to find the length of a  diagonal."
R1917,C0347,C0130,Application,0.215,133,5119f5ade215499c85f41815f0a3c56d,"375  www.cki2.0rg  Solution: For any square and rectangle, you can use the Pythagorean Theorem to find the length of a  diagonal."
R1918,C0017,C0059,Application,0.3986,133,baa39a61f66241928625ded9162d9044,Height of an Isosceles Triangle  One way to use The Pythagorean Theorem is to find the height of an isosceles triangle.
R1919,C0045,C0163,Application,0.241,133,baa39a61f66241928625ded9162d9044,Height of an Isosceles Triangle  One way to use The Pythagorean Theorem is to find the height of an isosceles triangle.
R1920,C0045,C0202,Application,0.4004,133,baa39a61f66241928625ded9162d9044,Height of an Isosceles Triangle  One way to use The Pythagorean Theorem is to find the height of an isosceles triangle.
R1921,C0059,C0017,Application,0.3986,133,baa39a61f66241928625ded9162d9044,Height of an Isosceles Triangle  One way to use The Pythagorean Theorem is to find the height of an isosceles triangle.
R1922,C0059,C0163,Application,0.215,133,baa39a61f66241928625ded9162d9044,Height of an Isosceles Triangle  One way to use The Pythagorean Theorem is to find the height of an isosceles triangle.
R1923,C0059,C0202,Application,0.4408,133,baa39a61f66241928625ded9162d9044,Height of an Isosceles Triangle  One way to use The Pythagorean Theorem is to find the height of an isosceles triangle.
R1924,C0163,C0045,Application,0.241,133,baa39a61f66241928625ded9162d9044,Height of an Isosceles Triangle  One way to use The Pythagorean Theorem is to find the height of an isosceles triangle.
R1925,C0163,C0059,Application,0.215,133,baa39a61f66241928625ded9162d9044,Height of an Isosceles Triangle  One way to use The Pythagorean Theorem is to find the height of an isosceles triangle.
R1926,C0163,C0202,Application,0.228,133,baa39a61f66241928625ded9162d9044,Height of an Isosceles Triangle  One way to use The Pythagorean Theorem is to find the height of an isosceles triangle.
R1927,C0163,C0347,Application,0.2386,133,baa39a61f66241928625ded9162d9044,Height of an Isosceles Triangle  One way to use The Pythagorean Theorem is to find the height of an isosceles triangle.
R1928,C0202,C0045,Application,0.4004,133,baa39a61f66241928625ded9162d9044,Height of an Isosceles Triangle  One way to use The Pythagorean Theorem is to find the height of an isosceles triangle.
R1929,C0202,C0059,Application,0.4408,133,baa39a61f66241928625ded9162d9044,Height of an Isosceles Triangle  One way to use The Pythagorean Theorem is to find the height of an isosceles triangle.
R1930,C0202,C0163,Application,0.228,133,baa39a61f66241928625ded9162d9044,Height of an Isosceles Triangle  One way to use The Pythagorean Theorem is to find the height of an isosceles triangle.
R1931,C0202,C0347,Application,0.3305,133,baa39a61f66241928625ded9162d9044,Height of an Isosceles Triangle  One way to use The Pythagorean Theorem is to find the height of an isosceles triangle.
R1932,C0347,C0163,Application,0.2386,133,baa39a61f66241928625ded9162d9044,Height of an Isosceles Triangle  One way to use The Pythagorean Theorem is to find the height of an isosceles triangle.
R1933,C0347,C0202,Application,0.3305,133,baa39a61f66241928625ded9162d9044,Height of an Isosceles Triangle  One way to use The Pythagorean Theorem is to find the height of an isosceles triangle.
R1934,C0045,C0357,Application,0.2465,133,9e75f30180554d4f90fa8a1211de81b8,7 2 + h 2 = 9 2  49 + h 2 = 81  h 2 = 32  h= V32= Vl6-2 = 4V2  The Distance Formula  Another application of the Pythagorean Theorem is the Distance Formula.
R1935,C0347,C0357,Application,0.2744,133,9e75f30180554d4f90fa8a1211de81b8,7 2 + h 2 = 9 2  49 + h 2 = 81  h 2 = 32  h= V32= Vl6-2 = 4V2  The Distance Formula  Another application of the Pythagorean Theorem is the Distance Formula.
R1936,C0357,C0045,Application,0.2465,133,9e75f30180554d4f90fa8a1211de81b8,7 2 + h 2 = 9 2  49 + h 2 = 81  h 2 = 32  h= V32= Vl6-2 = 4V2  The Distance Formula  Another application of the Pythagorean Theorem is the Distance Formula.
R1937,C0357,C0347,Application,0.2744,133,9e75f30180554d4f90fa8a1211de81b8,7 2 + h 2 = 9 2  49 + h 2 = 81  h 2 = 32  h= V32= Vl6-2 = 4V2  The Distance Formula  Another application of the Pythagorean Theorem is the Distance Formula.
R1938,C0045,C0051,Application,0.3063,133,9e75f30180554d4f90fa8a1211de81b8,"Revisited To find the length and width of a 52"" HDTV, plug in the ratios and 52 into  the Pythagorean Theorem."
R1939,C0045,C0713,Application,0.2475,133,9e75f30180554d4f90fa8a1211de81b8,"Revisited To find the length and width of a 52"" HDTV, plug in the ratios and 52 into  the Pythagorean Theorem."
R1940,C0051,C0045,Application,0.3063,133,9e75f30180554d4f90fa8a1211de81b8,"Revisited To find the length and width of a 52"" HDTV, plug in the ratios and 52 into  the Pythagorean Theorem."
R1941,C0051,C0347,Application,0.3162,133,9e75f30180554d4f90fa8a1211de81b8,"Revisited To find the length and width of a 52"" HDTV, plug in the ratios and 52 into  the Pythagorean Theorem."
R1942,C0051,C0713,Application,0.278,133,9e75f30180554d4f90fa8a1211de81b8,"Revisited To find the length and width of a 52"" HDTV, plug in the ratios and 52 into  the Pythagorean Theorem."
R1943,C0347,C0051,Application,0.3162,133,9e75f30180554d4f90fa8a1211de81b8,"Revisited To find the length and width of a 52"" HDTV, plug in the ratios and 52 into  the Pythagorean Theorem."
R1944,C0347,C0713,Application,0.3812,133,9e75f30180554d4f90fa8a1211de81b8,"Revisited To find the length and width of a 52"" HDTV, plug in the ratios and 52 into  the Pythagorean Theorem."
R1945,C0713,C0045,Application,0.2475,133,9e75f30180554d4f90fa8a1211de81b8,"Revisited To find the length and width of a 52"" HDTV, plug in the ratios and 52 into  the Pythagorean Theorem."
R1946,C0713,C0051,Application,0.278,133,9e75f30180554d4f90fa8a1211de81b8,"Revisited To find the length and width of a 52"" HDTV, plug in the ratios and 52 into  the Pythagorean Theorem."
R1947,C0713,C0347,Application,0.3812,133,9e75f30180554d4f90fa8a1211de81b8,"Revisited To find the length and width of a 52"" HDTV, plug in the ratios and 52 into  the Pythagorean Theorem."
R1948,C0017,C0162,Application,0.4374,134,8ddae88a500e46b59afe01bd6366612e,"If all the sides of an equilateral triangle  are 8, find the height."
R1949,C0162,C0017,Application,0.4374,134,8ddae88a500e46b59afe01bd6366612e,"If all the sides of an equilateral triangle  are 8, find the height."
R1950,C0019,C0347,Extension,0.485,134,68f45000426a480da64aebbdad664f3c,Learning Objectives  Understand the converse of the Pythagorean Theorem.
R1951,C0028,C0347,Application,0.2623,134,68f45000426a480da64aebbdad664f3c,"C a B  With this converse, you can use the Pythagorean Theorem to prove that a triangle is a right triangle, even  if you do not know any angle measures."
R1952,C0347,C0028,Application,0.2623,134,68f45000426a480da64aebbdad664f3c,"C a B  With this converse, you can use the Pythagorean Theorem to prove that a triangle is a right triangle, even  if you do not know any angle measures."
R1953,C0059,C0072,Application,0.4633,136,845de92620d74dc4bf50d25d948fffbb,Solution: Use the distance formula to find the length of each side.
R1954,C0072,C0059,Application,0.4633,136,845de92620d74dc4bf50d25d948fffbb,Solution: Use the distance formula to find the length of each side.
R1955,C0072,C0357,Application,0.215,136,845de92620d74dc4bf50d25d948fffbb,Solution: Use the distance formula to find the length of each side.
R1956,C0357,C0072,Application,0.215,136,845de92620d74dc4bf50d25d948fffbb,Solution: Use the distance formula to find the length of each side.
R1957,C0017,C0479,Application,0.295,136,2e83bc8b4d5b4e93ac9709f9c08149c7,"If the legs of an isosceles right triangle are 4, find the length of the hypotenuse."
R1958,C0017,C0735,Application,0.2343,136,2e83bc8b4d5b4e93ac9709f9c08149c7,"If the legs of an isosceles right triangle are 4, find the length of the hypotenuse."
R1959,C0017,C0767,Application,0.215,136,2e83bc8b4d5b4e93ac9709f9c08149c7,"If the legs of an isosceles right triangle are 4, find the length of the hypotenuse."
R1960,C0019,C0479,Application,0.295,136,2e83bc8b4d5b4e93ac9709f9c08149c7,"If the legs of an isosceles right triangle are 4, find the length of the hypotenuse."
R1961,C0019,C0735,Application,0.3683,136,2e83bc8b4d5b4e93ac9709f9c08149c7,"If the legs of an isosceles right triangle are 4, find the length of the hypotenuse."
R1962,C0019,C0767,Application,0.286,136,2e83bc8b4d5b4e93ac9709f9c08149c7,"If the legs of an isosceles right triangle are 4, find the length of the hypotenuse."
R1963,C0448,C0479,Application,0.34,136,2e83bc8b4d5b4e93ac9709f9c08149c7,"If the legs of an isosceles right triangle are 4, find the length of the hypotenuse."
R1964,C0448,C0735,Application,0.215,136,2e83bc8b4d5b4e93ac9709f9c08149c7,"If the legs of an isosceles right triangle are 4, find the length of the hypotenuse."
R1965,C0448,C0767,Application,0.215,136,2e83bc8b4d5b4e93ac9709f9c08149c7,"If the legs of an isosceles right triangle are 4, find the length of the hypotenuse."
R1966,C0479,C0017,Application,0.295,136,2e83bc8b4d5b4e93ac9709f9c08149c7,"If the legs of an isosceles right triangle are 4, find the length of the hypotenuse."
R1967,C0479,C0019,Application,0.295,136,2e83bc8b4d5b4e93ac9709f9c08149c7,"If the legs of an isosceles right triangle are 4, find the length of the hypotenuse."
R1968,C0479,C0448,Application,0.34,136,2e83bc8b4d5b4e93ac9709f9c08149c7,"If the legs of an isosceles right triangle are 4, find the length of the hypotenuse."
R1969,C0479,C0735,Application,0.215,136,2e83bc8b4d5b4e93ac9709f9c08149c7,"If the legs of an isosceles right triangle are 4, find the length of the hypotenuse."
R1970,C0479,C0767,Application,0.215,136,2e83bc8b4d5b4e93ac9709f9c08149c7,"If the legs of an isosceles right triangle are 4, find the length of the hypotenuse."
R1971,C0735,C0017,Application,0.2343,136,2e83bc8b4d5b4e93ac9709f9c08149c7,"If the legs of an isosceles right triangle are 4, find the length of the hypotenuse."
R1972,C0735,C0019,Application,0.3683,136,2e83bc8b4d5b4e93ac9709f9c08149c7,"If the legs of an isosceles right triangle are 4, find the length of the hypotenuse."
R1973,C0735,C0448,Application,0.215,136,2e83bc8b4d5b4e93ac9709f9c08149c7,"If the legs of an isosceles right triangle are 4, find the length of the hypotenuse."
R1974,C0735,C0479,Application,0.215,136,2e83bc8b4d5b4e93ac9709f9c08149c7,"If the legs of an isosceles right triangle are 4, find the length of the hypotenuse."
R1975,C0735,C0767,Application,0.364,136,2e83bc8b4d5b4e93ac9709f9c08149c7,"If the legs of an isosceles right triangle are 4, find the length of the hypotenuse."
R1976,C0767,C0017,Application,0.215,136,2e83bc8b4d5b4e93ac9709f9c08149c7,"If the legs of an isosceles right triangle are 4, find the length of the hypotenuse."
R1977,C0767,C0019,Application,0.286,136,2e83bc8b4d5b4e93ac9709f9c08149c7,"If the legs of an isosceles right triangle are 4, find the length of the hypotenuse."
R1978,C0767,C0448,Application,0.215,136,2e83bc8b4d5b4e93ac9709f9c08149c7,"If the legs of an isosceles right triangle are 4, find the length of the hypotenuse."
R1979,C0767,C0479,Application,0.215,136,2e83bc8b4d5b4e93ac9709f9c08149c7,"If the legs of an isosceles right triangle are 4, find the length of the hypotenuse."
R1980,C0767,C0735,Application,0.364,136,2e83bc8b4d5b4e93ac9709f9c08149c7,"If the legs of an isosceles right triangle are 4, find the length of the hypotenuse."
R1981,C0196,C0285,Prerequisite,0.295,136,2e83bc8b4d5b4e93ac9709f9c08149c7,"Inscribed Similar Triangles  You may recall that if two objects are similar, corresponding angles are congruent and their sides are  proportional in length."
R1982,C0196,C0663,Prerequisite,0.315,136,2e83bc8b4d5b4e93ac9709f9c08149c7,"Inscribed Similar Triangles  You may recall that if two objects are similar, corresponding angles are congruent and their sides are  proportional in length."
R1983,C0196,C0723,Prerequisite,0.2465,136,2e83bc8b4d5b4e93ac9709f9c08149c7,"Inscribed Similar Triangles  You may recall that if two objects are similar, corresponding angles are congruent and their sides are  proportional in length."
R1984,C0285,C0196,Prerequisite,0.295,136,2e83bc8b4d5b4e93ac9709f9c08149c7,"Inscribed Similar Triangles  You may recall that if two objects are similar, corresponding angles are congruent and their sides are  proportional in length."
R1985,C0285,C0663,Prerequisite,0.215,136,2e83bc8b4d5b4e93ac9709f9c08149c7,"Inscribed Similar Triangles  You may recall that if two objects are similar, corresponding angles are congruent and their sides are  proportional in length."
R1986,C0285,C0723,Prerequisite,0.267,136,2e83bc8b4d5b4e93ac9709f9c08149c7,"Inscribed Similar Triangles  You may recall that if two objects are similar, corresponding angles are congruent and their sides are  proportional in length."
R1987,C0663,C0196,Prerequisite,0.315,136,2e83bc8b4d5b4e93ac9709f9c08149c7,"Inscribed Similar Triangles  You may recall that if two objects are similar, corresponding angles are congruent and their sides are  proportional in length."
R1988,C0663,C0285,Prerequisite,0.215,136,2e83bc8b4d5b4e93ac9709f9c08149c7,"Inscribed Similar Triangles  You may recall that if two objects are similar, corresponding angles are congruent and their sides are  proportional in length."
R1989,C0663,C0723,Prerequisite,0.3017,136,2e83bc8b4d5b4e93ac9709f9c08149c7,"Inscribed Similar Triangles  You may recall that if two objects are similar, corresponding angles are congruent and their sides are  proportional in length."
R1990,C0723,C0196,Prerequisite,0.2465,136,2e83bc8b4d5b4e93ac9709f9c08149c7,"Inscribed Similar Triangles  You may recall that if two objects are similar, corresponding angles are congruent and their sides are  proportional in length."
R1991,C0723,C0285,Prerequisite,0.267,136,2e83bc8b4d5b4e93ac9709f9c08149c7,"Inscribed Similar Triangles  You may recall that if two objects are similar, corresponding angles are congruent and their sides are  proportional in length."
R1992,C0723,C0663,Prerequisite,0.3017,136,2e83bc8b4d5b4e93ac9709f9c08149c7,"Inscribed Similar Triangles  You may recall that if two objects are similar, corresponding angles are congruent and their sides are  proportional in length."
R1993,C0017,C0061,Similarity,0.2465,136,cdea3ad8dc90498c96fe42de446e04ec,"Theorem 8-5: If an altitude is drawn from the right angle of any right triangle, then the two triangles  formed are similar to the original triangle and all three triangles are similar to each other."
R1994,C0017,C0533,Similarity,0.3033,136,cdea3ad8dc90498c96fe42de446e04ec,"Theorem 8-5: If an altitude is drawn from the right angle of any right triangle, then the two triangles  formed are similar to the original triangle and all three triangles are similar to each other."
R1995,C0019,C0028,Similarity,0.4472,136,cdea3ad8dc90498c96fe42de446e04ec,"Theorem 8-5: If an altitude is drawn from the right angle of any right triangle, then the two triangles  formed are similar to the original triangle and all three triangles are similar to each other."
R1996,C0019,C0061,Similarity,0.2456,136,cdea3ad8dc90498c96fe42de446e04ec,"Theorem 8-5: If an altitude is drawn from the right angle of any right triangle, then the two triangles  formed are similar to the original triangle and all three triangles are similar to each other."
R1997,C0019,C0533,Similarity,0.2566,136,cdea3ad8dc90498c96fe42de446e04ec,"Theorem 8-5: If an altitude is drawn from the right angle of any right triangle, then the two triangles  formed are similar to the original triangle and all three triangles are similar to each other."
R1998,C0028,C0019,Similarity,0.4472,136,cdea3ad8dc90498c96fe42de446e04ec,"Theorem 8-5: If an altitude is drawn from the right angle of any right triangle, then the two triangles  formed are similar to the original triangle and all three triangles are similar to each other."
R1999,C0028,C0061,Similarity,0.2915,136,cdea3ad8dc90498c96fe42de446e04ec,"Theorem 8-5: If an altitude is drawn from the right angle of any right triangle, then the two triangles  formed are similar to the original triangle and all three triangles are similar to each other."
R2000,C0028,C0533,Similarity,0.2521,136,cdea3ad8dc90498c96fe42de446e04ec,"Theorem 8-5: If an altitude is drawn from the right angle of any right triangle, then the two triangles  formed are similar to the original triangle and all three triangles are similar to each other."
R2001,C0045,C0061,Similarity,0.3715,136,cdea3ad8dc90498c96fe42de446e04ec,"Theorem 8-5: If an altitude is drawn from the right angle of any right triangle, then the two triangles  formed are similar to the original triangle and all three triangles are similar to each other."
R2002,C0045,C0533,Similarity,0.2521,136,cdea3ad8dc90498c96fe42de446e04ec,"Theorem 8-5: If an altitude is drawn from the right angle of any right triangle, then the two triangles  formed are similar to the original triangle and all three triangles are similar to each other."
R2003,C0061,C0017,Similarity,0.2465,136,cdea3ad8dc90498c96fe42de446e04ec,"Theorem 8-5: If an altitude is drawn from the right angle of any right triangle, then the two triangles  formed are similar to the original triangle and all three triangles are similar to each other."
R2004,C0061,C0019,Similarity,0.2456,136,cdea3ad8dc90498c96fe42de446e04ec,"Theorem 8-5: If an altitude is drawn from the right angle of any right triangle, then the two triangles  formed are similar to the original triangle and all three triangles are similar to each other."
R2005,C0061,C0028,Similarity,0.2915,136,cdea3ad8dc90498c96fe42de446e04ec,"Theorem 8-5: If an altitude is drawn from the right angle of any right triangle, then the two triangles  formed are similar to the original triangle and all three triangles are similar to each other."
R2006,C0061,C0045,Similarity,0.3715,136,cdea3ad8dc90498c96fe42de446e04ec,"Theorem 8-5: If an altitude is drawn from the right angle of any right triangle, then the two triangles  formed are similar to the original triangle and all three triangles are similar to each other."
R2007,C0061,C0533,Similarity,0.2367,136,cdea3ad8dc90498c96fe42de446e04ec,"Theorem 8-5: If an altitude is drawn from the right angle of any right triangle, then the two triangles  formed are similar to the original triangle and all three triangles are similar to each other."
R2008,C0533,C0017,Similarity,0.3033,136,cdea3ad8dc90498c96fe42de446e04ec,"Theorem 8-5: If an altitude is drawn from the right angle of any right triangle, then the two triangles  formed are similar to the original triangle and all three triangles are similar to each other."
R2009,C0533,C0019,Similarity,0.2566,136,cdea3ad8dc90498c96fe42de446e04ec,"Theorem 8-5: If an altitude is drawn from the right angle of any right triangle, then the two triangles  formed are similar to the original triangle and all three triangles are similar to each other."
R2010,C0533,C0028,Similarity,0.2521,136,cdea3ad8dc90498c96fe42de446e04ec,"Theorem 8-5: If an altitude is drawn from the right angle of any right triangle, then the two triangles  formed are similar to the original triangle and all three triangles are similar to each other."
R2011,C0533,C0045,Similarity,0.2521,136,cdea3ad8dc90498c96fe42de446e04ec,"Theorem 8-5: If an altitude is drawn from the right angle of any right triangle, then the two triangles  formed are similar to the original triangle and all three triangles are similar to each other."
R2012,C0533,C0061,Similarity,0.2367,136,cdea3ad8dc90498c96fe42de446e04ec,"Theorem 8-5: If an altitude is drawn from the right angle of any right triangle, then the two triangles  formed are similar to the original triangle and all three triangles are similar to each other."
R2013,C0029,C0059,Application,0.3297,136,4d77b610487c4892b48167199556d347,"387  www.ckl2.org  ""2 3<r  Line up the congruent angles: AIRE ~ AlTR ~ ARTE  We can also use the side proportions to find the length of the altitude."
R2014,C0029,C0072,Application,0.215,136,4d77b610487c4892b48167199556d347,"387  www.ckl2.org  ""2 3<r  Line up the congruent angles: AIRE ~ AlTR ~ ARTE  We can also use the side proportions to find the length of the altitude."
R2015,C0029,C0118,Application,0.295,136,4d77b610487c4892b48167199556d347,"387  www.ckl2.org  ""2 3<r  Line up the congruent angles: AIRE ~ AlTR ~ ARTE  We can also use the side proportions to find the length of the altitude."
R2016,C0029,C0533,Application,0.3125,136,4d77b610487c4892b48167199556d347,"387  www.ckl2.org  ""2 3<r  Line up the congruent angles: AIRE ~ AlTR ~ ARTE  We can also use the side proportions to find the length of the altitude."
R2017,C0029,C0726,Application,0.2535,136,4d77b610487c4892b48167199556d347,"387  www.ckl2.org  ""2 3<r  Line up the congruent angles: AIRE ~ AlTR ~ ARTE  We can also use the side proportions to find the length of the altitude."
R2018,C0029,C0727,Application,0.2535,136,4d77b610487c4892b48167199556d347,"387  www.ckl2.org  ""2 3<r  Line up the congruent angles: AIRE ~ AlTR ~ ARTE  We can also use the side proportions to find the length of the altitude."
R2019,C0059,C0029,Application,0.3297,136,4d77b610487c4892b48167199556d347,"387  www.ckl2.org  ""2 3<r  Line up the congruent angles: AIRE ~ AlTR ~ ARTE  We can also use the side proportions to find the length of the altitude."
R2020,C0059,C0118,Application,0.215,136,4d77b610487c4892b48167199556d347,"387  www.ckl2.org  ""2 3<r  Line up the congruent angles: AIRE ~ AlTR ~ ARTE  We can also use the side proportions to find the length of the altitude."
R2021,C0059,C0533,Application,0.2583,136,4d77b610487c4892b48167199556d347,"387  www.ckl2.org  ""2 3<r  Line up the congruent angles: AIRE ~ AlTR ~ ARTE  We can also use the side proportions to find the length of the altitude."
R2022,C0059,C0726,Application,0.2645,136,4d77b610487c4892b48167199556d347,"387  www.ckl2.org  ""2 3<r  Line up the congruent angles: AIRE ~ AlTR ~ ARTE  We can also use the side proportions to find the length of the altitude."
R2023,C0059,C0727,Application,0.2645,136,4d77b610487c4892b48167199556d347,"387  www.ckl2.org  ""2 3<r  Line up the congruent angles: AIRE ~ AlTR ~ ARTE  We can also use the side proportions to find the length of the altitude."
R2024,C0072,C0029,Application,0.215,136,4d77b610487c4892b48167199556d347,"387  www.ckl2.org  ""2 3<r  Line up the congruent angles: AIRE ~ AlTR ~ ARTE  We can also use the side proportions to find the length of the altitude."
R2025,C0072,C0118,Application,0.215,136,4d77b610487c4892b48167199556d347,"387  www.ckl2.org  ""2 3<r  Line up the congruent angles: AIRE ~ AlTR ~ ARTE  We can also use the side proportions to find the length of the altitude."
R2026,C0072,C0533,Application,0.215,136,4d77b610487c4892b48167199556d347,"387  www.ckl2.org  ""2 3<r  Line up the congruent angles: AIRE ~ AlTR ~ ARTE  We can also use the side proportions to find the length of the altitude."
R2027,C0072,C0726,Application,0.2583,136,4d77b610487c4892b48167199556d347,"387  www.ckl2.org  ""2 3<r  Line up the congruent angles: AIRE ~ AlTR ~ ARTE  We can also use the side proportions to find the length of the altitude."
R2028,C0072,C0727,Application,0.2583,136,4d77b610487c4892b48167199556d347,"387  www.ckl2.org  ""2 3<r  Line up the congruent angles: AIRE ~ AlTR ~ ARTE  We can also use the side proportions to find the length of the altitude."
R2029,C0118,C0029,Application,0.295,136,4d77b610487c4892b48167199556d347,"387  www.ckl2.org  ""2 3<r  Line up the congruent angles: AIRE ~ AlTR ~ ARTE  We can also use the side proportions to find the length of the altitude."
R2030,C0118,C0059,Application,0.215,136,4d77b610487c4892b48167199556d347,"387  www.ckl2.org  ""2 3<r  Line up the congruent angles: AIRE ~ AlTR ~ ARTE  We can also use the side proportions to find the length of the altitude."
R2031,C0118,C0072,Application,0.215,136,4d77b610487c4892b48167199556d347,"387  www.ckl2.org  ""2 3<r  Line up the congruent angles: AIRE ~ AlTR ~ ARTE  We can also use the side proportions to find the length of the altitude."
R2032,C0118,C0533,Application,0.215,136,4d77b610487c4892b48167199556d347,"387  www.ckl2.org  ""2 3<r  Line up the congruent angles: AIRE ~ AlTR ~ ARTE  We can also use the side proportions to find the length of the altitude."
R2033,C0118,C0726,Application,0.2336,136,4d77b610487c4892b48167199556d347,"387  www.ckl2.org  ""2 3<r  Line up the congruent angles: AIRE ~ AlTR ~ ARTE  We can also use the side proportions to find the length of the altitude."
R2034,C0118,C0727,Application,0.2336,136,4d77b610487c4892b48167199556d347,"387  www.ckl2.org  ""2 3<r  Line up the congruent angles: AIRE ~ AlTR ~ ARTE  We can also use the side proportions to find the length of the altitude."
R2035,C0533,C0029,Application,0.3125,136,4d77b610487c4892b48167199556d347,"387  www.ckl2.org  ""2 3<r  Line up the congruent angles: AIRE ~ AlTR ~ ARTE  We can also use the side proportions to find the length of the altitude."
R2036,C0533,C0059,Application,0.2583,136,4d77b610487c4892b48167199556d347,"387  www.ckl2.org  ""2 3<r  Line up the congruent angles: AIRE ~ AlTR ~ ARTE  We can also use the side proportions to find the length of the altitude."
R2037,C0533,C0072,Application,0.215,136,4d77b610487c4892b48167199556d347,"387  www.ckl2.org  ""2 3<r  Line up the congruent angles: AIRE ~ AlTR ~ ARTE  We can also use the side proportions to find the length of the altitude."
R2038,C0533,C0118,Application,0.215,136,4d77b610487c4892b48167199556d347,"387  www.ckl2.org  ""2 3<r  Line up the congruent angles: AIRE ~ AlTR ~ ARTE  We can also use the side proportions to find the length of the altitude."
R2039,C0533,C0726,Application,0.2828,136,4d77b610487c4892b48167199556d347,"387  www.ckl2.org  ""2 3<r  Line up the congruent angles: AIRE ~ AlTR ~ ARTE  We can also use the side proportions to find the length of the altitude."
R2040,C0533,C0727,Application,0.2828,136,4d77b610487c4892b48167199556d347,"387  www.ckl2.org  ""2 3<r  Line up the congruent angles: AIRE ~ AlTR ~ ARTE  We can also use the side proportions to find the length of the altitude."
R2041,C0726,C0029,Application,0.2535,136,4d77b610487c4892b48167199556d347,"387  www.ckl2.org  ""2 3<r  Line up the congruent angles: AIRE ~ AlTR ~ ARTE  We can also use the side proportions to find the length of the altitude."
R2042,C0726,C0059,Application,0.2645,136,4d77b610487c4892b48167199556d347,"387  www.ckl2.org  ""2 3<r  Line up the congruent angles: AIRE ~ AlTR ~ ARTE  We can also use the side proportions to find the length of the altitude."
R2043,C0726,C0072,Application,0.2583,136,4d77b610487c4892b48167199556d347,"387  www.ckl2.org  ""2 3<r  Line up the congruent angles: AIRE ~ AlTR ~ ARTE  We can also use the side proportions to find the length of the altitude."
R2044,C0726,C0118,Application,0.2336,136,4d77b610487c4892b48167199556d347,"387  www.ckl2.org  ""2 3<r  Line up the congruent angles: AIRE ~ AlTR ~ ARTE  We can also use the side proportions to find the length of the altitude."
R2045,C0726,C0533,Application,0.2828,136,4d77b610487c4892b48167199556d347,"387  www.ckl2.org  ""2 3<r  Line up the congruent angles: AIRE ~ AlTR ~ ARTE  We can also use the side proportions to find the length of the altitude."
R2046,C0726,C0727,Application,0.84,136,4d77b610487c4892b48167199556d347,"387  www.ckl2.org  ""2 3<r  Line up the congruent angles: AIRE ~ AlTR ~ ARTE  We can also use the side proportions to find the length of the altitude."
R2047,C0727,C0029,Application,0.2535,136,4d77b610487c4892b48167199556d347,"387  www.ckl2.org  ""2 3<r  Line up the congruent angles: AIRE ~ AlTR ~ ARTE  We can also use the side proportions to find the length of the altitude."
R2048,C0727,C0059,Application,0.2645,136,4d77b610487c4892b48167199556d347,"387  www.ckl2.org  ""2 3<r  Line up the congruent angles: AIRE ~ AlTR ~ ARTE  We can also use the side proportions to find the length of the altitude."
R2049,C0727,C0072,Application,0.2583,136,4d77b610487c4892b48167199556d347,"387  www.ckl2.org  ""2 3<r  Line up the congruent angles: AIRE ~ AlTR ~ ARTE  We can also use the side proportions to find the length of the altitude."
R2050,C0727,C0118,Application,0.2336,136,4d77b610487c4892b48167199556d347,"387  www.ckl2.org  ""2 3<r  Line up the congruent angles: AIRE ~ AlTR ~ ARTE  We can also use the side proportions to find the length of the altitude."
R2051,C0727,C0533,Application,0.2828,136,4d77b610487c4892b48167199556d347,"387  www.ckl2.org  ""2 3<r  Line up the congruent angles: AIRE ~ AlTR ~ ARTE  We can also use the side proportions to find the length of the altitude."
R2052,C0727,C0726,Application,0.84,136,4d77b610487c4892b48167199556d347,"387  www.ckl2.org  ""2 3<r  Line up the congruent angles: AIRE ~ AlTR ~ ARTE  We can also use the side proportions to find the length of the altitude."
R2053,C0017,C0533,Application,0.4633,137,6ed922053726439892d3a4e63ae24700,A practical application of the geometric mean is to find the altitude of a right triangle.
R2054,C0017,C0730,Application,0.3321,137,6ed922053726439892d3a4e63ae24700,A practical application of the geometric mean is to find the altitude of a right triangle.
R2055,C0019,C0533,Application,0.3366,137,6ed922053726439892d3a4e63ae24700,A practical application of the geometric mean is to find the altitude of a right triangle.
R2056,C0019,C0730,Application,0.2959,137,6ed922053726439892d3a4e63ae24700,A practical application of the geometric mean is to find the altitude of a right triangle.
R2057,C0533,C0017,Application,0.4633,137,6ed922053726439892d3a4e63ae24700,A practical application of the geometric mean is to find the altitude of a right triangle.
R2058,C0533,C0019,Application,0.3366,137,6ed922053726439892d3a4e63ae24700,A practical application of the geometric mean is to find the altitude of a right triangle.
R2059,C0533,C0730,Application,0.2424,137,6ed922053726439892d3a4e63ae24700,A practical application of the geometric mean is to find the altitude of a right triangle.
R2060,C0730,C0017,Application,0.3321,137,6ed922053726439892d3a4e63ae24700,A practical application of the geometric mean is to find the altitude of a right triangle.
R2061,C0730,C0019,Application,0.2959,137,6ed922053726439892d3a4e63ae24700,A practical application of the geometric mean is to find the altitude of a right triangle.
R2062,C0730,C0533,Application,0.2424,137,6ed922053726439892d3a4e63ae24700,A practical application of the geometric mean is to find the altitude of a right triangle.
R2063,C0017,C0051,Application,0.2404,138,7180d4368abf4baca96c9323704f01a4,"Revisited To find the hypotenuse of the smallest triangle, do the Pythagorean Theorem."
R2064,C0051,C0017,Application,0.2404,138,7180d4368abf4baca96c9323704f01a4,"Revisited To find the hypotenuse of the smallest triangle, do the Pythagorean Theorem."
R2065,C0051,C0448,Application,0.2417,138,7180d4368abf4baca96c9323704f01a4,"Revisited To find the hypotenuse of the smallest triangle, do the Pythagorean Theorem."
R2066,C0448,C0051,Application,0.2417,138,7180d4368abf4baca96c9323704f01a4,"Revisited To find the hypotenuse of the smallest triangle, do the Pythagorean Theorem."
R2067,C0017,C0736,Application,0.2828,138,131e1fc0800d4fd79fe352fa915f8246,This triangle is also  called a 45-45-90 triangle (after the angle measures).
R2068,C0028,C0736,Application,0.2728,138,131e1fc0800d4fd79fe352fa915f8246,This triangle is also  called a 45-45-90 triangle (after the angle measures).
R2069,C0736,C0017,Application,0.2828,138,131e1fc0800d4fd79fe352fa915f8246,This triangle is also  called a 45-45-90 triangle (after the angle measures).
R2070,C0736,C0028,Application,0.2728,138,131e1fc0800d4fd79fe352fa915f8246,This triangle is also  called a 45-45-90 triangle (after the angle measures).
R2071,C0013,C0028,Application,0.278,139,a43868cdf2694d988b2cbed9853ec7d8,Find the measure of the two angles at the top vertex and the length of the shorter leg  www.ckl2.org 398  The top angles are each 30° and the shorter leg is 1 in because the altitude of an equilateral triangle is also  the angle and perpendicular bisector.
R2072,C0013,C0071,Application,0.2283,139,a43868cdf2694d988b2cbed9853ec7d8,Find the measure of the two angles at the top vertex and the length of the shorter leg  www.ckl2.org 398  The top angles are each 30° and the shorter leg is 1 in because the altitude of an equilateral triangle is also  the angle and perpendicular bisector.
R2073,C0013,C0162,Application,0.2367,139,a43868cdf2694d988b2cbed9853ec7d8,Find the measure of the two angles at the top vertex and the length of the shorter leg  www.ckl2.org 398  The top angles are each 30° and the shorter leg is 1 in because the altitude of an equilateral triangle is also  the angle and perpendicular bisector.
R2074,C0013,C0533,Application,0.215,139,a43868cdf2694d988b2cbed9853ec7d8,Find the measure of the two angles at the top vertex and the length of the shorter leg  www.ckl2.org 398  The top angles are each 30° and the shorter leg is 1 in because the altitude of an equilateral triangle is also  the angle and perpendicular bisector.
R2075,C0017,C0105,Application,0.2843,139,a43868cdf2694d988b2cbed9853ec7d8,Find the measure of the two angles at the top vertex and the length of the shorter leg  www.ckl2.org 398  The top angles are each 30° and the shorter leg is 1 in because the altitude of an equilateral triangle is also  the angle and perpendicular bisector.
R2076,C0028,C0013,Application,0.278,139,a43868cdf2694d988b2cbed9853ec7d8,Find the measure of the two angles at the top vertex and the length of the shorter leg  www.ckl2.org 398  The top angles are each 30° and the shorter leg is 1 in because the altitude of an equilateral triangle is also  the angle and perpendicular bisector.
R2077,C0028,C0105,Application,0.2596,139,a43868cdf2694d988b2cbed9853ec7d8,Find the measure of the two angles at the top vertex and the length of the shorter leg  www.ckl2.org 398  The top angles are each 30° and the shorter leg is 1 in because the altitude of an equilateral triangle is also  the angle and perpendicular bisector.
R2078,C0028,C0116,Application,0.3011,139,a43868cdf2694d988b2cbed9853ec7d8,Find the measure of the two angles at the top vertex and the length of the shorter leg  www.ckl2.org 398  The top angles are each 30° and the shorter leg is 1 in because the altitude of an equilateral triangle is also  the angle and perpendicular bisector.
R2079,C0028,C0162,Application,0.2947,139,a43868cdf2694d988b2cbed9853ec7d8,Find the measure of the two angles at the top vertex and the length of the shorter leg  www.ckl2.org 398  The top angles are each 30° and the shorter leg is 1 in because the altitude of an equilateral triangle is also  the angle and perpendicular bisector.
R2080,C0028,C0533,Application,0.3321,139,a43868cdf2694d988b2cbed9853ec7d8,Find the measure of the two angles at the top vertex and the length of the shorter leg  www.ckl2.org 398  The top angles are each 30° and the shorter leg is 1 in because the altitude of an equilateral triangle is also  the angle and perpendicular bisector.
R2081,C0071,C0013,Application,0.2283,139,a43868cdf2694d988b2cbed9853ec7d8,Find the measure of the two angles at the top vertex and the length of the shorter leg  www.ckl2.org 398  The top angles are each 30° and the shorter leg is 1 in because the altitude of an equilateral triangle is also  the angle and perpendicular bisector.
R2082,C0071,C0105,Application,0.273,139,a43868cdf2694d988b2cbed9853ec7d8,Find the measure of the two angles at the top vertex and the length of the shorter leg  www.ckl2.org 398  The top angles are each 30° and the shorter leg is 1 in because the altitude of an equilateral triangle is also  the angle and perpendicular bisector.
R2083,C0071,C0116,Application,0.2817,139,a43868cdf2694d988b2cbed9853ec7d8,Find the measure of the two angles at the top vertex and the length of the shorter leg  www.ckl2.org 398  The top angles are each 30° and the shorter leg is 1 in because the altitude of an equilateral triangle is also  the angle and perpendicular bisector.
R2084,C0071,C0162,Application,0.2303,139,a43868cdf2694d988b2cbed9853ec7d8,Find the measure of the two angles at the top vertex and the length of the shorter leg  www.ckl2.org 398  The top angles are each 30° and the shorter leg is 1 in because the altitude of an equilateral triangle is also  the angle and perpendicular bisector.
R2085,C0071,C0533,Application,0.2312,139,a43868cdf2694d988b2cbed9853ec7d8,Find the measure of the two angles at the top vertex and the length of the shorter leg  www.ckl2.org 398  The top angles are each 30° and the shorter leg is 1 in because the altitude of an equilateral triangle is also  the angle and perpendicular bisector.
R2086,C0105,C0017,Application,0.2843,139,a43868cdf2694d988b2cbed9853ec7d8,Find the measure of the two angles at the top vertex and the length of the shorter leg  www.ckl2.org 398  The top angles are each 30° and the shorter leg is 1 in because the altitude of an equilateral triangle is also  the angle and perpendicular bisector.
R2087,C0105,C0028,Application,0.2596,139,a43868cdf2694d988b2cbed9853ec7d8,Find the measure of the two angles at the top vertex and the length of the shorter leg  www.ckl2.org 398  The top angles are each 30° and the shorter leg is 1 in because the altitude of an equilateral triangle is also  the angle and perpendicular bisector.
R2088,C0105,C0071,Application,0.273,139,a43868cdf2694d988b2cbed9853ec7d8,Find the measure of the two angles at the top vertex and the length of the shorter leg  www.ckl2.org 398  The top angles are each 30° and the shorter leg is 1 in because the altitude of an equilateral triangle is also  the angle and perpendicular bisector.
R2089,C0105,C0162,Application,0.2583,139,a43868cdf2694d988b2cbed9853ec7d8,Find the measure of the two angles at the top vertex and the length of the shorter leg  www.ckl2.org 398  The top angles are each 30° and the shorter leg is 1 in because the altitude of an equilateral triangle is also  the angle and perpendicular bisector.
R2090,C0105,C0533,Application,0.2893,139,a43868cdf2694d988b2cbed9853ec7d8,Find the measure of the two angles at the top vertex and the length of the shorter leg  www.ckl2.org 398  The top angles are each 30° and the shorter leg is 1 in because the altitude of an equilateral triangle is also  the angle and perpendicular bisector.
R2091,C0116,C0028,Application,0.3011,139,a43868cdf2694d988b2cbed9853ec7d8,Find the measure of the two angles at the top vertex and the length of the shorter leg  www.ckl2.org 398  The top angles are each 30° and the shorter leg is 1 in because the altitude of an equilateral triangle is also  the angle and perpendicular bisector.
R2092,C0116,C0071,Application,0.2817,139,a43868cdf2694d988b2cbed9853ec7d8,Find the measure of the two angles at the top vertex and the length of the shorter leg  www.ckl2.org 398  The top angles are each 30° and the shorter leg is 1 in because the altitude of an equilateral triangle is also  the angle and perpendicular bisector.
R2093,C0116,C0162,Application,0.3386,139,a43868cdf2694d988b2cbed9853ec7d8,Find the measure of the two angles at the top vertex and the length of the shorter leg  www.ckl2.org 398  The top angles are each 30° and the shorter leg is 1 in because the altitude of an equilateral triangle is also  the angle and perpendicular bisector.
R2094,C0116,C0533,Application,0.235,139,a43868cdf2694d988b2cbed9853ec7d8,Find the measure of the two angles at the top vertex and the length of the shorter leg  www.ckl2.org 398  The top angles are each 30° and the shorter leg is 1 in because the altitude of an equilateral triangle is also  the angle and perpendicular bisector.
R2095,C0162,C0013,Application,0.2367,139,a43868cdf2694d988b2cbed9853ec7d8,Find the measure of the two angles at the top vertex and the length of the shorter leg  www.ckl2.org 398  The top angles are each 30° and the shorter leg is 1 in because the altitude of an equilateral triangle is also  the angle and perpendicular bisector.
R2096,C0162,C0028,Application,0.2947,139,a43868cdf2694d988b2cbed9853ec7d8,Find the measure of the two angles at the top vertex and the length of the shorter leg  www.ckl2.org 398  The top angles are each 30° and the shorter leg is 1 in because the altitude of an equilateral triangle is also  the angle and perpendicular bisector.
R2097,C0162,C0071,Application,0.2303,139,a43868cdf2694d988b2cbed9853ec7d8,Find the measure of the two angles at the top vertex and the length of the shorter leg  www.ckl2.org 398  The top angles are each 30° and the shorter leg is 1 in because the altitude of an equilateral triangle is also  the angle and perpendicular bisector.
R2098,C0162,C0105,Application,0.2583,139,a43868cdf2694d988b2cbed9853ec7d8,Find the measure of the two angles at the top vertex and the length of the shorter leg  www.ckl2.org 398  The top angles are each 30° and the shorter leg is 1 in because the altitude of an equilateral triangle is also  the angle and perpendicular bisector.
R2099,C0162,C0116,Application,0.3386,139,a43868cdf2694d988b2cbed9853ec7d8,Find the measure of the two angles at the top vertex and the length of the shorter leg  www.ckl2.org 398  The top angles are each 30° and the shorter leg is 1 in because the altitude of an equilateral triangle is also  the angle and perpendicular bisector.
R2100,C0162,C0533,Application,0.28,139,a43868cdf2694d988b2cbed9853ec7d8,Find the measure of the two angles at the top vertex and the length of the shorter leg  www.ckl2.org 398  The top angles are each 30° and the shorter leg is 1 in because the altitude of an equilateral triangle is also  the angle and perpendicular bisector.
R2101,C0533,C0013,Application,0.215,139,a43868cdf2694d988b2cbed9853ec7d8,Find the measure of the two angles at the top vertex and the length of the shorter leg  www.ckl2.org 398  The top angles are each 30° and the shorter leg is 1 in because the altitude of an equilateral triangle is also  the angle and perpendicular bisector.
R2102,C0533,C0028,Application,0.3321,139,a43868cdf2694d988b2cbed9853ec7d8,Find the measure of the two angles at the top vertex and the length of the shorter leg  www.ckl2.org 398  The top angles are each 30° and the shorter leg is 1 in because the altitude of an equilateral triangle is also  the angle and perpendicular bisector.
R2103,C0533,C0071,Application,0.2312,139,a43868cdf2694d988b2cbed9853ec7d8,Find the measure of the two angles at the top vertex and the length of the shorter leg  www.ckl2.org 398  The top angles are each 30° and the shorter leg is 1 in because the altitude of an equilateral triangle is also  the angle and perpendicular bisector.
R2104,C0533,C0105,Application,0.2893,139,a43868cdf2694d988b2cbed9853ec7d8,Find the measure of the two angles at the top vertex and the length of the shorter leg  www.ckl2.org 398  The top angles are each 30° and the shorter leg is 1 in because the altitude of an equilateral triangle is also  the angle and perpendicular bisector.
R2105,C0533,C0116,Application,0.235,139,a43868cdf2694d988b2cbed9853ec7d8,Find the measure of the two angles at the top vertex and the length of the shorter leg  www.ckl2.org 398  The top angles are each 30° and the shorter leg is 1 in because the altitude of an equilateral triangle is also  the angle and perpendicular bisector.
R2106,C0533,C0162,Application,0.28,139,a43868cdf2694d988b2cbed9853ec7d8,Find the measure of the two angles at the top vertex and the length of the shorter leg  www.ckl2.org 398  The top angles are each 30° and the shorter leg is 1 in because the altitude of an equilateral triangle is also  the angle and perpendicular bisector.
R2107,C0017,C0736,Similarity,0.3628,140,6cd7b3ebd7644c0ab401d2870d337da9,"So, it would be the same as the hypotenuse of a 45-45-90 triangle."
R2108,C0448,C0736,Similarity,0.2623,140,6cd7b3ebd7644c0ab401d2870d337da9,"So, it would be the same as the hypotenuse of a 45-45-90 triangle."
R2109,C0736,C0017,Similarity,0.3628,140,6cd7b3ebd7644c0ab401d2870d337da9,"So, it would be the same as the hypotenuse of a 45-45-90 triangle."
R2110,C0736,C0448,Similarity,0.2623,140,6cd7b3ebd7644c0ab401d2870d337da9,"So, it would be the same as the hypotenuse of a 45-45-90 triangle."
R2111,C0740,C0741,Application,0.3923,141,6d6ac01688a34c08962e56b83f14e812,"Example 1: Find the sine, cosine and tangent ratios of LA."
R2112,C0740,C0743,Application,0.375,141,6d6ac01688a34c08962e56b83f14e812,"Example 1: Find the sine, cosine and tangent ratios of LA."
R2113,C0740,C0744,Application,0.3143,141,6d6ac01688a34c08962e56b83f14e812,"Example 1: Find the sine, cosine and tangent ratios of LA."
R2114,C0741,C0740,Application,0.3923,141,6d6ac01688a34c08962e56b83f14e812,"Example 1: Find the sine, cosine and tangent ratios of LA."
R2115,C0741,C0743,Application,0.5252,141,6d6ac01688a34c08962e56b83f14e812,"Example 1: Find the sine, cosine and tangent ratios of LA."
R2116,C0741,C0744,Application,0.36,141,6d6ac01688a34c08962e56b83f14e812,"Example 1: Find the sine, cosine and tangent ratios of LA."
R2117,C0743,C0740,Application,0.375,141,6d6ac01688a34c08962e56b83f14e812,"Example 1: Find the sine, cosine and tangent ratios of LA."
R2118,C0743,C0741,Application,0.5252,141,6d6ac01688a34c08962e56b83f14e812,"Example 1: Find the sine, cosine and tangent ratios of LA."
R2119,C0743,C0744,Application,0.312,141,6d6ac01688a34c08962e56b83f14e812,"Example 1: Find the sine, cosine and tangent ratios of LA."
R2120,C0744,C0740,Application,0.3143,141,6d6ac01688a34c08962e56b83f14e812,"Example 1: Find the sine, cosine and tangent ratios of LA."
R2121,C0744,C0741,Application,0.36,141,6d6ac01688a34c08962e56b83f14e812,"Example 1: Find the sine, cosine and tangent ratios of LA."
R2122,C0744,C0743,Application,0.312,141,6d6ac01688a34c08962e56b83f14e812,"Example 1: Find the sine, cosine and tangent ratios of LA."
R2123,C0072,C0347,Application,0.215,141,86ab4e3d65154fdaba61d83678dcfb73,• Use the Pythagorean Theorem to find the missing side (if there is one).
R2124,C0347,C0072,Application,0.215,141,86ab4e3d65154fdaba61d83678dcfb73,• Use the Pythagorean Theorem to find the missing side (if there is one).
R2125,C0017,C0747,Application,0.2456,142,4c3c1c86786e4b2ea2236e0844622713,a) sin 78° = 0.9781  b) cos 60° = 0.5  c) tan 15° = 0.2679  Finding the Sides of a Triangle using Trig Ratios  One application of the trigonometric ratios is to use them to find the missing sides of a right triangle.
R2126,C0017,C0748,Application,0.215,142,4c3c1c86786e4b2ea2236e0844622713,a) sin 78° = 0.9781  b) cos 60° = 0.5  c) tan 15° = 0.2679  Finding the Sides of a Triangle using Trig Ratios  One application of the trigonometric ratios is to use them to find the missing sides of a right triangle.
R2127,C0017,C0749,Application,0.2358,142,4c3c1c86786e4b2ea2236e0844622713,a) sin 78° = 0.9781  b) cos 60° = 0.5  c) tan 15° = 0.2679  Finding the Sides of a Triangle using Trig Ratios  One application of the trigonometric ratios is to use them to find the missing sides of a right triangle.
R2128,C0017,C0750,Application,0.2623,142,4c3c1c86786e4b2ea2236e0844622713,a) sin 78° = 0.9781  b) cos 60° = 0.5  c) tan 15° = 0.2679  Finding the Sides of a Triangle using Trig Ratios  One application of the trigonometric ratios is to use them to find the missing sides of a right triangle.
R2129,C0017,C0763,Application,0.2566,142,4c3c1c86786e4b2ea2236e0844622713,a) sin 78° = 0.9781  b) cos 60° = 0.5  c) tan 15° = 0.2679  Finding the Sides of a Triangle using Trig Ratios  One application of the trigonometric ratios is to use them to find the missing sides of a right triangle.
R2130,C0019,C0202,Application,0.3224,142,4c3c1c86786e4b2ea2236e0844622713,a) sin 78° = 0.9781  b) cos 60° = 0.5  c) tan 15° = 0.2679  Finding the Sides of a Triangle using Trig Ratios  One application of the trigonometric ratios is to use them to find the missing sides of a right triangle.
R2131,C0019,C0747,Application,0.2744,142,4c3c1c86786e4b2ea2236e0844622713,a) sin 78° = 0.9781  b) cos 60° = 0.5  c) tan 15° = 0.2679  Finding the Sides of a Triangle using Trig Ratios  One application of the trigonometric ratios is to use them to find the missing sides of a right triangle.
R2132,C0019,C0748,Application,0.26,142,4c3c1c86786e4b2ea2236e0844622713,a) sin 78° = 0.9781  b) cos 60° = 0.5  c) tan 15° = 0.2679  Finding the Sides of a Triangle using Trig Ratios  One application of the trigonometric ratios is to use them to find the missing sides of a right triangle.
R2133,C0019,C0749,Application,0.3504,142,4c3c1c86786e4b2ea2236e0844622713,a) sin 78° = 0.9781  b) cos 60° = 0.5  c) tan 15° = 0.2679  Finding the Sides of a Triangle using Trig Ratios  One application of the trigonometric ratios is to use them to find the missing sides of a right triangle.
R2134,C0019,C0750,Application,0.323,142,4c3c1c86786e4b2ea2236e0844622713,a) sin 78° = 0.9781  b) cos 60° = 0.5  c) tan 15° = 0.2679  Finding the Sides of a Triangle using Trig Ratios  One application of the trigonometric ratios is to use them to find the missing sides of a right triangle.
R2135,C0019,C0763,Application,0.3224,142,4c3c1c86786e4b2ea2236e0844622713,a) sin 78° = 0.9781  b) cos 60° = 0.5  c) tan 15° = 0.2679  Finding the Sides of a Triangle using Trig Ratios  One application of the trigonometric ratios is to use them to find the missing sides of a right triangle.
R2136,C0059,C0747,Application,0.3445,142,4c3c1c86786e4b2ea2236e0844622713,a) sin 78° = 0.9781  b) cos 60° = 0.5  c) tan 15° = 0.2679  Finding the Sides of a Triangle using Trig Ratios  One application of the trigonometric ratios is to use them to find the missing sides of a right triangle.
R2137,C0059,C0748,Application,0.295,142,4c3c1c86786e4b2ea2236e0844622713,a) sin 78° = 0.9781  b) cos 60° = 0.5  c) tan 15° = 0.2679  Finding the Sides of a Triangle using Trig Ratios  One application of the trigonometric ratios is to use them to find the missing sides of a right triangle.
R2138,C0059,C0749,Application,0.215,142,4c3c1c86786e4b2ea2236e0844622713,a) sin 78° = 0.9781  b) cos 60° = 0.5  c) tan 15° = 0.2679  Finding the Sides of a Triangle using Trig Ratios  One application of the trigonometric ratios is to use them to find the missing sides of a right triangle.
R2139,C0059,C0750,Application,0.2645,142,4c3c1c86786e4b2ea2236e0844622713,a) sin 78° = 0.9781  b) cos 60° = 0.5  c) tan 15° = 0.2679  Finding the Sides of a Triangle using Trig Ratios  One application of the trigonometric ratios is to use them to find the missing sides of a right triangle.
R2140,C0059,C0763,Application,0.3017,142,4c3c1c86786e4b2ea2236e0844622713,a) sin 78° = 0.9781  b) cos 60° = 0.5  c) tan 15° = 0.2679  Finding the Sides of a Triangle using Trig Ratios  One application of the trigonometric ratios is to use them to find the missing sides of a right triangle.
R2141,C0202,C0019,Application,0.3224,142,4c3c1c86786e4b2ea2236e0844622713,a) sin 78° = 0.9781  b) cos 60° = 0.5  c) tan 15° = 0.2679  Finding the Sides of a Triangle using Trig Ratios  One application of the trigonometric ratios is to use them to find the missing sides of a right triangle.
R2142,C0202,C0747,Application,0.2287,142,4c3c1c86786e4b2ea2236e0844622713,a) sin 78° = 0.9781  b) cos 60° = 0.5  c) tan 15° = 0.2679  Finding the Sides of a Triangle using Trig Ratios  One application of the trigonometric ratios is to use them to find the missing sides of a right triangle.
R2143,C0202,C0748,Application,0.215,142,4c3c1c86786e4b2ea2236e0844622713,a) sin 78° = 0.9781  b) cos 60° = 0.5  c) tan 15° = 0.2679  Finding the Sides of a Triangle using Trig Ratios  One application of the trigonometric ratios is to use them to find the missing sides of a right triangle.
R2144,C0202,C0749,Application,0.2336,142,4c3c1c86786e4b2ea2236e0844622713,a) sin 78° = 0.9781  b) cos 60° = 0.5  c) tan 15° = 0.2679  Finding the Sides of a Triangle using Trig Ratios  One application of the trigonometric ratios is to use them to find the missing sides of a right triangle.
R2145,C0202,C0750,Application,0.2583,142,4c3c1c86786e4b2ea2236e0844622713,a) sin 78° = 0.9781  b) cos 60° = 0.5  c) tan 15° = 0.2679  Finding the Sides of a Triangle using Trig Ratios  One application of the trigonometric ratios is to use them to find the missing sides of a right triangle.
R2146,C0202,C0763,Application,0.2329,142,4c3c1c86786e4b2ea2236e0844622713,a) sin 78° = 0.9781  b) cos 60° = 0.5  c) tan 15° = 0.2679  Finding the Sides of a Triangle using Trig Ratios  One application of the trigonometric ratios is to use them to find the missing sides of a right triangle.
R2147,C0747,C0017,Application,0.2456,142,4c3c1c86786e4b2ea2236e0844622713,a) sin 78° = 0.9781  b) cos 60° = 0.5  c) tan 15° = 0.2679  Finding the Sides of a Triangle using Trig Ratios  One application of the trigonometric ratios is to use them to find the missing sides of a right triangle.
R2148,C0747,C0019,Application,0.2744,142,4c3c1c86786e4b2ea2236e0844622713,a) sin 78° = 0.9781  b) cos 60° = 0.5  c) tan 15° = 0.2679  Finding the Sides of a Triangle using Trig Ratios  One application of the trigonometric ratios is to use them to find the missing sides of a right triangle.
R2149,C0747,C0059,Application,0.3445,142,4c3c1c86786e4b2ea2236e0844622713,a) sin 78° = 0.9781  b) cos 60° = 0.5  c) tan 15° = 0.2679  Finding the Sides of a Triangle using Trig Ratios  One application of the trigonometric ratios is to use them to find the missing sides of a right triangle.
R2150,C0747,C0202,Application,0.2287,142,4c3c1c86786e4b2ea2236e0844622713,a) sin 78° = 0.9781  b) cos 60° = 0.5  c) tan 15° = 0.2679  Finding the Sides of a Triangle using Trig Ratios  One application of the trigonometric ratios is to use them to find the missing sides of a right triangle.
R2151,C0747,C0748,Application,0.53,142,4c3c1c86786e4b2ea2236e0844622713,a) sin 78° = 0.9781  b) cos 60° = 0.5  c) tan 15° = 0.2679  Finding the Sides of a Triangle using Trig Ratios  One application of the trigonometric ratios is to use them to find the missing sides of a right triangle.
R2152,C0747,C0749,Application,0.2808,142,4c3c1c86786e4b2ea2236e0844622713,a) sin 78° = 0.9781  b) cos 60° = 0.5  c) tan 15° = 0.2679  Finding the Sides of a Triangle using Trig Ratios  One application of the trigonometric ratios is to use them to find the missing sides of a right triangle.
R2153,C0747,C0750,Application,0.3439,142,4c3c1c86786e4b2ea2236e0844622713,a) sin 78° = 0.9781  b) cos 60° = 0.5  c) tan 15° = 0.2679  Finding the Sides of a Triangle using Trig Ratios  One application of the trigonometric ratios is to use them to find the missing sides of a right triangle.
R2154,C0747,C0763,Application,0.325,142,4c3c1c86786e4b2ea2236e0844622713,a) sin 78° = 0.9781  b) cos 60° = 0.5  c) tan 15° = 0.2679  Finding the Sides of a Triangle using Trig Ratios  One application of the trigonometric ratios is to use them to find the missing sides of a right triangle.
R2155,C0748,C0017,Application,0.215,142,4c3c1c86786e4b2ea2236e0844622713,a) sin 78° = 0.9781  b) cos 60° = 0.5  c) tan 15° = 0.2679  Finding the Sides of a Triangle using Trig Ratios  One application of the trigonometric ratios is to use them to find the missing sides of a right triangle.
R2156,C0748,C0019,Application,0.26,142,4c3c1c86786e4b2ea2236e0844622713,a) sin 78° = 0.9781  b) cos 60° = 0.5  c) tan 15° = 0.2679  Finding the Sides of a Triangle using Trig Ratios  One application of the trigonometric ratios is to use them to find the missing sides of a right triangle.
R2157,C0748,C0059,Application,0.295,142,4c3c1c86786e4b2ea2236e0844622713,a) sin 78° = 0.9781  b) cos 60° = 0.5  c) tan 15° = 0.2679  Finding the Sides of a Triangle using Trig Ratios  One application of the trigonometric ratios is to use them to find the missing sides of a right triangle.
R2158,C0748,C0202,Application,0.215,142,4c3c1c86786e4b2ea2236e0844622713,a) sin 78° = 0.9781  b) cos 60° = 0.5  c) tan 15° = 0.2679  Finding the Sides of a Triangle using Trig Ratios  One application of the trigonometric ratios is to use them to find the missing sides of a right triangle.
R2159,C0748,C0747,Application,0.53,142,4c3c1c86786e4b2ea2236e0844622713,a) sin 78° = 0.9781  b) cos 60° = 0.5  c) tan 15° = 0.2679  Finding the Sides of a Triangle using Trig Ratios  One application of the trigonometric ratios is to use them to find the missing sides of a right triangle.
R2160,C0748,C0749,Application,0.2971,142,4c3c1c86786e4b2ea2236e0844622713,a) sin 78° = 0.9781  b) cos 60° = 0.5  c) tan 15° = 0.2679  Finding the Sides of a Triangle using Trig Ratios  One application of the trigonometric ratios is to use them to find the missing sides of a right triangle.
R2161,C0748,C0750,Application,0.3052,142,4c3c1c86786e4b2ea2236e0844622713,a) sin 78° = 0.9781  b) cos 60° = 0.5  c) tan 15° = 0.2679  Finding the Sides of a Triangle using Trig Ratios  One application of the trigonometric ratios is to use them to find the missing sides of a right triangle.
R2162,C0748,C0763,Application,0.26,142,4c3c1c86786e4b2ea2236e0844622713,a) sin 78° = 0.9781  b) cos 60° = 0.5  c) tan 15° = 0.2679  Finding the Sides of a Triangle using Trig Ratios  One application of the trigonometric ratios is to use them to find the missing sides of a right triangle.
R2163,C0749,C0017,Application,0.2358,142,4c3c1c86786e4b2ea2236e0844622713,a) sin 78° = 0.9781  b) cos 60° = 0.5  c) tan 15° = 0.2679  Finding the Sides of a Triangle using Trig Ratios  One application of the trigonometric ratios is to use them to find the missing sides of a right triangle.
R2164,C0749,C0019,Application,0.3504,142,4c3c1c86786e4b2ea2236e0844622713,a) sin 78° = 0.9781  b) cos 60° = 0.5  c) tan 15° = 0.2679  Finding the Sides of a Triangle using Trig Ratios  One application of the trigonometric ratios is to use them to find the missing sides of a right triangle.
R2165,C0749,C0059,Application,0.215,142,4c3c1c86786e4b2ea2236e0844622713,a) sin 78° = 0.9781  b) cos 60° = 0.5  c) tan 15° = 0.2679  Finding the Sides of a Triangle using Trig Ratios  One application of the trigonometric ratios is to use them to find the missing sides of a right triangle.
R2166,C0749,C0202,Application,0.2336,142,4c3c1c86786e4b2ea2236e0844622713,a) sin 78° = 0.9781  b) cos 60° = 0.5  c) tan 15° = 0.2679  Finding the Sides of a Triangle using Trig Ratios  One application of the trigonometric ratios is to use them to find the missing sides of a right triangle.
R2167,C0749,C0747,Application,0.2808,142,4c3c1c86786e4b2ea2236e0844622713,a) sin 78° = 0.9781  b) cos 60° = 0.5  c) tan 15° = 0.2679  Finding the Sides of a Triangle using Trig Ratios  One application of the trigonometric ratios is to use them to find the missing sides of a right triangle.
R2168,C0749,C0748,Application,0.2971,142,4c3c1c86786e4b2ea2236e0844622713,a) sin 78° = 0.9781  b) cos 60° = 0.5  c) tan 15° = 0.2679  Finding the Sides of a Triangle using Trig Ratios  One application of the trigonometric ratios is to use them to find the missing sides of a right triangle.
R2169,C0749,C0750,Application,0.3878,142,4c3c1c86786e4b2ea2236e0844622713,a) sin 78° = 0.9781  b) cos 60° = 0.5  c) tan 15° = 0.2679  Finding the Sides of a Triangle using Trig Ratios  One application of the trigonometric ratios is to use them to find the missing sides of a right triangle.
R2170,C0749,C0763,Application,0.2925,142,4c3c1c86786e4b2ea2236e0844622713,a) sin 78° = 0.9781  b) cos 60° = 0.5  c) tan 15° = 0.2679  Finding the Sides of a Triangle using Trig Ratios  One application of the trigonometric ratios is to use them to find the missing sides of a right triangle.
R2171,C0750,C0017,Application,0.2623,142,4c3c1c86786e4b2ea2236e0844622713,a) sin 78° = 0.9781  b) cos 60° = 0.5  c) tan 15° = 0.2679  Finding the Sides of a Triangle using Trig Ratios  One application of the trigonometric ratios is to use them to find the missing sides of a right triangle.
R2172,C0750,C0019,Application,0.323,142,4c3c1c86786e4b2ea2236e0844622713,a) sin 78° = 0.9781  b) cos 60° = 0.5  c) tan 15° = 0.2679  Finding the Sides of a Triangle using Trig Ratios  One application of the trigonometric ratios is to use them to find the missing sides of a right triangle.
R2173,C0750,C0059,Application,0.2645,142,4c3c1c86786e4b2ea2236e0844622713,a) sin 78° = 0.9781  b) cos 60° = 0.5  c) tan 15° = 0.2679  Finding the Sides of a Triangle using Trig Ratios  One application of the trigonometric ratios is to use them to find the missing sides of a right triangle.
R2174,C0750,C0202,Application,0.2583,142,4c3c1c86786e4b2ea2236e0844622713,a) sin 78° = 0.9781  b) cos 60° = 0.5  c) tan 15° = 0.2679  Finding the Sides of a Triangle using Trig Ratios  One application of the trigonometric ratios is to use them to find the missing sides of a right triangle.
R2175,C0750,C0747,Application,0.3439,142,4c3c1c86786e4b2ea2236e0844622713,a) sin 78° = 0.9781  b) cos 60° = 0.5  c) tan 15° = 0.2679  Finding the Sides of a Triangle using Trig Ratios  One application of the trigonometric ratios is to use them to find the missing sides of a right triangle.
R2176,C0750,C0748,Application,0.3052,142,4c3c1c86786e4b2ea2236e0844622713,a) sin 78° = 0.9781  b) cos 60° = 0.5  c) tan 15° = 0.2679  Finding the Sides of a Triangle using Trig Ratios  One application of the trigonometric ratios is to use them to find the missing sides of a right triangle.
R2177,C0750,C0749,Application,0.3878,142,4c3c1c86786e4b2ea2236e0844622713,a) sin 78° = 0.9781  b) cos 60° = 0.5  c) tan 15° = 0.2679  Finding the Sides of a Triangle using Trig Ratios  One application of the trigonometric ratios is to use them to find the missing sides of a right triangle.
R2178,C0750,C0763,Application,0.4086,142,4c3c1c86786e4b2ea2236e0844622713,a) sin 78° = 0.9781  b) cos 60° = 0.5  c) tan 15° = 0.2679  Finding the Sides of a Triangle using Trig Ratios  One application of the trigonometric ratios is to use them to find the missing sides of a right triangle.
R2179,C0763,C0017,Application,0.2566,142,4c3c1c86786e4b2ea2236e0844622713,a) sin 78° = 0.9781  b) cos 60° = 0.5  c) tan 15° = 0.2679  Finding the Sides of a Triangle using Trig Ratios  One application of the trigonometric ratios is to use them to find the missing sides of a right triangle.
R2180,C0763,C0019,Application,0.3224,142,4c3c1c86786e4b2ea2236e0844622713,a) sin 78° = 0.9781  b) cos 60° = 0.5  c) tan 15° = 0.2679  Finding the Sides of a Triangle using Trig Ratios  One application of the trigonometric ratios is to use them to find the missing sides of a right triangle.
R2181,C0763,C0059,Application,0.3017,142,4c3c1c86786e4b2ea2236e0844622713,a) sin 78° = 0.9781  b) cos 60° = 0.5  c) tan 15° = 0.2679  Finding the Sides of a Triangle using Trig Ratios  One application of the trigonometric ratios is to use them to find the missing sides of a right triangle.
R2182,C0763,C0202,Application,0.2329,142,4c3c1c86786e4b2ea2236e0844622713,a) sin 78° = 0.9781  b) cos 60° = 0.5  c) tan 15° = 0.2679  Finding the Sides of a Triangle using Trig Ratios  One application of the trigonometric ratios is to use them to find the missing sides of a right triangle.
R2183,C0763,C0747,Application,0.325,142,4c3c1c86786e4b2ea2236e0844622713,a) sin 78° = 0.9781  b) cos 60° = 0.5  c) tan 15° = 0.2679  Finding the Sides of a Triangle using Trig Ratios  One application of the trigonometric ratios is to use them to find the missing sides of a right triangle.
R2184,C0763,C0748,Application,0.26,142,4c3c1c86786e4b2ea2236e0844622713,a) sin 78° = 0.9781  b) cos 60° = 0.5  c) tan 15° = 0.2679  Finding the Sides of a Triangle using Trig Ratios  One application of the trigonometric ratios is to use them to find the missing sides of a right triangle.
R2185,C0763,C0749,Application,0.2925,142,4c3c1c86786e4b2ea2236e0844622713,a) sin 78° = 0.9781  b) cos 60° = 0.5  c) tan 15° = 0.2679  Finding the Sides of a Triangle using Trig Ratios  One application of the trigonometric ratios is to use them to find the missing sides of a right triangle.
R2186,C0763,C0750,Application,0.4086,142,4c3c1c86786e4b2ea2236e0844622713,a) sin 78° = 0.9781  b) cos 60° = 0.5  c) tan 15° = 0.2679  Finding the Sides of a Triangle using Trig Ratios  One application of the trigonometric ratios is to use them to find the missing sides of a right triangle.
R2187,C0196,C0763,Application,0.2583,142,6759f23ff6c54acb9a82608f092b0d79,Angles of Depression and Elevation  Another application of the trigonometric ratios is to find lengths that you cannot measure.
R2188,C0763,C0196,Application,0.2583,142,6759f23ff6c54acb9a82608f092b0d79,Angles of Depression and Elevation  Another application of the trigonometric ratios is to find lengths that you cannot measure.
R2189,C0051,C0059,Application,0.3579,143,660baa86aeca4d0ea261559f44714785,"Revisited To find the length of the ramp, we need to use sine."
R2190,C0051,C0741,Application,0.321,143,660baa86aeca4d0ea261559f44714785,"Revisited To find the length of the ramp, we need to use sine."
R2191,C0059,C0051,Application,0.3579,143,660baa86aeca4d0ea261559f44714785,"Revisited To find the length of the ramp, we need to use sine."
R2192,C0059,C0741,Application,0.3998,143,660baa86aeca4d0ea261559f44714785,"Revisited To find the length of the ramp, we need to use sine."
R2193,C0741,C0051,Application,0.321,143,660baa86aeca4d0ea261559f44714785,"Revisited To find the length of the ramp, we need to use sine."
R2194,C0741,C0059,Application,0.3998,143,660baa86aeca4d0ea261559f44714785,"Revisited To find the length of the ramp, we need to use sine."
R2195,C0740,C0749,Application,0.3306,143,660baa86aeca4d0ea261559f44714785,"tan 45°  Find the sine, cosine and tangent of LA."
R2196,C0741,C0749,Application,0.26,143,660baa86aeca4d0ea261559f44714785,"tan 45°  Find the sine, cosine and tangent of LA."
R2197,C0743,C0749,Application,0.26,143,660baa86aeca4d0ea261559f44714785,"tan 45°  Find the sine, cosine and tangent of LA."
R2198,C0749,C0740,Application,0.3306,143,660baa86aeca4d0ea261559f44714785,"tan 45°  Find the sine, cosine and tangent of LA."
R2199,C0749,C0741,Application,0.26,143,660baa86aeca4d0ea261559f44714785,"tan 45°  Find the sine, cosine and tangent of LA."
R2200,C0749,C0743,Application,0.26,143,660baa86aeca4d0ea261559f44714785,"tan 45°  Find the sine, cosine and tangent of LA."
R2201,C0017,C0740,Application,0.215,144,4ab1985239b546b1b372aada33714027,"Use the triangle from #3, to find the sine, cosine, and tangent of 45°."
R2202,C0017,C0741,Application,0.2465,144,4ab1985239b546b1b372aada33714027,"Use the triangle from #3, to find the sine, cosine, and tangent of 45°."
R2203,C0017,C0743,Application,0.2358,144,4ab1985239b546b1b372aada33714027,"Use the triangle from #3, to find the sine, cosine, and tangent of 45°."
R2204,C0059,C0740,Application,0.215,144,4ab1985239b546b1b372aada33714027,"Use the triangle from #3, to find the sine, cosine, and tangent of 45°."
R2205,C0059,C0743,Application,0.3895,144,4ab1985239b546b1b372aada33714027,"Use the triangle from #3, to find the sine, cosine, and tangent of 45°."
R2206,C0740,C0017,Application,0.215,144,4ab1985239b546b1b372aada33714027,"Use the triangle from #3, to find the sine, cosine, and tangent of 45°."
R2207,C0740,C0059,Application,0.215,144,4ab1985239b546b1b372aada33714027,"Use the triangle from #3, to find the sine, cosine, and tangent of 45°."
R2208,C0741,C0017,Application,0.2465,144,4ab1985239b546b1b372aada33714027,"Use the triangle from #3, to find the sine, cosine, and tangent of 45°."
R2209,C0743,C0017,Application,0.2358,144,4ab1985239b546b1b372aada33714027,"Use the triangle from #3, to find the sine, cosine, and tangent of 45°."
R2210,C0743,C0059,Application,0.3895,144,4ab1985239b546b1b372aada33714027,"Use the triangle from #3, to find the sine, cosine, and tangent of 45°."
R2211,C0028,C0763,Application,0.2509,144,4ab1985239b546b1b372aada33714027,"When we apply inverses to the trigonometric ratios, we can find  acute angle measures as long as we are given two sides."
R2212,C0246,C0763,Application,0.2475,144,4ab1985239b546b1b372aada33714027,"When we apply inverses to the trigonometric ratios, we can find  acute angle measures as long as we are given two sides."
R2213,C0763,C0028,Application,0.2509,144,4ab1985239b546b1b372aada33714027,"When we apply inverses to the trigonometric ratios, we can find  acute angle measures as long as we are given two sides."
R2214,C0763,C0246,Application,0.2475,144,4ab1985239b546b1b372aada33714027,"When we apply inverses to the trigonometric ratios, we can find  acute angle measures as long as we are given two sides."
R2215,C0059,C0415,Application,0.295,144,4ab1985239b546b1b372aada33714027,"sin  -i  mlB  sm  ""(;)  ml A  Inverse Cosine: Labeled cos  -i  cos  ""(f)  mlB  cos | — | = mlA  In order to find the measure of the angles, you will need you use your calculator."
R2216,C0059,C0755,Application,0.3445,144,4ab1985239b546b1b372aada33714027,"sin  -i  mlB  sm  ""(;)  ml A  Inverse Cosine: Labeled cos  -i  cos  ""(f)  mlB  cos | — | = mlA  In order to find the measure of the angles, you will need you use your calculator."
R2217,C0196,C0415,Application,0.215,144,4ab1985239b546b1b372aada33714027,"sin  -i  mlB  sm  ""(;)  ml A  Inverse Cosine: Labeled cos  -i  cos  ""(f)  mlB  cos | — | = mlA  In order to find the measure of the angles, you will need you use your calculator."
R2218,C0196,C0743,Application,0.2367,144,4ab1985239b546b1b372aada33714027,"sin  -i  mlB  sm  ""(;)  ml A  Inverse Cosine: Labeled cos  -i  cos  ""(f)  mlB  cos | — | = mlA  In order to find the measure of the angles, you will need you use your calculator."
R2219,C0196,C0747,Application,0.2637,144,4ab1985239b546b1b372aada33714027,"sin  -i  mlB  sm  ""(;)  ml A  Inverse Cosine: Labeled cos  -i  cos  ""(f)  mlB  cos | — | = mlA  In order to find the measure of the angles, you will need you use your calculator."
R2220,C0196,C0748,Application,0.215,144,4ab1985239b546b1b372aada33714027,"sin  -i  mlB  sm  ""(;)  ml A  Inverse Cosine: Labeled cos  -i  cos  ""(f)  mlB  cos | — | = mlA  In order to find the measure of the angles, you will need you use your calculator."
R2221,C0196,C0755,Application,0.2637,144,4ab1985239b546b1b372aada33714027,"sin  -i  mlB  sm  ""(;)  ml A  Inverse Cosine: Labeled cos  -i  cos  ""(f)  mlB  cos | — | = mlA  In order to find the measure of the angles, you will need you use your calculator."
R2222,C0415,C0059,Application,0.295,144,4ab1985239b546b1b372aada33714027,"sin  -i  mlB  sm  ""(;)  ml A  Inverse Cosine: Labeled cos  -i  cos  ""(f)  mlB  cos | — | = mlA  In order to find the measure of the angles, you will need you use your calculator."
R2223,C0415,C0196,Application,0.215,144,4ab1985239b546b1b372aada33714027,"sin  -i  mlB  sm  ""(;)  ml A  Inverse Cosine: Labeled cos  -i  cos  ""(f)  mlB  cos | — | = mlA  In order to find the measure of the angles, you will need you use your calculator."
R2224,C0415,C0743,Application,0.215,144,4ab1985239b546b1b372aada33714027,"sin  -i  mlB  sm  ""(;)  ml A  Inverse Cosine: Labeled cos  -i  cos  ""(f)  mlB  cos | — | = mlA  In order to find the measure of the angles, you will need you use your calculator."
R2225,C0415,C0747,Application,0.2358,144,4ab1985239b546b1b372aada33714027,"sin  -i  mlB  sm  ""(;)  ml A  Inverse Cosine: Labeled cos  -i  cos  ""(f)  mlB  cos | — | = mlA  In order to find the measure of the angles, you will need you use your calculator."
R2226,C0415,C0748,Application,0.215,144,4ab1985239b546b1b372aada33714027,"sin  -i  mlB  sm  ""(;)  ml A  Inverse Cosine: Labeled cos  -i  cos  ""(f)  mlB  cos | — | = mlA  In order to find the measure of the angles, you will need you use your calculator."
R2227,C0415,C0755,Application,0.2358,144,4ab1985239b546b1b372aada33714027,"sin  -i  mlB  sm  ""(;)  ml A  Inverse Cosine: Labeled cos  -i  cos  ""(f)  mlB  cos | — | = mlA  In order to find the measure of the angles, you will need you use your calculator."
R2228,C0743,C0196,Application,0.2367,144,4ab1985239b546b1b372aada33714027,"sin  -i  mlB  sm  ""(;)  ml A  Inverse Cosine: Labeled cos  -i  cos  ""(f)  mlB  cos | — | = mlA  In order to find the measure of the angles, you will need you use your calculator."
R2229,C0743,C0415,Application,0.215,144,4ab1985239b546b1b372aada33714027,"sin  -i  mlB  sm  ""(;)  ml A  Inverse Cosine: Labeled cos  -i  cos  ""(f)  mlB  cos | — | = mlA  In order to find the measure of the angles, you will need you use your calculator."
R2230,C0743,C0747,Application,0.416,144,4ab1985239b546b1b372aada33714027,"sin  -i  mlB  sm  ""(;)  ml A  Inverse Cosine: Labeled cos  -i  cos  ""(f)  mlB  cos | — | = mlA  In order to find the measure of the angles, you will need you use your calculator."
R2231,C0743,C0748,Application,0.39,144,4ab1985239b546b1b372aada33714027,"sin  -i  mlB  sm  ""(;)  ml A  Inverse Cosine: Labeled cos  -i  cos  ""(f)  mlB  cos | — | = mlA  In order to find the measure of the angles, you will need you use your calculator."
R2232,C0743,C0755,Application,0.416,144,4ab1985239b546b1b372aada33714027,"sin  -i  mlB  sm  ""(;)  ml A  Inverse Cosine: Labeled cos  -i  cos  ""(f)  mlB  cos | — | = mlA  In order to find the measure of the angles, you will need you use your calculator."
R2233,C0747,C0196,Application,0.2637,144,4ab1985239b546b1b372aada33714027,"sin  -i  mlB  sm  ""(;)  ml A  Inverse Cosine: Labeled cos  -i  cos  ""(f)  mlB  cos | — | = mlA  In order to find the measure of the angles, you will need you use your calculator."
R2234,C0747,C0415,Application,0.2358,144,4ab1985239b546b1b372aada33714027,"sin  -i  mlB  sm  ""(;)  ml A  Inverse Cosine: Labeled cos  -i  cos  ""(f)  mlB  cos | — | = mlA  In order to find the measure of the angles, you will need you use your calculator."
R2235,C0747,C0743,Application,0.416,144,4ab1985239b546b1b372aada33714027,"sin  -i  mlB  sm  ""(;)  ml A  Inverse Cosine: Labeled cos  -i  cos  ""(f)  mlB  cos | — | = mlA  In order to find the measure of the angles, you will need you use your calculator."
R2236,C0747,C0755,Application,0.84,144,4ab1985239b546b1b372aada33714027,"sin  -i  mlB  sm  ""(;)  ml A  Inverse Cosine: Labeled cos  -i  cos  ""(f)  mlB  cos | — | = mlA  In order to find the measure of the angles, you will need you use your calculator."
R2237,C0748,C0196,Application,0.215,144,4ab1985239b546b1b372aada33714027,"sin  -i  mlB  sm  ""(;)  ml A  Inverse Cosine: Labeled cos  -i  cos  ""(f)  mlB  cos | — | = mlA  In order to find the measure of the angles, you will need you use your calculator."
R2238,C0748,C0415,Application,0.215,144,4ab1985239b546b1b372aada33714027,"sin  -i  mlB  sm  ""(;)  ml A  Inverse Cosine: Labeled cos  -i  cos  ""(f)  mlB  cos | — | = mlA  In order to find the measure of the angles, you will need you use your calculator."
R2239,C0748,C0743,Application,0.39,144,4ab1985239b546b1b372aada33714027,"sin  -i  mlB  sm  ""(;)  ml A  Inverse Cosine: Labeled cos  -i  cos  ""(f)  mlB  cos | — | = mlA  In order to find the measure of the angles, you will need you use your calculator."
R2240,C0748,C0755,Application,0.45,144,4ab1985239b546b1b372aada33714027,"sin  -i  mlB  sm  ""(;)  ml A  Inverse Cosine: Labeled cos  -i  cos  ""(f)  mlB  cos | — | = mlA  In order to find the measure of the angles, you will need you use your calculator."
R2241,C0755,C0059,Application,0.3445,144,4ab1985239b546b1b372aada33714027,"sin  -i  mlB  sm  ""(;)  ml A  Inverse Cosine: Labeled cos  -i  cos  ""(f)  mlB  cos | — | = mlA  In order to find the measure of the angles, you will need you use your calculator."
R2242,C0755,C0196,Application,0.2637,144,4ab1985239b546b1b372aada33714027,"sin  -i  mlB  sm  ""(;)  ml A  Inverse Cosine: Labeled cos  -i  cos  ""(f)  mlB  cos | — | = mlA  In order to find the measure of the angles, you will need you use your calculator."
R2243,C0755,C0415,Application,0.2358,144,4ab1985239b546b1b372aada33714027,"sin  -i  mlB  sm  ""(;)  ml A  Inverse Cosine: Labeled cos  -i  cos  ""(f)  mlB  cos | — | = mlA  In order to find the measure of the angles, you will need you use your calculator."
R2244,C0755,C0743,Application,0.416,144,4ab1985239b546b1b372aada33714027,"sin  -i  mlB  sm  ""(;)  ml A  Inverse Cosine: Labeled cos  -i  cos  ""(f)  mlB  cos | — | = mlA  In order to find the measure of the angles, you will need you use your calculator."
R2245,C0755,C0747,Application,0.84,144,4ab1985239b546b1b372aada33714027,"sin  -i  mlB  sm  ""(;)  ml A  Inverse Cosine: Labeled cos  -i  cos  ""(f)  mlB  cos | — | = mlA  In order to find the measure of the angles, you will need you use your calculator."
R2246,C0755,C0748,Application,0.45,144,4ab1985239b546b1b372aada33714027,"sin  -i  mlB  sm  ""(;)  ml A  Inverse Cosine: Labeled cos  -i  cos  ""(f)  mlB  cos | — | = mlA  In order to find the measure of the angles, you will need you use your calculator."
R2247,C0278,C0747,Similarity,0.215,144,4ab1985239b546b1b372aada33714027,"On most scientific and  graphing calculators, the buttons look like [SIN - ], [COS - ], and [TAN - ]."
R2248,C0278,C0748,Similarity,0.215,144,4ab1985239b546b1b372aada33714027,"On most scientific and  graphing calculators, the buttons look like [SIN - ], [COS - ], and [TAN - ]."
R2249,C0278,C0749,Similarity,0.215,144,4ab1985239b546b1b372aada33714027,"On most scientific and  graphing calculators, the buttons look like [SIN - ], [COS - ], and [TAN - ]."
R2250,C0747,C0278,Similarity,0.215,144,4ab1985239b546b1b372aada33714027,"On most scientific and  graphing calculators, the buttons look like [SIN - ], [COS - ], and [TAN - ]."
R2251,C0747,C0748,Similarity,0.61,144,4ab1985239b546b1b372aada33714027,"On most scientific and  graphing calculators, the buttons look like [SIN - ], [COS - ], and [TAN - ]."
R2252,C0747,C0749,Similarity,0.3608,144,4ab1985239b546b1b372aada33714027,"On most scientific and  graphing calculators, the buttons look like [SIN - ], [COS - ], and [TAN - ]."
R2253,C0748,C0278,Similarity,0.215,144,4ab1985239b546b1b372aada33714027,"On most scientific and  graphing calculators, the buttons look like [SIN - ], [COS - ], and [TAN - ]."
R2254,C0748,C0747,Similarity,0.61,144,4ab1985239b546b1b372aada33714027,"On most scientific and  graphing calculators, the buttons look like [SIN - ], [COS - ], and [TAN - ]."
R2255,C0748,C0749,Similarity,0.3771,144,4ab1985239b546b1b372aada33714027,"On most scientific and  graphing calculators, the buttons look like [SIN - ], [COS - ], and [TAN - ]."
R2256,C0749,C0278,Similarity,0.215,144,4ab1985239b546b1b372aada33714027,"On most scientific and  graphing calculators, the buttons look like [SIN - ], [COS - ], and [TAN - ]."
R2257,C0749,C0747,Similarity,0.3608,144,4ab1985239b546b1b372aada33714027,"On most scientific and  graphing calculators, the buttons look like [SIN - ], [COS - ], and [TAN - ]."
R2258,C0749,C0748,Similarity,0.3771,144,4ab1985239b546b1b372aada33714027,"On most scientific and  graphing calculators, the buttons look like [SIN - ], [COS - ], and [TAN - ]."
R2259,C0196,C0749,Similarity,0.215,144,55213976e4a54a57ba431a3b6cec245d,"If you are using a TI-83 or 84, the keystrokes would be: [2 nd ] [TAN](f ) [ENTER] and the screen looks like:  ftanWS) 1"
R2260,C0196,C0760,Similarity,0.2728,144,55213976e4a54a57ba431a3b6cec245d,"If you are using a TI-83 or 84, the keystrokes would be: [2 nd ] [TAN](f ) [ENTER] and the screen looks like:  ftanWS) 1"
R2261,C0749,C0196,Similarity,0.215,144,55213976e4a54a57ba431a3b6cec245d,"If you are using a TI-83 or 84, the keystrokes would be: [2 nd ] [TAN](f ) [ENTER] and the screen looks like:  ftanWS) 1"
R2262,C0749,C0760,Similarity,0.286,144,55213976e4a54a57ba431a3b6cec245d,"If you are using a TI-83 or 84, the keystrokes would be: [2 nd ] [TAN](f ) [ENTER] and the screen looks like:  ftanWS) 1"
R2263,C0760,C0196,Similarity,0.2728,144,55213976e4a54a57ba431a3b6cec245d,"If you are using a TI-83 or 84, the keystrokes would be: [2 nd ] [TAN](f ) [ENTER] and the screen looks like:  ftanWS) 1"
R2264,C0760,C0749,Similarity,0.286,144,55213976e4a54a57ba431a3b6cec245d,"If you are using a TI-83 or 84, the keystrokes would be: [2 nd ] [TAN](f ) [ENTER] and the screen looks like:  ftanWS) 1"
R2265,C0028,C0051,Application,0.2263,145,0d6f9645f7744aecad49b5fca9160d44,"Revisited To find the escalator's angle of elevation, use the inverse sine."
R2266,C0028,C0741,Application,0.4183,145,0d6f9645f7744aecad49b5fca9160d44,"Revisited To find the escalator's angle of elevation, use the inverse sine."
R2267,C0028,C0755,Application,0.2572,145,0d6f9645f7744aecad49b5fca9160d44,"Revisited To find the escalator's angle of elevation, use the inverse sine."
R2268,C0051,C0028,Application,0.2263,145,0d6f9645f7744aecad49b5fca9160d44,"Revisited To find the escalator's angle of elevation, use the inverse sine."
R2269,C0051,C0755,Application,0.2404,145,0d6f9645f7744aecad49b5fca9160d44,"Revisited To find the escalator's angle of elevation, use the inverse sine."
R2270,C0741,C0028,Application,0.4183,145,0d6f9645f7744aecad49b5fca9160d44,"Revisited To find the escalator's angle of elevation, use the inverse sine."
R2271,C0741,C0755,Application,0.2915,145,0d6f9645f7744aecad49b5fca9160d44,"Revisited To find the escalator's angle of elevation, use the inverse sine."
R2272,C0755,C0028,Application,0.2572,145,0d6f9645f7744aecad49b5fca9160d44,"Revisited To find the escalator's angle of elevation, use the inverse sine."
R2273,C0755,C0051,Application,0.2404,145,0d6f9645f7744aecad49b5fca9160d44,"Revisited To find the escalator's angle of elevation, use the inverse sine."
R2274,C0755,C0741,Application,0.2915,145,0d6f9645f7744aecad49b5fca9160d44,"Revisited To find the escalator's angle of elevation, use the inverse sine."
R2275,C0028,C0052,Similarity,0.2329,145,0d6f9645f7744aecad49b5fca9160d44,sin  I ) = 30° The angle of elevation is 30°  V230/  Review Questions  • Questions 1-6 are similar to Example 1.
R2276,C0028,C0748,Similarity,0.2336,145,0d6f9645f7744aecad49b5fca9160d44,sin  I ) = 30° The angle of elevation is 30°  V230/  Review Questions  • Questions 1-6 are similar to Example 1.
R2277,C0052,C0028,Similarity,0.2329,145,0d6f9645f7744aecad49b5fca9160d44,sin  I ) = 30° The angle of elevation is 30°  V230/  Review Questions  • Questions 1-6 are similar to Example 1.
R2278,C0052,C0748,Similarity,0.215,145,0d6f9645f7744aecad49b5fca9160d44,sin  I ) = 30° The angle of elevation is 30°  V230/  Review Questions  • Questions 1-6 are similar to Example 1.
R2279,C0748,C0028,Similarity,0.2336,145,0d6f9645f7744aecad49b5fca9160d44,sin  I ) = 30° The angle of elevation is 30°  V230/  Review Questions  • Questions 1-6 are similar to Example 1.
R2280,C0748,C0052,Similarity,0.215,145,0d6f9645f7744aecad49b5fca9160d44,sin  I ) = 30° The angle of elevation is 30°  V230/  Review Questions  • Questions 1-6 are similar to Example 1.
R2281,C0028,C0740,Application,0.3899,146,aac3e0279d344f4e88adafd0dcb8d780,"Examining Patterns Below is a table that shows the sine, cosine, and tangent values for eight different  angle measures."
R2282,C0028,C0743,Application,0.3129,146,aac3e0279d344f4e88adafd0dcb8d780,"Examining Patterns Below is a table that shows the sine, cosine, and tangent values for eight different  angle measures."
R2283,C0028,C0766,Application,0.2583,146,aac3e0279d344f4e88adafd0dcb8d780,"Examining Patterns Below is a table that shows the sine, cosine, and tangent values for eight different  angle measures."
R2284,C0740,C0028,Application,0.3899,146,aac3e0279d344f4e88adafd0dcb8d780,"Examining Patterns Below is a table that shows the sine, cosine, and tangent values for eight different  angle measures."
R2285,C0740,C0766,Application,0.2323,146,aac3e0279d344f4e88adafd0dcb8d780,"Examining Patterns Below is a table that shows the sine, cosine, and tangent values for eight different  angle measures."
R2286,C0741,C0766,Application,0.84,146,aac3e0279d344f4e88adafd0dcb8d780,"Examining Patterns Below is a table that shows the sine, cosine, and tangent values for eight different  angle measures."
R2287,C0743,C0028,Application,0.3129,146,aac3e0279d344f4e88adafd0dcb8d780,"Examining Patterns Below is a table that shows the sine, cosine, and tangent values for eight different  angle measures."
R2288,C0743,C0766,Application,0.3652,146,aac3e0279d344f4e88adafd0dcb8d780,"Examining Patterns Below is a table that shows the sine, cosine, and tangent values for eight different  angle measures."
R2289,C0766,C0028,Application,0.2583,146,aac3e0279d344f4e88adafd0dcb8d780,"Examining Patterns Below is a table that shows the sine, cosine, and tangent values for eight different  angle measures."
R2290,C0766,C0740,Application,0.2323,146,aac3e0279d344f4e88adafd0dcb8d780,"Examining Patterns Below is a table that shows the sine, cosine, and tangent values for eight different  angle measures."
R2291,C0766,C0741,Application,0.84,146,aac3e0279d344f4e88adafd0dcb8d780,"Examining Patterns Below is a table that shows the sine, cosine, and tangent values for eight different  angle measures."
R2292,C0766,C0743,Application,0.3652,146,aac3e0279d344f4e88adafd0dcb8d780,"Examining Patterns Below is a table that shows the sine, cosine, and tangent values for eight different  angle measures."
R2293,C0775,C0776,Part-of,0.92,148,c69525798e6248f389339da048f08d5c,The length of a diameter is two times the length of a radius.
R2294,C0027,C0029,Part-of,0.375,149,543d8351d53b4a39bf5cace579d9226c,"Since this line passes  through the center of the larger circle (yellow point), it is part of one of its diameters."
R2295,C0027,C0127,Part-of,0.215,149,543d8351d53b4a39bf5cace579d9226c,"Since this line passes  through the center of the larger circle (yellow point), it is part of one of its diameters."
R2296,C0027,C0202,Part-of,0.215,149,543d8351d53b4a39bf5cace579d9226c,"Since this line passes  through the center of the larger circle (yellow point), it is part of one of its diameters."
R2297,C0027,C0218,Part-of,0.2721,149,543d8351d53b4a39bf5cace579d9226c,"Since this line passes  through the center of the larger circle (yellow point), it is part of one of its diameters."
R2298,C0027,C0772,Part-of,0.2925,149,543d8351d53b4a39bf5cace579d9226c,"Since this line passes  through the center of the larger circle (yellow point), it is part of one of its diameters."
R2299,C0029,C0027,Part-of,0.375,149,543d8351d53b4a39bf5cace579d9226c,"Since this line passes  through the center of the larger circle (yellow point), it is part of one of its diameters."
R2300,C0029,C0127,Part-of,0.215,149,543d8351d53b4a39bf5cace579d9226c,"Since this line passes  through the center of the larger circle (yellow point), it is part of one of its diameters."
R2301,C0029,C0202,Part-of,0.3118,149,543d8351d53b4a39bf5cace579d9226c,"Since this line passes  through the center of the larger circle (yellow point), it is part of one of its diameters."
R2302,C0029,C0218,Part-of,0.4056,149,543d8351d53b4a39bf5cace579d9226c,"Since this line passes  through the center of the larger circle (yellow point), it is part of one of its diameters."
R2303,C0029,C0772,Part-of,0.2583,149,543d8351d53b4a39bf5cace579d9226c,"Since this line passes  through the center of the larger circle (yellow point), it is part of one of its diameters."
R2304,C0127,C0027,Part-of,0.215,149,543d8351d53b4a39bf5cace579d9226c,"Since this line passes  through the center of the larger circle (yellow point), it is part of one of its diameters."
R2305,C0127,C0029,Part-of,0.215,149,543d8351d53b4a39bf5cace579d9226c,"Since this line passes  through the center of the larger circle (yellow point), it is part of one of its diameters."
R2306,C0127,C0202,Part-of,0.26,149,543d8351d53b4a39bf5cace579d9226c,"Since this line passes  through the center of the larger circle (yellow point), it is part of one of its diameters."
R2307,C0127,C0218,Part-of,0.215,149,543d8351d53b4a39bf5cace579d9226c,"Since this line passes  through the center of the larger circle (yellow point), it is part of one of its diameters."
R2308,C0127,C0772,Part-of,0.215,149,543d8351d53b4a39bf5cace579d9226c,"Since this line passes  through the center of the larger circle (yellow point), it is part of one of its diameters."
R2309,C0202,C0027,Part-of,0.215,149,543d8351d53b4a39bf5cace579d9226c,"Since this line passes  through the center of the larger circle (yellow point), it is part of one of its diameters."
R2310,C0202,C0029,Part-of,0.3118,149,543d8351d53b4a39bf5cace579d9226c,"Since this line passes  through the center of the larger circle (yellow point), it is part of one of its diameters."
R2311,C0202,C0127,Part-of,0.26,149,543d8351d53b4a39bf5cace579d9226c,"Since this line passes  through the center of the larger circle (yellow point), it is part of one of its diameters."
R2312,C0202,C0218,Part-of,0.2386,149,543d8351d53b4a39bf5cace579d9226c,"Since this line passes  through the center of the larger circle (yellow point), it is part of one of its diameters."
R2313,C0202,C0772,Part-of,0.2456,149,543d8351d53b4a39bf5cace579d9226c,"Since this line passes  through the center of the larger circle (yellow point), it is part of one of its diameters."
R2314,C0218,C0027,Part-of,0.2721,149,543d8351d53b4a39bf5cace579d9226c,"Since this line passes  through the center of the larger circle (yellow point), it is part of one of its diameters."
R2315,C0218,C0029,Part-of,0.4056,149,543d8351d53b4a39bf5cace579d9226c,"Since this line passes  through the center of the larger circle (yellow point), it is part of one of its diameters."
R2316,C0218,C0127,Part-of,0.215,149,543d8351d53b4a39bf5cace579d9226c,"Since this line passes  through the center of the larger circle (yellow point), it is part of one of its diameters."
R2317,C0218,C0202,Part-of,0.2386,149,543d8351d53b4a39bf5cace579d9226c,"Since this line passes  through the center of the larger circle (yellow point), it is part of one of its diameters."
R2318,C0218,C0772,Part-of,0.3178,149,543d8351d53b4a39bf5cace579d9226c,"Since this line passes  through the center of the larger circle (yellow point), it is part of one of its diameters."
R2319,C0772,C0027,Part-of,0.2925,149,543d8351d53b4a39bf5cace579d9226c,"Since this line passes  through the center of the larger circle (yellow point), it is part of one of its diameters."
R2320,C0772,C0029,Part-of,0.2583,149,543d8351d53b4a39bf5cace579d9226c,"Since this line passes  through the center of the larger circle (yellow point), it is part of one of its diameters."
R2321,C0772,C0127,Part-of,0.215,149,543d8351d53b4a39bf5cace579d9226c,"Since this line passes  through the center of the larger circle (yellow point), it is part of one of its diameters."
R2322,C0772,C0202,Part-of,0.2456,149,543d8351d53b4a39bf5cace579d9226c,"Since this line passes  through the center of the larger circle (yellow point), it is part of one of its diameters."
R2323,C0772,C0218,Part-of,0.3178,149,543d8351d53b4a39bf5cace579d9226c,"Since this line passes  through the center of the larger circle (yellow point), it is part of one of its diameters."
R2324,C0218,C0776,Application,0.4633,150,b3396da3712e4cc1a4486c2451f0936d,Find the radius of each circle.
R2325,C0776,C0218,Application,0.4633,150,b3396da3712e4cc1a4486c2451f0936d,Find the radius of each circle.
R2326,C0022,C0793,Application,0.215,150,b3396da3712e4cc1a4486c2451f0936d,Find the perimeter of BDFH.
R2327,C0793,C0022,Application,0.215,150,b3396da3712e4cc1a4486c2451f0936d,Find the perimeter of BDFH.
R2328,C0820,C0795,Prerequisite,0.4622,151,43361012ab57417b8e7418a44a0fd7fe,"Learning Objectives  • Define and measure central angles, minor arcs, and major arcs."
R2329,C0028,C0086,Prerequisite,0.3423,151,43361012ab57417b8e7418a44a0fd7fe,Central Angles &: Arcs  Recall that a straight angle is 180°.
R2330,C0028,C0795,Prerequisite,0.228,151,43361012ab57417b8e7418a44a0fd7fe,Central Angles &: Arcs  Recall that a straight angle is 180°.
R2331,C0086,C0028,Prerequisite,0.3423,151,43361012ab57417b8e7418a44a0fd7fe,Central Angles &: Arcs  Recall that a straight angle is 180°.
R2332,C0086,C0795,Prerequisite,0.2312,151,43361012ab57417b8e7418a44a0fd7fe,Central Angles &: Arcs  Recall that a straight angle is 180°.
R2333,C0795,C0028,Prerequisite,0.228,151,43361012ab57417b8e7418a44a0fd7fe,Central Angles &: Arcs  Recall that a straight angle is 180°.
R2334,C0795,C0086,Prerequisite,0.2312,151,43361012ab57417b8e7418a44a0fd7fe,Central Angles &: Arcs  Recall that a straight angle is 180°.
R2335,C0028,C0095,Similarity,0.388,151,3a2499db7a224dd79a78c2a02e5c7512,The measure of the minor arc is the same as the measure of the central angle that  corresponds to it.
R2336,C0028,C0795,Similarity,0.308,151,3a2499db7a224dd79a78c2a02e5c7512,The measure of the minor arc is the same as the measure of the central angle that  corresponds to it.
R2337,C0028,C0797,Similarity,0.228,151,3a2499db7a224dd79a78c2a02e5c7512,The measure of the minor arc is the same as the measure of the central angle that  corresponds to it.
R2338,C0095,C0028,Similarity,0.388,151,3a2499db7a224dd79a78c2a02e5c7512,The measure of the minor arc is the same as the measure of the central angle that  corresponds to it.
R2339,C0095,C0795,Similarity,0.84,151,3a2499db7a224dd79a78c2a02e5c7512,The measure of the minor arc is the same as the measure of the central angle that  corresponds to it.
R2340,C0095,C0797,Similarity,0.84,151,3a2499db7a224dd79a78c2a02e5c7512,The measure of the minor arc is the same as the measure of the central angle that  corresponds to it.
R2341,C0795,C0028,Similarity,0.308,151,3a2499db7a224dd79a78c2a02e5c7512,The measure of the minor arc is the same as the measure of the central angle that  corresponds to it.
R2342,C0795,C0095,Similarity,0.84,151,3a2499db7a224dd79a78c2a02e5c7512,The measure of the minor arc is the same as the measure of the central angle that  corresponds to it.
R2343,C0795,C0797,Similarity,0.84,151,3a2499db7a224dd79a78c2a02e5c7512,The measure of the minor arc is the same as the measure of the central angle that  corresponds to it.
R2344,C0797,C0028,Similarity,0.228,151,3a2499db7a224dd79a78c2a02e5c7512,The measure of the minor arc is the same as the measure of the central angle that  corresponds to it.
R2345,C0797,C0095,Similarity,0.84,151,3a2499db7a224dd79a78c2a02e5c7512,The measure of the minor arc is the same as the measure of the central angle that  corresponds to it.
R2346,C0797,C0795,Similarity,0.84,151,3a2499db7a224dd79a78c2a02e5c7512,The measure of the minor arc is the same as the measure of the central angle that  corresponds to it.
R2347,C0028,C0127,Similarity,0.215,151,dac2485ff3c64d6ba36ed7f8a7078818,Each arc is the same as its corresponding central  angle.
R2348,C0095,C0127,Similarity,0.215,151,dac2485ff3c64d6ba36ed7f8a7078818,Each arc is the same as its corresponding central  angle.
R2349,C0127,C0028,Similarity,0.215,151,dac2485ff3c64d6ba36ed7f8a7078818,Each arc is the same as its corresponding central  angle.
R2350,C0127,C0095,Similarity,0.215,151,dac2485ff3c64d6ba36ed7f8a7078818,Each arc is the same as its corresponding central  angle.
R2351,C0028,C0803,Similarity,0.228,152,c2dbdbdf8a30429e8a20fc4e7237bb6b,"Arc Addition Postulate  Just like the Angle Addition Postulate and the Segment Addition Postulate, there is an Arc Addition  Postulate."
R2352,C0028,C0804,Similarity,0.2497,152,c2dbdbdf8a30429e8a20fc4e7237bb6b,"Arc Addition Postulate  Just like the Angle Addition Postulate and the Segment Addition Postulate, there is an Arc Addition  Postulate."
R2353,C0046,C0095,Similarity,0.2583,152,c2dbdbdf8a30429e8a20fc4e7237bb6b,"Arc Addition Postulate  Just like the Angle Addition Postulate and the Segment Addition Postulate, there is an Arc Addition  Postulate."
R2354,C0046,C0803,Similarity,0.2583,152,c2dbdbdf8a30429e8a20fc4e7237bb6b,"Arc Addition Postulate  Just like the Angle Addition Postulate and the Segment Addition Postulate, there is an Arc Addition  Postulate."
R2355,C0046,C0804,Similarity,0.295,152,c2dbdbdf8a30429e8a20fc4e7237bb6b,"Arc Addition Postulate  Just like the Angle Addition Postulate and the Segment Addition Postulate, there is an Arc Addition  Postulate."
R2356,C0066,C0095,Similarity,0.2688,152,c2dbdbdf8a30429e8a20fc4e7237bb6b,"Arc Addition Postulate  Just like the Angle Addition Postulate and the Segment Addition Postulate, there is an Arc Addition  Postulate."
R2357,C0066,C0803,Similarity,0.2688,152,c2dbdbdf8a30429e8a20fc4e7237bb6b,"Arc Addition Postulate  Just like the Angle Addition Postulate and the Segment Addition Postulate, there is an Arc Addition  Postulate."
R2358,C0066,C0804,Similarity,0.4425,152,c2dbdbdf8a30429e8a20fc4e7237bb6b,"Arc Addition Postulate  Just like the Angle Addition Postulate and the Segment Addition Postulate, there is an Arc Addition  Postulate."
R2359,C0078,C0095,Similarity,0.2688,152,c2dbdbdf8a30429e8a20fc4e7237bb6b,"Arc Addition Postulate  Just like the Angle Addition Postulate and the Segment Addition Postulate, there is an Arc Addition  Postulate."
R2360,C0078,C0803,Similarity,0.2688,152,c2dbdbdf8a30429e8a20fc4e7237bb6b,"Arc Addition Postulate  Just like the Angle Addition Postulate and the Segment Addition Postulate, there is an Arc Addition  Postulate."
R2361,C0078,C0804,Similarity,0.4425,152,c2dbdbdf8a30429e8a20fc4e7237bb6b,"Arc Addition Postulate  Just like the Angle Addition Postulate and the Segment Addition Postulate, there is an Arc Addition  Postulate."
R2362,C0095,C0046,Similarity,0.2583,152,c2dbdbdf8a30429e8a20fc4e7237bb6b,"Arc Addition Postulate  Just like the Angle Addition Postulate and the Segment Addition Postulate, there is an Arc Addition  Postulate."
R2363,C0095,C0066,Similarity,0.2688,152,c2dbdbdf8a30429e8a20fc4e7237bb6b,"Arc Addition Postulate  Just like the Angle Addition Postulate and the Segment Addition Postulate, there is an Arc Addition  Postulate."
R2364,C0095,C0078,Similarity,0.2688,152,c2dbdbdf8a30429e8a20fc4e7237bb6b,"Arc Addition Postulate  Just like the Angle Addition Postulate and the Segment Addition Postulate, there is an Arc Addition  Postulate."
R2365,C0095,C0803,Similarity,0.84,152,c2dbdbdf8a30429e8a20fc4e7237bb6b,"Arc Addition Postulate  Just like the Angle Addition Postulate and the Segment Addition Postulate, there is an Arc Addition  Postulate."
R2366,C0095,C0804,Similarity,0.3432,152,c2dbdbdf8a30429e8a20fc4e7237bb6b,"Arc Addition Postulate  Just like the Angle Addition Postulate and the Segment Addition Postulate, there is an Arc Addition  Postulate."
R2367,C0095,C0856,Similarity,0.2509,152,c2dbdbdf8a30429e8a20fc4e7237bb6b,"Arc Addition Postulate  Just like the Angle Addition Postulate and the Segment Addition Postulate, there is an Arc Addition  Postulate."
R2368,C0803,C0028,Similarity,0.228,152,c2dbdbdf8a30429e8a20fc4e7237bb6b,"Arc Addition Postulate  Just like the Angle Addition Postulate and the Segment Addition Postulate, there is an Arc Addition  Postulate."
R2369,C0803,C0046,Similarity,0.2583,152,c2dbdbdf8a30429e8a20fc4e7237bb6b,"Arc Addition Postulate  Just like the Angle Addition Postulate and the Segment Addition Postulate, there is an Arc Addition  Postulate."
R2370,C0803,C0066,Similarity,0.2688,152,c2dbdbdf8a30429e8a20fc4e7237bb6b,"Arc Addition Postulate  Just like the Angle Addition Postulate and the Segment Addition Postulate, there is an Arc Addition  Postulate."
R2371,C0803,C0078,Similarity,0.2688,152,c2dbdbdf8a30429e8a20fc4e7237bb6b,"Arc Addition Postulate  Just like the Angle Addition Postulate and the Segment Addition Postulate, there is an Arc Addition  Postulate."
R2372,C0803,C0095,Similarity,0.84,152,c2dbdbdf8a30429e8a20fc4e7237bb6b,"Arc Addition Postulate  Just like the Angle Addition Postulate and the Segment Addition Postulate, there is an Arc Addition  Postulate."
R2373,C0803,C0804,Similarity,0.3432,152,c2dbdbdf8a30429e8a20fc4e7237bb6b,"Arc Addition Postulate  Just like the Angle Addition Postulate and the Segment Addition Postulate, there is an Arc Addition  Postulate."
R2374,C0803,C0856,Similarity,0.2509,152,c2dbdbdf8a30429e8a20fc4e7237bb6b,"Arc Addition Postulate  Just like the Angle Addition Postulate and the Segment Addition Postulate, there is an Arc Addition  Postulate."
R2375,C0804,C0028,Similarity,0.2497,152,c2dbdbdf8a30429e8a20fc4e7237bb6b,"Arc Addition Postulate  Just like the Angle Addition Postulate and the Segment Addition Postulate, there is an Arc Addition  Postulate."
R2376,C0804,C0046,Similarity,0.295,152,c2dbdbdf8a30429e8a20fc4e7237bb6b,"Arc Addition Postulate  Just like the Angle Addition Postulate and the Segment Addition Postulate, there is an Arc Addition  Postulate."
R2377,C0804,C0066,Similarity,0.4425,152,c2dbdbdf8a30429e8a20fc4e7237bb6b,"Arc Addition Postulate  Just like the Angle Addition Postulate and the Segment Addition Postulate, there is an Arc Addition  Postulate."
R2378,C0804,C0078,Similarity,0.4425,152,c2dbdbdf8a30429e8a20fc4e7237bb6b,"Arc Addition Postulate  Just like the Angle Addition Postulate and the Segment Addition Postulate, there is an Arc Addition  Postulate."
R2379,C0804,C0095,Similarity,0.3432,152,c2dbdbdf8a30429e8a20fc4e7237bb6b,"Arc Addition Postulate  Just like the Angle Addition Postulate and the Segment Addition Postulate, there is an Arc Addition  Postulate."
R2380,C0804,C0803,Similarity,0.3432,152,c2dbdbdf8a30429e8a20fc4e7237bb6b,"Arc Addition Postulate  Just like the Angle Addition Postulate and the Segment Addition Postulate, there is an Arc Addition  Postulate."
R2381,C0804,C0856,Similarity,0.3306,152,c2dbdbdf8a30429e8a20fc4e7237bb6b,"Arc Addition Postulate  Just like the Angle Addition Postulate and the Segment Addition Postulate, there is an Arc Addition  Postulate."
R2382,C0856,C0095,Similarity,0.2509,152,c2dbdbdf8a30429e8a20fc4e7237bb6b,"Arc Addition Postulate  Just like the Angle Addition Postulate and the Segment Addition Postulate, there is an Arc Addition  Postulate."
R2383,C0856,C0803,Similarity,0.2509,152,c2dbdbdf8a30429e8a20fc4e7237bb6b,"Arc Addition Postulate  Just like the Angle Addition Postulate and the Segment Addition Postulate, there is an Arc Addition  Postulate."
R2384,C0856,C0804,Similarity,0.3306,152,c2dbdbdf8a30429e8a20fc4e7237bb6b,"Arc Addition Postulate  Just like the Angle Addition Postulate and the Segment Addition Postulate, there is an Arc Addition  Postulate."
R2385,C0046,C0095,Application,0.3383,152,c2dbdbdf8a30429e8a20fc4e7237bb6b,Arc Addition Postulate: The measure of the arc formed by two adjacent arcs is the sum of the measures  of the two arcs.
R2386,C0046,C0803,Application,0.3383,152,c2dbdbdf8a30429e8a20fc4e7237bb6b,Arc Addition Postulate: The measure of the arc formed by two adjacent arcs is the sum of the measures  of the two arcs.
R2387,C0046,C0804,Application,0.375,152,c2dbdbdf8a30429e8a20fc4e7237bb6b,Arc Addition Postulate: The measure of the arc formed by two adjacent arcs is the sum of the measures  of the two arcs.
R2388,C0095,C0046,Application,0.3383,152,c2dbdbdf8a30429e8a20fc4e7237bb6b,Arc Addition Postulate: The measure of the arc formed by two adjacent arcs is the sum of the measures  of the two arcs.
R2389,C0095,C0803,Application,0.92,152,c2dbdbdf8a30429e8a20fc4e7237bb6b,Arc Addition Postulate: The measure of the arc formed by two adjacent arcs is the sum of the measures  of the two arcs.
R2390,C0095,C0804,Application,0.4232,152,c2dbdbdf8a30429e8a20fc4e7237bb6b,Arc Addition Postulate: The measure of the arc formed by two adjacent arcs is the sum of the measures  of the two arcs.
R2391,C0803,C0046,Application,0.3383,152,c2dbdbdf8a30429e8a20fc4e7237bb6b,Arc Addition Postulate: The measure of the arc formed by two adjacent arcs is the sum of the measures  of the two arcs.
R2392,C0803,C0095,Application,0.92,152,c2dbdbdf8a30429e8a20fc4e7237bb6b,Arc Addition Postulate: The measure of the arc formed by two adjacent arcs is the sum of the measures  of the two arcs.
R2393,C0803,C0804,Application,0.4232,152,c2dbdbdf8a30429e8a20fc4e7237bb6b,Arc Addition Postulate: The measure of the arc formed by two adjacent arcs is the sum of the measures  of the two arcs.
R2394,C0804,C0046,Application,0.375,152,c2dbdbdf8a30429e8a20fc4e7237bb6b,Arc Addition Postulate: The measure of the arc formed by two adjacent arcs is the sum of the measures  of the two arcs.
R2395,C0804,C0095,Application,0.4232,152,c2dbdbdf8a30429e8a20fc4e7237bb6b,Arc Addition Postulate: The measure of the arc formed by two adjacent arcs is the sum of the measures  of the two arcs.
R2396,C0804,C0803,Application,0.4232,152,c2dbdbdf8a30429e8a20fc4e7237bb6b,Arc Addition Postulate: The measure of the arc formed by two adjacent arcs is the sum of the measures  of the two arcs.
R2397,C0095,C0218,Application,0.2721,152,1303ae400d4a4261924ee0a2c7d9ccd4,Find the measure of the minor arc and the major arc in each circle below.
R2398,C0095,C0797,Application,0.92,152,1303ae400d4a4261924ee0a2c7d9ccd4,Find the measure of the minor arc and the major arc in each circle below.
R2399,C0095,C0800,Application,0.84,152,1303ae400d4a4261924ee0a2c7d9ccd4,Find the measure of the minor arc and the major arc in each circle below.
R2400,C0218,C0095,Application,0.2721,152,1303ae400d4a4261924ee0a2c7d9ccd4,Find the measure of the minor arc and the major arc in each circle below.
R2401,C0218,C0797,Application,0.2721,152,1303ae400d4a4261924ee0a2c7d9ccd4,Find the measure of the minor arc and the major arc in each circle below.
R2402,C0218,C0800,Application,0.2721,152,1303ae400d4a4261924ee0a2c7d9ccd4,Find the measure of the minor arc and the major arc in each circle below.
R2403,C0797,C0095,Application,0.92,152,1303ae400d4a4261924ee0a2c7d9ccd4,Find the measure of the minor arc and the major arc in each circle below.
R2404,C0797,C0218,Application,0.2721,152,1303ae400d4a4261924ee0a2c7d9ccd4,Find the measure of the minor arc and the major arc in each circle below.
R2405,C0797,C0800,Application,0.84,152,1303ae400d4a4261924ee0a2c7d9ccd4,Find the measure of the minor arc and the major arc in each circle below.
R2406,C0800,C0095,Application,0.84,152,1303ae400d4a4261924ee0a2c7d9ccd4,Find the measure of the minor arc and the major arc in each circle below.
R2407,C0800,C0218,Application,0.2721,152,1303ae400d4a4261924ee0a2c7d9ccd4,Find the measure of the minor arc and the major arc in each circle below.
R2408,C0800,C0797,Application,0.84,152,1303ae400d4a4261924ee0a2c7d9ccd4,Find the measure of the minor arc and the major arc in each circle below.
R2409,C0037,C0218,Application,0.3186,153,dc759264548f44faa2124b2d27880455,Learning Objectives  • Find the lengths of chords in a circle.
R2410,C0218,C0037,Application,0.3186,153,dc759264548f44faa2124b2d27880455,Learning Objectives  • Find the lengths of chords in a circle.
R2411,C0029,C0041,Prerequisite,0.92,153,dc759264548f44faa2124b2d27880455,"Recall from the first section, a chord is a line segment whose endpoints are on a circle."
R2412,C0029,C0218,Prerequisite,0.3256,153,dc759264548f44faa2124b2d27880455,"Recall from the first section, a chord is a line segment whose endpoints are on a circle."
R2413,C0029,C0774,Prerequisite,0.215,153,dc759264548f44faa2124b2d27880455,"Recall from the first section, a chord is a line segment whose endpoints are on a circle."
R2414,C0029,C0856,Prerequisite,0.453,153,dc759264548f44faa2124b2d27880455,"Recall from the first section, a chord is a line segment whose endpoints are on a circle."
R2415,C0041,C0029,Prerequisite,0.92,153,dc759264548f44faa2124b2d27880455,"Recall from the first section, a chord is a line segment whose endpoints are on a circle."
R2416,C0041,C0218,Prerequisite,0.2456,153,dc759264548f44faa2124b2d27880455,"Recall from the first section, a chord is a line segment whose endpoints are on a circle."
R2417,C0041,C0774,Prerequisite,0.215,153,dc759264548f44faa2124b2d27880455,"Recall from the first section, a chord is a line segment whose endpoints are on a circle."
R2418,C0041,C0856,Prerequisite,0.373,153,dc759264548f44faa2124b2d27880455,"Recall from the first section, a chord is a line segment whose endpoints are on a circle."
R2419,C0218,C0029,Prerequisite,0.3256,153,dc759264548f44faa2124b2d27880455,"Recall from the first section, a chord is a line segment whose endpoints are on a circle."
R2420,C0218,C0041,Prerequisite,0.2456,153,dc759264548f44faa2124b2d27880455,"Recall from the first section, a chord is a line segment whose endpoints are on a circle."
R2421,C0218,C0774,Prerequisite,0.2721,153,dc759264548f44faa2124b2d27880455,"Recall from the first section, a chord is a line segment whose endpoints are on a circle."
R2422,C0218,C0856,Prerequisite,0.2609,153,dc759264548f44faa2124b2d27880455,"Recall from the first section, a chord is a line segment whose endpoints are on a circle."
R2423,C0774,C0029,Prerequisite,0.215,153,dc759264548f44faa2124b2d27880455,"Recall from the first section, a chord is a line segment whose endpoints are on a circle."
R2424,C0774,C0041,Prerequisite,0.215,153,dc759264548f44faa2124b2d27880455,"Recall from the first section, a chord is a line segment whose endpoints are on a circle."
R2425,C0774,C0218,Prerequisite,0.2721,153,dc759264548f44faa2124b2d27880455,"Recall from the first section, a chord is a line segment whose endpoints are on a circle."
R2426,C0774,C0856,Prerequisite,0.2509,153,dc759264548f44faa2124b2d27880455,"Recall from the first section, a chord is a line segment whose endpoints are on a circle."
R2427,C0856,C0029,Prerequisite,0.453,153,dc759264548f44faa2124b2d27880455,"Recall from the first section, a chord is a line segment whose endpoints are on a circle."
R2428,C0856,C0041,Prerequisite,0.373,153,dc759264548f44faa2124b2d27880455,"Recall from the first section, a chord is a line segment whose endpoints are on a circle."
R2429,C0856,C0218,Prerequisite,0.2609,153,dc759264548f44faa2124b2d27880455,"Recall from the first section, a chord is a line segment whose endpoints are on a circle."
R2430,C0856,C0774,Prerequisite,0.2509,153,dc759264548f44faa2124b2d27880455,"Recall from the first section, a chord is a line segment whose endpoints are on a circle."
R2431,C0062,C0109,Application,0.2521,153,8a4ea4f6a7d64979863356e229b5564f,Find the midpoint of BC using a ruler.
R2432,C0109,C0062,Application,0.2521,153,8a4ea4f6a7d64979863356e229b5564f,Find the midpoint of BC using a ruler.
R2433,C0028,C0593,Application,0.215,155,7037a03c3fb1435cbc56de4ca50094fd,"Solution: First, find the corresponding central angle, IBAD."
R2434,C0028,C0795,Application,0.388,155,7037a03c3fb1435cbc56de4ca50094fd,"Solution: First, find the corresponding central angle, IBAD."
R2435,C0593,C0028,Application,0.215,155,7037a03c3fb1435cbc56de4ca50094fd,"Solution: First, find the corresponding central angle, IBAD."
R2436,C0593,C0795,Application,0.215,155,7037a03c3fb1435cbc56de4ca50094fd,"Solution: First, find the corresponding central angle, IBAD."
R2437,C0795,C0028,Application,0.388,155,7037a03c3fb1435cbc56de4ca50094fd,"Solution: First, find the corresponding central angle, IBAD."
R2438,C0795,C0593,Application,0.215,155,7037a03c3fb1435cbc56de4ca50094fd,"Solution: First, find the corresponding central angle, IBAD."
R2439,C0052,C0059,Similarity,0.215,155,7037a03c3fb1435cbc56de4ca50094fd,Review Questions  • Questions 1-3 use the theorems from this section and similar to Example 3.
R2440,C0059,C0052,Similarity,0.215,155,7037a03c3fb1435cbc56de4ca50094fd,Review Questions  • Questions 1-3 use the theorems from this section and similar to Example 3.
R2441,C0037,C0820,Application,0.2853,155,4cb3460758e9459a85138eb06e553939,Learning Objectives  • Find the measure of inscribed angles and the arcs they intercept.
R2442,C0820,C0037,Application,0.2853,155,4cb3460758e9459a85138eb06e553939,Learning Objectives  • Find the measure of inscribed angles and the arcs they intercept.
R2443,C0773,C0774,Similarity,1.0,158,e9dd89a044ae42219fd5f6c62313a141,"Learning Objectives  • Find the measures of angles formed by chords, secants, and tangents."
R2444,C0037,C0740,Application,0.215,158,e9dd89a044ae42219fd5f6c62313a141,"Learning Objectives  • Find the measures of angles formed by chords, secants, and tangents."
R2445,C0740,C0037,Application,0.215,158,e9dd89a044ae42219fd5f6c62313a141,"Learning Objectives  • Find the measures of angles formed by chords, secants, and tangents."
R2446,C0028,C0062,Application,0.4166,158,f14cf94e46ca494495048e058298a010,"Investigation 9-7: Find the Measure of an Angle inside a Circle  Tools Needed: pencil, paper, compass, ruler, protractor, colored pencils (optional)  1."
R2447,C0028,C0218,Application,0.4105,158,f14cf94e46ca494495048e058298a010,"Investigation 9-7: Find the Measure of an Angle inside a Circle  Tools Needed: pencil, paper, compass, ruler, protractor, colored pencils (optional)  1."
R2448,C0028,C0284,Application,0.295,158,f14cf94e46ca494495048e058298a010,"Investigation 9-7: Find the Measure of an Angle inside a Circle  Tools Needed: pencil, paper, compass, ruler, protractor, colored pencils (optional)  1."
R2449,C0062,C0028,Application,0.4166,158,f14cf94e46ca494495048e058298a010,"Investigation 9-7: Find the Measure of an Angle inside a Circle  Tools Needed: pencil, paper, compass, ruler, protractor, colored pencils (optional)  1."
R2450,C0062,C0082,Application,0.42,158,f14cf94e46ca494495048e058298a010,"Investigation 9-7: Find the Measure of an Angle inside a Circle  Tools Needed: pencil, paper, compass, ruler, protractor, colored pencils (optional)  1."
R2451,C0062,C0218,Application,0.3129,158,f14cf94e46ca494495048e058298a010,"Investigation 9-7: Find the Measure of an Angle inside a Circle  Tools Needed: pencil, paper, compass, ruler, protractor, colored pencils (optional)  1."
R2452,C0062,C0284,Application,0.3297,158,f14cf94e46ca494495048e058298a010,"Investigation 9-7: Find the Measure of an Angle inside a Circle  Tools Needed: pencil, paper, compass, ruler, protractor, colored pencils (optional)  1."
R2453,C0082,C0062,Application,0.42,158,f14cf94e46ca494495048e058298a010,"Investigation 9-7: Find the Measure of an Angle inside a Circle  Tools Needed: pencil, paper, compass, ruler, protractor, colored pencils (optional)  1."
R2454,C0082,C0218,Application,0.3112,158,f14cf94e46ca494495048e058298a010,"Investigation 9-7: Find the Measure of an Angle inside a Circle  Tools Needed: pencil, paper, compass, ruler, protractor, colored pencils (optional)  1."
R2455,C0082,C0284,Application,0.295,158,f14cf94e46ca494495048e058298a010,"Investigation 9-7: Find the Measure of an Angle inside a Circle  Tools Needed: pencil, paper, compass, ruler, protractor, colored pencils (optional)  1."
R2456,C0218,C0028,Application,0.4105,158,f14cf94e46ca494495048e058298a010,"Investigation 9-7: Find the Measure of an Angle inside a Circle  Tools Needed: pencil, paper, compass, ruler, protractor, colored pencils (optional)  1."
R2457,C0218,C0062,Application,0.3129,158,f14cf94e46ca494495048e058298a010,"Investigation 9-7: Find the Measure of an Angle inside a Circle  Tools Needed: pencil, paper, compass, ruler, protractor, colored pencils (optional)  1."
R2458,C0218,C0082,Application,0.3112,158,f14cf94e46ca494495048e058298a010,"Investigation 9-7: Find the Measure of an Angle inside a Circle  Tools Needed: pencil, paper, compass, ruler, protractor, colored pencils (optional)  1."
R2459,C0218,C0284,Application,0.3549,158,f14cf94e46ca494495048e058298a010,"Investigation 9-7: Find the Measure of an Angle inside a Circle  Tools Needed: pencil, paper, compass, ruler, protractor, colored pencils (optional)  1."
R2460,C0284,C0028,Application,0.295,158,f14cf94e46ca494495048e058298a010,"Investigation 9-7: Find the Measure of an Angle inside a Circle  Tools Needed: pencil, paper, compass, ruler, protractor, colored pencils (optional)  1."
R2461,C0284,C0062,Application,0.3297,158,f14cf94e46ca494495048e058298a010,"Investigation 9-7: Find the Measure of an Angle inside a Circle  Tools Needed: pencil, paper, compass, ruler, protractor, colored pencils (optional)  1."
R2462,C0284,C0082,Application,0.295,158,f14cf94e46ca494495048e058298a010,"Investigation 9-7: Find the Measure of an Angle inside a Circle  Tools Needed: pencil, paper, compass, ruler, protractor, colored pencils (optional)  1."
R2463,C0284,C0218,Application,0.3549,158,f14cf94e46ca494495048e058298a010,"Investigation 9-7: Find the Measure of an Angle inside a Circle  Tools Needed: pencil, paper, compass, ruler, protractor, colored pencils (optional)  1."
R2464,C0082,C0095,Application,0.235,159,7632b1df1cf64ba1b96c5acf1faa490a,"Using a protractor, measure the central angles and find the measures  of each intercepted arc."
R2465,C0082,C0795,Application,0.235,159,7632b1df1cf64ba1b96c5acf1faa490a,"Using a protractor, measure the central angles and find the measures  of each intercepted arc."
R2466,C0082,C0819,Application,0.28,159,7632b1df1cf64ba1b96c5acf1faa490a,"Using a protractor, measure the central angles and find the measures  of each intercepted arc."
R2467,C0095,C0082,Application,0.235,159,7632b1df1cf64ba1b96c5acf1faa490a,"Using a protractor, measure the central angles and find the measures  of each intercepted arc."
R2468,C0095,C0795,Application,0.92,159,7632b1df1cf64ba1b96c5acf1faa490a,"Using a protractor, measure the central angles and find the measures  of each intercepted arc."
R2469,C0095,C0819,Application,0.3785,159,7632b1df1cf64ba1b96c5acf1faa490a,"Using a protractor, measure the central angles and find the measures  of each intercepted arc."
R2470,C0795,C0082,Application,0.235,159,7632b1df1cf64ba1b96c5acf1faa490a,"Using a protractor, measure the central angles and find the measures  of each intercepted arc."
R2471,C0795,C0095,Application,0.92,159,7632b1df1cf64ba1b96c5acf1faa490a,"Using a protractor, measure the central angles and find the measures  of each intercepted arc."
R2472,C0795,C0819,Application,0.2985,159,7632b1df1cf64ba1b96c5acf1faa490a,"Using a protractor, measure the central angles and find the measures  of each intercepted arc."
R2473,C0819,C0082,Application,0.28,159,7632b1df1cf64ba1b96c5acf1faa490a,"Using a protractor, measure the central angles and find the measures  of each intercepted arc."
R2474,C0819,C0095,Application,0.3785,159,7632b1df1cf64ba1b96c5acf1faa490a,"Using a protractor, measure the central angles and find the measures  of each intercepted arc."
R2475,C0819,C0795,Application,0.2985,159,7632b1df1cf64ba1b96c5acf1faa490a,"Using a protractor, measure the central angles and find the measures  of each intercepted arc."
R2476,C0027,C0045,Application,0.228,159,8e6ed4466d13472d95c53f897700d996,"Theorem 9-13: The measure of an angle formed by two secants, two tangents, or a secant and a tangent  from a point outside the circle is half the difference of the measures of the intercepted arcs."
R2477,C0027,C0218,Application,0.4321,159,8e6ed4466d13472d95c53f897700d996,"Theorem 9-13: The measure of an angle formed by two secants, two tangents, or a secant and a tangent  from a point outside the circle is half the difference of the measures of the intercepted arcs."
R2478,C0027,C0740,Application,0.3317,159,8e6ed4466d13472d95c53f897700d996,"Theorem 9-13: The measure of an angle formed by two secants, two tangents, or a secant and a tangent  from a point outside the circle is half the difference of the measures of the intercepted arcs."
R2479,C0027,C0773,Application,0.84,159,8e6ed4466d13472d95c53f897700d996,"Theorem 9-13: The measure of an angle formed by two secants, two tangents, or a secant and a tangent  from a point outside the circle is half the difference of the measures of the intercepted arcs."
R2480,C0028,C0773,Application,0.228,159,8e6ed4466d13472d95c53f897700d996,"Theorem 9-13: The measure of an angle formed by two secants, two tangents, or a secant and a tangent  from a point outside the circle is half the difference of the measures of the intercepted arcs."
R2481,C0045,C0027,Application,0.228,159,8e6ed4466d13472d95c53f897700d996,"Theorem 9-13: The measure of an angle formed by two secants, two tangents, or a secant and a tangent  from a point outside the circle is half the difference of the measures of the intercepted arcs."
R2482,C0045,C0218,Application,0.2505,159,8e6ed4466d13472d95c53f897700d996,"Theorem 9-13: The measure of an angle formed by two secants, two tangents, or a secant and a tangent  from a point outside the circle is half the difference of the measures of the intercepted arcs."
R2483,C0045,C0740,Application,0.2299,159,8e6ed4466d13472d95c53f897700d996,"Theorem 9-13: The measure of an angle formed by two secants, two tangents, or a secant and a tangent  from a point outside the circle is half the difference of the measures of the intercepted arcs."
R2484,C0045,C0773,Application,0.228,159,8e6ed4466d13472d95c53f897700d996,"Theorem 9-13: The measure of an angle formed by two secants, two tangents, or a secant and a tangent  from a point outside the circle is half the difference of the measures of the intercepted arcs."
R2485,C0218,C0027,Application,0.4321,159,8e6ed4466d13472d95c53f897700d996,"Theorem 9-13: The measure of an angle formed by two secants, two tangents, or a secant and a tangent  from a point outside the circle is half the difference of the measures of the intercepted arcs."
R2486,C0218,C0045,Application,0.2505,159,8e6ed4466d13472d95c53f897700d996,"Theorem 9-13: The measure of an angle formed by two secants, two tangents, or a secant and a tangent  from a point outside the circle is half the difference of the measures of the intercepted arcs."
R2487,C0218,C0740,Application,0.3033,159,8e6ed4466d13472d95c53f897700d996,"Theorem 9-13: The measure of an angle formed by two secants, two tangents, or a secant and a tangent  from a point outside the circle is half the difference of the measures of the intercepted arcs."
R2488,C0218,C0773,Application,0.2721,159,8e6ed4466d13472d95c53f897700d996,"Theorem 9-13: The measure of an angle formed by two secants, two tangents, or a secant and a tangent  from a point outside the circle is half the difference of the measures of the intercepted arcs."
R2489,C0740,C0027,Application,0.3317,159,8e6ed4466d13472d95c53f897700d996,"Theorem 9-13: The measure of an angle formed by two secants, two tangents, or a secant and a tangent  from a point outside the circle is half the difference of the measures of the intercepted arcs."
R2490,C0740,C0045,Application,0.2299,159,8e6ed4466d13472d95c53f897700d996,"Theorem 9-13: The measure of an angle formed by two secants, two tangents, or a secant and a tangent  from a point outside the circle is half the difference of the measures of the intercepted arcs."
R2491,C0740,C0218,Application,0.3033,159,8e6ed4466d13472d95c53f897700d996,"Theorem 9-13: The measure of an angle formed by two secants, two tangents, or a secant and a tangent  from a point outside the circle is half the difference of the measures of the intercepted arcs."
R2492,C0740,C0773,Application,0.3317,159,8e6ed4466d13472d95c53f897700d996,"Theorem 9-13: The measure of an angle formed by two secants, two tangents, or a secant and a tangent  from a point outside the circle is half the difference of the measures of the intercepted arcs."
R2493,C0773,C0027,Application,0.84,159,8e6ed4466d13472d95c53f897700d996,"Theorem 9-13: The measure of an angle formed by two secants, two tangents, or a secant and a tangent  from a point outside the circle is half the difference of the measures of the intercepted arcs."
R2494,C0773,C0028,Application,0.228,159,8e6ed4466d13472d95c53f897700d996,"Theorem 9-13: The measure of an angle formed by two secants, two tangents, or a secant and a tangent  from a point outside the circle is half the difference of the measures of the intercepted arcs."
R2495,C0773,C0045,Application,0.228,159,8e6ed4466d13472d95c53f897700d996,"Theorem 9-13: The measure of an angle formed by two secants, two tangents, or a secant and a tangent  from a point outside the circle is half the difference of the measures of the intercepted arcs."
R2496,C0773,C0218,Application,0.2721,159,8e6ed4466d13472d95c53f897700d996,"Theorem 9-13: The measure of an angle formed by two secants, two tangents, or a secant and a tangent  from a point outside the circle is half the difference of the measures of the intercepted arcs."
R2497,C0773,C0740,Application,0.3317,159,8e6ed4466d13472d95c53f897700d996,"Theorem 9-13: The measure of an angle formed by two secants, two tangents, or a secant and a tangent  from a point outside the circle is half the difference of the measures of the intercepted arcs."
R2498,C0034,C0095,Application,0.26,159,d68bad277df542928d9151945f536827,"x - : T  c) Find the other intercepted arc, 360° - 265° = 95° x = 265 ° 2 ~ 95 '' = ^f = 85 °  Know What?"
R2499,C0034,C0819,Application,0.26,159,d68bad277df542928d9151945f536827,"x - : T  c) Find the other intercepted arc, 360° - 265° = 95° x = 265 ° 2 ~ 95 '' = ^f = 85 °  Know What?"
R2500,C0095,C0034,Application,0.26,159,d68bad277df542928d9151945f536827,"x - : T  c) Find the other intercepted arc, 360° - 265° = 95° x = 265 ° 2 ~ 95 '' = ^f = 85 °  Know What?"
R2501,C0819,C0034,Application,0.26,159,d68bad277df542928d9151945f536827,"x - : T  c) Find the other intercepted arc, 360° - 265° = 95° x = 265 ° 2 ~ 95 '' = ^f = 85 °  Know What?"
R2502,C0027,C0045,Similarity,0.308,161,a5969ab3769a42cc8c42135a0d9eb8d3,"Theorem 9-16: If a tangent and a secant are drawn from a common point outside the circle (and the  segments are labeled like the picture below), then a 2 = b(b + c) ."
R2503,C0027,C0061,Similarity,0.215,161,a5969ab3769a42cc8c42135a0d9eb8d3,"Theorem 9-16: If a tangent and a secant are drawn from a common point outside the circle (and the  segments are labeled like the picture below), then a 2 = b(b + c) ."
R2504,C0027,C0218,Similarity,0.4321,161,a5969ab3769a42cc8c42135a0d9eb8d3,"Theorem 9-16: If a tangent and a secant are drawn from a common point outside the circle (and the  segments are labeled like the picture below), then a 2 = b(b + c) ."
R2505,C0027,C0740,Similarity,0.4117,161,a5969ab3769a42cc8c42135a0d9eb8d3,"Theorem 9-16: If a tangent and a secant are drawn from a common point outside the circle (and the  segments are labeled like the picture below), then a 2 = b(b + c) ."
R2506,C0027,C0773,Similarity,0.92,161,a5969ab3769a42cc8c42135a0d9eb8d3,"Theorem 9-16: If a tangent and a secant are drawn from a common point outside the circle (and the  segments are labeled like the picture below), then a 2 = b(b + c) ."
R2507,C0045,C0027,Similarity,0.308,161,a5969ab3769a42cc8c42135a0d9eb8d3,"Theorem 9-16: If a tangent and a secant are drawn from a common point outside the circle (and the  segments are labeled like the picture below), then a 2 = b(b + c) ."
R2508,C0045,C0218,Similarity,0.3305,161,a5969ab3769a42cc8c42135a0d9eb8d3,"Theorem 9-16: If a tangent and a secant are drawn from a common point outside the circle (and the  segments are labeled like the picture below), then a 2 = b(b + c) ."
R2509,C0045,C0740,Similarity,0.3099,161,a5969ab3769a42cc8c42135a0d9eb8d3,"Theorem 9-16: If a tangent and a secant are drawn from a common point outside the circle (and the  segments are labeled like the picture below), then a 2 = b(b + c) ."
R2510,C0045,C0773,Similarity,0.308,161,a5969ab3769a42cc8c42135a0d9eb8d3,"Theorem 9-16: If a tangent and a secant are drawn from a common point outside the circle (and the  segments are labeled like the picture below), then a 2 = b(b + c) ."
R2511,C0061,C0027,Similarity,0.215,161,a5969ab3769a42cc8c42135a0d9eb8d3,"Theorem 9-16: If a tangent and a secant are drawn from a common point outside the circle (and the  segments are labeled like the picture below), then a 2 = b(b + c) ."
R2512,C0061,C0218,Similarity,0.2697,161,a5969ab3769a42cc8c42135a0d9eb8d3,"Theorem 9-16: If a tangent and a secant are drawn from a common point outside the circle (and the  segments are labeled like the picture below), then a 2 = b(b + c) ."
R2513,C0061,C0740,Similarity,0.215,161,a5969ab3769a42cc8c42135a0d9eb8d3,"Theorem 9-16: If a tangent and a secant are drawn from a common point outside the circle (and the  segments are labeled like the picture below), then a 2 = b(b + c) ."
R2514,C0061,C0773,Similarity,0.215,161,a5969ab3769a42cc8c42135a0d9eb8d3,"Theorem 9-16: If a tangent and a secant are drawn from a common point outside the circle (and the  segments are labeled like the picture below), then a 2 = b(b + c) ."
R2515,C0218,C0027,Similarity,0.4321,161,a5969ab3769a42cc8c42135a0d9eb8d3,"Theorem 9-16: If a tangent and a secant are drawn from a common point outside the circle (and the  segments are labeled like the picture below), then a 2 = b(b + c) ."
R2516,C0218,C0045,Similarity,0.3305,161,a5969ab3769a42cc8c42135a0d9eb8d3,"Theorem 9-16: If a tangent and a secant are drawn from a common point outside the circle (and the  segments are labeled like the picture below), then a 2 = b(b + c) ."
R2517,C0218,C0061,Similarity,0.2697,161,a5969ab3769a42cc8c42135a0d9eb8d3,"Theorem 9-16: If a tangent and a secant are drawn from a common point outside the circle (and the  segments are labeled like the picture below), then a 2 = b(b + c) ."
R2518,C0218,C0740,Similarity,0.3833,161,a5969ab3769a42cc8c42135a0d9eb8d3,"Theorem 9-16: If a tangent and a secant are drawn from a common point outside the circle (and the  segments are labeled like the picture below), then a 2 = b(b + c) ."
R2519,C0218,C0773,Similarity,0.3521,161,a5969ab3769a42cc8c42135a0d9eb8d3,"Theorem 9-16: If a tangent and a secant are drawn from a common point outside the circle (and the  segments are labeled like the picture below), then a 2 = b(b + c) ."
R2520,C0740,C0027,Similarity,0.4117,161,a5969ab3769a42cc8c42135a0d9eb8d3,"Theorem 9-16: If a tangent and a secant are drawn from a common point outside the circle (and the  segments are labeled like the picture below), then a 2 = b(b + c) ."
R2521,C0740,C0045,Similarity,0.3099,161,a5969ab3769a42cc8c42135a0d9eb8d3,"Theorem 9-16: If a tangent and a secant are drawn from a common point outside the circle (and the  segments are labeled like the picture below), then a 2 = b(b + c) ."
R2522,C0740,C0061,Similarity,0.215,161,a5969ab3769a42cc8c42135a0d9eb8d3,"Theorem 9-16: If a tangent and a secant are drawn from a common point outside the circle (and the  segments are labeled like the picture below), then a 2 = b(b + c) ."
R2523,C0740,C0218,Similarity,0.3833,161,a5969ab3769a42cc8c42135a0d9eb8d3,"Theorem 9-16: If a tangent and a secant are drawn from a common point outside the circle (and the  segments are labeled like the picture below), then a 2 = b(b + c) ."
R2524,C0740,C0773,Similarity,0.4117,161,a5969ab3769a42cc8c42135a0d9eb8d3,"Theorem 9-16: If a tangent and a secant are drawn from a common point outside the circle (and the  segments are labeled like the picture below), then a 2 = b(b + c) ."
R2525,C0773,C0027,Similarity,0.92,161,a5969ab3769a42cc8c42135a0d9eb8d3,"Theorem 9-16: If a tangent and a secant are drawn from a common point outside the circle (and the  segments are labeled like the picture below), then a 2 = b(b + c) ."
R2526,C0773,C0045,Similarity,0.308,161,a5969ab3769a42cc8c42135a0d9eb8d3,"Theorem 9-16: If a tangent and a secant are drawn from a common point outside the circle (and the  segments are labeled like the picture below), then a 2 = b(b + c) ."
R2527,C0773,C0061,Similarity,0.215,161,a5969ab3769a42cc8c42135a0d9eb8d3,"Theorem 9-16: If a tangent and a secant are drawn from a common point outside the circle (and the  segments are labeled like the picture below), then a 2 = b(b + c) ."
R2528,C0773,C0218,Similarity,0.3521,161,a5969ab3769a42cc8c42135a0d9eb8d3,"Theorem 9-16: If a tangent and a secant are drawn from a common point outside the circle (and the  segments are labeled like the picture below), then a 2 = b(b + c) ."
R2529,C0773,C0740,Similarity,0.4117,161,a5969ab3769a42cc8c42135a0d9eb8d3,"Theorem 9-16: If a tangent and a secant are drawn from a common point outside the circle (and the  segments are labeled like the picture below), then a 2 = b(b + c) ."
R2530,C0026,C0218,Application,0.3868,162,dda37ce3990449329b7535db26666476,• Find the equation of a circle in the x — y plane.
R2531,C0218,C0026,Application,0.3868,162,dda37ce3990449329b7535db26666476,• Find the equation of a circle in the x — y plane.
R2532,C0218,C0246,Application,0.3912,162,dda37ce3990449329b7535db26666476,"• Find the radius and center, given the equation of a circle and vice versa."
R2533,C0218,C0772,Application,0.4778,162,dda37ce3990449329b7535db26666476,"• Find the radius and center, given the equation of a circle and vice versa."
R2534,C0246,C0218,Application,0.3912,162,dda37ce3990449329b7535db26666476,"• Find the radius and center, given the equation of a circle and vice versa."
R2535,C0246,C0772,Application,0.453,162,dda37ce3990449329b7535db26666476,"• Find the radius and center, given the equation of a circle and vice versa."
R2536,C0246,C0776,Application,0.2398,162,dda37ce3990449329b7535db26666476,"• Find the radius and center, given the equation of a circle and vice versa."
R2537,C0772,C0218,Application,0.4778,162,dda37ce3990449329b7535db26666476,"• Find the radius and center, given the equation of a circle and vice versa."
R2538,C0772,C0246,Application,0.453,162,dda37ce3990449329b7535db26666476,"• Find the radius and center, given the equation of a circle and vice versa."
R2539,C0772,C0776,Application,0.4986,162,dda37ce3990449329b7535db26666476,"• Find the radius and center, given the equation of a circle and vice versa."
R2540,C0776,C0246,Application,0.2398,162,dda37ce3990449329b7535db26666476,"• Find the radius and center, given the equation of a circle and vice versa."
R2541,C0776,C0772,Application,0.4986,162,dda37ce3990449329b7535db26666476,"• Find the radius and center, given the equation of a circle and vice versa."
R2542,C0027,C0246,Application,0.295,162,dda37ce3990449329b7535db26666476,"• Find the equation of a circle, given the center and a point on the circle."
R2543,C0027,C0772,Application,0.4525,162,dda37ce3990449329b7535db26666476,"• Find the equation of a circle, given the center and a point on the circle."
R2544,C0246,C0027,Application,0.295,162,dda37ce3990449329b7535db26666476,"• Find the equation of a circle, given the center and a point on the circle."
R2545,C0772,C0027,Application,0.4525,162,dda37ce3990449329b7535db26666476,"• Find the equation of a circle, given the center and a point on the circle."
R2546,C0026,C0218,Prerequisite,0.3068,163,f3c007b4111a40938e32c468330c0609,Graphing a Circle in the Coordinate Plane  Recall that the definition of a circle is the set of all points that are the same distance from the center.
R2547,C0026,C0772,Prerequisite,0.215,163,f3c007b4111a40938e32c468330c0609,Graphing a Circle in the Coordinate Plane  Recall that the definition of a circle is the set of all points that are the same distance from the center.
R2548,C0113,C0218,Prerequisite,0.3134,163,f3c007b4111a40938e32c468330c0609,Graphing a Circle in the Coordinate Plane  Recall that the definition of a circle is the set of all points that are the same distance from the center.
R2549,C0113,C0772,Prerequisite,0.2653,163,f3c007b4111a40938e32c468330c0609,Graphing a Circle in the Coordinate Plane  Recall that the definition of a circle is the set of all points that are the same distance from the center.
R2550,C0218,C0026,Prerequisite,0.3068,163,f3c007b4111a40938e32c468330c0609,Graphing a Circle in the Coordinate Plane  Recall that the definition of a circle is the set of all points that are the same distance from the center.
R2551,C0218,C0113,Prerequisite,0.3134,163,f3c007b4111a40938e32c468330c0609,Graphing a Circle in the Coordinate Plane  Recall that the definition of a circle is the set of all points that are the same distance from the center.
R2552,C0218,C0772,Prerequisite,0.4778,163,f3c007b4111a40938e32c468330c0609,Graphing a Circle in the Coordinate Plane  Recall that the definition of a circle is the set of all points that are the same distance from the center.
R2553,C0772,C0026,Prerequisite,0.215,163,f3c007b4111a40938e32c468330c0609,Graphing a Circle in the Coordinate Plane  Recall that the definition of a circle is the set of all points that are the same distance from the center.
R2554,C0772,C0113,Prerequisite,0.2653,163,f3c007b4111a40938e32c468330c0609,Graphing a Circle in the Coordinate Plane  Recall that the definition of a circle is the set of all points that are the same distance from the center.
R2555,C0772,C0218,Prerequisite,0.4778,163,f3c007b4111a40938e32c468330c0609,Graphing a Circle in the Coordinate Plane  Recall that the definition of a circle is the set of all points that are the same distance from the center.
R2556,C0113,C0218,Application,0.3934,163,f3c007b4111a40938e32c468330c0609,This  definition can be used to find an equation of a circle in the coordinate plane.
R2557,C0218,C0113,Application,0.3934,163,f3c007b4111a40938e32c468330c0609,This  definition can be used to find an equation of a circle in the coordinate plane.
R2558,C0059,C0772,Application,0.2424,163,42c27e7c19104847a5cc1ffd9ea13a23,"If it is not, then we label the center {h, k) and would use  the distance formula to find the length of the radius."
R2559,C0059,C0776,Application,0.215,163,42c27e7c19104847a5cc1ffd9ea13a23,"If it is not, then we label the center {h, k) and would use  the distance formula to find the length of the radius."
R2560,C0357,C0772,Application,0.2774,163,42c27e7c19104847a5cc1ffd9ea13a23,"If it is not, then we label the center {h, k) and would use  the distance formula to find the length of the radius."
R2561,C0357,C0776,Application,0.215,163,42c27e7c19104847a5cc1ffd9ea13a23,"If it is not, then we label the center {h, k) and would use  the distance formula to find the length of the radius."
R2562,C0772,C0059,Application,0.2424,163,42c27e7c19104847a5cc1ffd9ea13a23,"If it is not, then we label the center {h, k) and would use  the distance formula to find the length of the radius."
R2563,C0772,C0357,Application,0.2774,163,42c27e7c19104847a5cc1ffd9ea13a23,"If it is not, then we label the center {h, k) and would use  the distance formula to find the length of the radius."
R2564,C0776,C0059,Application,0.215,163,42c27e7c19104847a5cc1ffd9ea13a23,"If it is not, then we label the center {h, k) and would use  the distance formula to find the length of the radius."
R2565,C0776,C0357,Application,0.215,163,42c27e7c19104847a5cc1ffd9ea13a23,"If it is not, then we label the center {h, k) and would use  the distance formula to find the length of the radius."
R2566,C0021,C0022,Application,0.375,165,d5fd9bdd2b5d4b70aefca49eb9916026,"Perimeter and Area  Now that we have explored triangles, quadrilaterals, polygons, and circles, we are going to learn how to  find the perimeter and area of each."
R2567,C0022,C0021,Application,0.375,165,d5fd9bdd2b5d4b70aefca49eb9916026,"Perimeter and Area  Now that we have explored triangles, quadrilaterals, polygons, and circles, we are going to learn how to  find the perimeter and area of each."
R2568,C0021,C0059,Application,0.375,165,c48de5b39ef84794acd6c31f1ac12dea,• Use formulas to find the area of triangles and parallelograms.
R2569,C0059,C0021,Application,0.375,165,c48de5b39ef84794acd6c31f1ac12dea,• Use formulas to find the area of triangles and parallelograms.
R2570,C0021,C0196,Prerequisite,0.215,165,65f84f0998c84ca49fee6f00524a2893,Recall that  you must always establish a unit of measure for area.
R2571,C0196,C0021,Prerequisite,0.215,165,65f84f0998c84ca49fee6f00524a2893,Recall that  you must always establish a unit of measure for area.
R2572,C0021,C0130,Application,0.375,166,38454a7fdb184c4a9acd22444f23e11b,Example 3: Find the area and perimeter of a rectangle with sides 4 cm by 9 cm.
R2573,C0022,C0130,Application,0.4333,166,38454a7fdb184c4a9acd22444f23e11b,Example 3: Find the area and perimeter of a rectangle with sides 4 cm by 9 cm.
R2574,C0130,C0021,Application,0.375,166,38454a7fdb184c4a9acd22444f23e11b,Example 3: Find the area and perimeter of a rectangle with sides 4 cm by 9 cm.
R2575,C0130,C0022,Application,0.4333,166,38454a7fdb184c4a9acd22444f23e11b,Example 3: Find the area and perimeter of a rectangle with sides 4 cm by 9 cm.
R2576,C0021,C0046,Part-of,0.215,166,c53a96bd5099438988c7ec54d83b408e,"Area Addition Postulate: If a figure is composed of two or more parts that do not overlap each other,  then the area of the figure is the sum of the areas of the parts."
R2577,C0021,C0078,Part-of,0.215,166,c53a96bd5099438988c7ec54d83b408e,"Area Addition Postulate: If a figure is composed of two or more parts that do not overlap each other,  then the area of the figure is the sum of the areas of the parts."
R2578,C0046,C0021,Part-of,0.215,166,c53a96bd5099438988c7ec54d83b408e,"Area Addition Postulate: If a figure is composed of two or more parts that do not overlap each other,  then the area of the figure is the sum of the areas of the parts."
R2579,C0046,C0078,Part-of,0.427,166,c53a96bd5099438988c7ec54d83b408e,"Area Addition Postulate: If a figure is composed of two or more parts that do not overlap each other,  then the area of the figure is the sum of the areas of the parts."
R2580,C0078,C0021,Part-of,0.215,166,c53a96bd5099438988c7ec54d83b408e,"Area Addition Postulate: If a figure is composed of two or more parts that do not overlap each other,  then the area of the figure is the sum of the areas of the parts."
R2581,C0078,C0046,Part-of,0.427,166,c53a96bd5099438988c7ec54d83b408e,"Area Addition Postulate: If a figure is composed of two or more parts that do not overlap each other,  then the area of the figure is the sum of the areas of the parts."
R2582,C0014,C0021,Prerequisite,0.295,166,687797b903d14c0896fc2d0f2d52f524,Area of a Parallelogram  Recall that a parallelogram is a quadrilateral whose opposite sides are parallel.
R2583,C0014,C0172,Prerequisite,0.3366,166,687797b903d14c0896fc2d0f2d52f524,Area of a Parallelogram  Recall that a parallelogram is a quadrilateral whose opposite sides are parallel.
R2584,C0014,C0264,Prerequisite,0.3,166,687797b903d14c0896fc2d0f2d52f524,Area of a Parallelogram  Recall that a parallelogram is a quadrilateral whose opposite sides are parallel.
R2585,C0014,C0297,Prerequisite,0.2424,166,687797b903d14c0896fc2d0f2d52f524,Area of a Parallelogram  Recall that a parallelogram is a quadrilateral whose opposite sides are parallel.
R2586,C0021,C0014,Prerequisite,0.295,166,687797b903d14c0896fc2d0f2d52f524,Area of a Parallelogram  Recall that a parallelogram is a quadrilateral whose opposite sides are parallel.
R2587,C0021,C0172,Prerequisite,0.3976,166,687797b903d14c0896fc2d0f2d52f524,Area of a Parallelogram  Recall that a parallelogram is a quadrilateral whose opposite sides are parallel.
R2588,C0021,C0264,Prerequisite,0.215,166,687797b903d14c0896fc2d0f2d52f524,Area of a Parallelogram  Recall that a parallelogram is a quadrilateral whose opposite sides are parallel.
R2589,C0021,C0297,Prerequisite,0.215,166,687797b903d14c0896fc2d0f2d52f524,Area of a Parallelogram  Recall that a parallelogram is a quadrilateral whose opposite sides are parallel.
R2590,C0172,C0014,Prerequisite,0.3366,166,687797b903d14c0896fc2d0f2d52f524,Area of a Parallelogram  Recall that a parallelogram is a quadrilateral whose opposite sides are parallel.
R2591,C0172,C0021,Prerequisite,0.3976,166,687797b903d14c0896fc2d0f2d52f524,Area of a Parallelogram  Recall that a parallelogram is a quadrilateral whose opposite sides are parallel.
R2592,C0172,C0264,Prerequisite,0.427,166,687797b903d14c0896fc2d0f2d52f524,Area of a Parallelogram  Recall that a parallelogram is a quadrilateral whose opposite sides are parallel.
R2593,C0172,C0297,Prerequisite,0.2602,166,687797b903d14c0896fc2d0f2d52f524,Area of a Parallelogram  Recall that a parallelogram is a quadrilateral whose opposite sides are parallel.
R2594,C0264,C0014,Prerequisite,0.3,166,687797b903d14c0896fc2d0f2d52f524,Area of a Parallelogram  Recall that a parallelogram is a quadrilateral whose opposite sides are parallel.
R2595,C0264,C0021,Prerequisite,0.215,166,687797b903d14c0896fc2d0f2d52f524,Area of a Parallelogram  Recall that a parallelogram is a quadrilateral whose opposite sides are parallel.
R2596,C0264,C0172,Prerequisite,0.427,166,687797b903d14c0896fc2d0f2d52f524,Area of a Parallelogram  Recall that a parallelogram is a quadrilateral whose opposite sides are parallel.
R2597,C0264,C0297,Prerequisite,0.2583,166,687797b903d14c0896fc2d0f2d52f524,Area of a Parallelogram  Recall that a parallelogram is a quadrilateral whose opposite sides are parallel.
R2598,C0297,C0014,Prerequisite,0.2424,166,687797b903d14c0896fc2d0f2d52f524,Area of a Parallelogram  Recall that a parallelogram is a quadrilateral whose opposite sides are parallel.
R2599,C0297,C0021,Prerequisite,0.215,166,687797b903d14c0896fc2d0f2d52f524,Area of a Parallelogram  Recall that a parallelogram is a quadrilateral whose opposite sides are parallel.
R2600,C0297,C0172,Prerequisite,0.2602,166,687797b903d14c0896fc2d0f2d52f524,Area of a Parallelogram  Recall that a parallelogram is a quadrilateral whose opposite sides are parallel.
R2601,C0297,C0264,Prerequisite,0.2583,166,687797b903d14c0896fc2d0f2d52f524,Area of a Parallelogram  Recall that a parallelogram is a quadrilateral whose opposite sides are parallel.
R2602,C0021,C0264,Application,0.375,166,687797b903d14c0896fc2d0f2d52f524,"To find the area of a parallelogram, make it into a rectangle."
R2603,C0130,C0264,Application,0.84,166,687797b903d14c0896fc2d0f2d52f524,"To find the area of a parallelogram, make it into a rectangle."
R2604,C0264,C0021,Application,0.375,166,687797b903d14c0896fc2d0f2d52f524,"To find the area of a parallelogram, make it into a rectangle."
R2605,C0264,C0130,Application,1.0,166,687797b903d14c0896fc2d0f2d52f524,"To find the area of a parallelogram, make it into a rectangle."
R2606,C0021,C0130,Similarity,0.375,166,687797b903d14c0896fc2d0f2d52f524,"From this, we see that the area of a parallelogram is the same as the area of a rectangle."
R2607,C0021,C0148,Similarity,0.215,166,687797b903d14c0896fc2d0f2d52f524,"From this, we see that the area of a parallelogram is the same as the area of a rectangle."
R2608,C0021,C0264,Similarity,0.375,166,687797b903d14c0896fc2d0f2d52f524,"From this, we see that the area of a parallelogram is the same as the area of a rectangle."
R2609,C0130,C0021,Similarity,0.375,166,687797b903d14c0896fc2d0f2d52f524,"From this, we see that the area of a parallelogram is the same as the area of a rectangle."
R2610,C0130,C0148,Similarity,0.215,166,687797b903d14c0896fc2d0f2d52f524,"From this, we see that the area of a parallelogram is the same as the area of a rectangle."
R2611,C0130,C0264,Similarity,0.92,166,687797b903d14c0896fc2d0f2d52f524,"From this, we see that the area of a parallelogram is the same as the area of a rectangle."
R2612,C0148,C0021,Similarity,0.215,166,687797b903d14c0896fc2d0f2d52f524,"From this, we see that the area of a parallelogram is the same as the area of a rectangle."
R2613,C0148,C0130,Similarity,0.215,166,687797b903d14c0896fc2d0f2d52f524,"From this, we see that the area of a parallelogram is the same as the area of a rectangle."
R2614,C0148,C0264,Similarity,0.375,166,687797b903d14c0896fc2d0f2d52f524,"From this, we see that the area of a parallelogram is the same as the area of a rectangle."
R2615,C0264,C0021,Similarity,0.375,166,687797b903d14c0896fc2d0f2d52f524,"From this, we see that the area of a parallelogram is the same as the area of a rectangle."
R2616,C0264,C0130,Similarity,1.0,166,687797b903d14c0896fc2d0f2d52f524,"From this, we see that the area of a parallelogram is the same as the area of a rectangle."
R2617,C0264,C0148,Similarity,0.375,166,687797b903d14c0896fc2d0f2d52f524,"From this, we see that the area of a parallelogram is the same as the area of a rectangle."
R2618,C0017,C0021,Application,0.375,167,d13199aa615b49449bcd0d1af0dc8ffa,Example 9: Find the area of the triangle.
R2619,C0021,C0017,Application,0.375,167,d13199aa615b49449bcd0d1af0dc8ffa,Example 9: Find the area of the triangle.
R2620,C0017,C0022,Application,0.4312,167,6624caef9f904daf954b37f1d83ac68f,Example 10: Find the perimeter of the triangle in Example 9.
R2621,C0022,C0017,Application,0.4312,167,6624caef9f904daf954b37f1d83ac68f,Example 10: Find the perimeter of the triangle in Example 9.
R2622,C0017,C0157,Application,0.2509,167,eb001d51e1004c299801599ed0e793c6,"longest side  Solution: To find the perimeter, we need to find the longest side of the obtuse triangle."
R2623,C0022,C0072,Application,0.295,167,eb001d51e1004c299801599ed0e793c6,"longest side  Solution: To find the perimeter, we need to find the longest side of the obtuse triangle."
R2624,C0022,C0157,Application,0.2456,167,eb001d51e1004c299801599ed0e793c6,"longest side  Solution: To find the perimeter, we need to find the longest side of the obtuse triangle."
R2625,C0072,C0022,Application,0.295,167,eb001d51e1004c299801599ed0e793c6,"longest side  Solution: To find the perimeter, we need to find the longest side of the obtuse triangle."
R2626,C0072,C0157,Application,0.215,167,eb001d51e1004c299801599ed0e793c6,"longest side  Solution: To find the perimeter, we need to find the longest side of the obtuse triangle."
R2627,C0157,C0017,Application,0.2509,167,eb001d51e1004c299801599ed0e793c6,"longest side  Solution: To find the perimeter, we need to find the longest side of the obtuse triangle."
R2628,C0157,C0022,Application,0.2456,167,eb001d51e1004c299801599ed0e793c6,"longest side  Solution: To find the perimeter, we need to find the longest side of the obtuse triangle."
R2629,C0157,C0072,Application,0.215,167,eb001d51e1004c299801599ed0e793c6,"longest side  Solution: To find the perimeter, we need to find the longest side of the obtuse triangle."
R2630,C0021,C0051,Similarity,0.215,167,eb001d51e1004c299801599ed0e793c6,"Revisited The area of an Eastern King is 6080 in 2 and the California King is 6048 in 2  Review Questions  • Questions 1-12 are similar to Examples 3-5, 7-9."
R2631,C0021,C0052,Similarity,0.215,167,eb001d51e1004c299801599ed0e793c6,"Revisited The area of an Eastern King is 6080 in 2 and the California King is 6048 in 2  Review Questions  • Questions 1-12 are similar to Examples 3-5, 7-9."
R2632,C0021,C0841,Similarity,0.215,167,eb001d51e1004c299801599ed0e793c6,"Revisited The area of an Eastern King is 6080 in 2 and the California King is 6048 in 2  Review Questions  • Questions 1-12 are similar to Examples 3-5, 7-9."
R2633,C0021,C0844,Similarity,0.215,167,eb001d51e1004c299801599ed0e793c6,"Revisited The area of an Eastern King is 6080 in 2 and the California King is 6048 in 2  Review Questions  • Questions 1-12 are similar to Examples 3-5, 7-9."
R2634,C0051,C0021,Similarity,0.215,167,eb001d51e1004c299801599ed0e793c6,"Revisited The area of an Eastern King is 6080 in 2 and the California King is 6048 in 2  Review Questions  • Questions 1-12 are similar to Examples 3-5, 7-9."
R2635,C0051,C0052,Similarity,0.2312,167,eb001d51e1004c299801599ed0e793c6,"Revisited The area of an Eastern King is 6080 in 2 and the California King is 6048 in 2  Review Questions  • Questions 1-12 are similar to Examples 3-5, 7-9."
R2636,C0051,C0841,Similarity,0.215,167,eb001d51e1004c299801599ed0e793c6,"Revisited The area of an Eastern King is 6080 in 2 and the California King is 6048 in 2  Review Questions  • Questions 1-12 are similar to Examples 3-5, 7-9."
R2637,C0051,C0844,Similarity,0.2465,167,eb001d51e1004c299801599ed0e793c6,"Revisited The area of an Eastern King is 6080 in 2 and the California King is 6048 in 2  Review Questions  • Questions 1-12 are similar to Examples 3-5, 7-9."
R2638,C0052,C0021,Similarity,0.215,167,eb001d51e1004c299801599ed0e793c6,"Revisited The area of an Eastern King is 6080 in 2 and the California King is 6048 in 2  Review Questions  • Questions 1-12 are similar to Examples 3-5, 7-9."
R2639,C0052,C0051,Similarity,0.2312,167,eb001d51e1004c299801599ed0e793c6,"Revisited The area of an Eastern King is 6080 in 2 and the California King is 6048 in 2  Review Questions  • Questions 1-12 are similar to Examples 3-5, 7-9."
R2640,C0052,C0841,Similarity,0.4041,167,eb001d51e1004c299801599ed0e793c6,"Revisited The area of an Eastern King is 6080 in 2 and the California King is 6048 in 2  Review Questions  • Questions 1-12 are similar to Examples 3-5, 7-9."
R2641,C0052,C0844,Similarity,0.3636,167,eb001d51e1004c299801599ed0e793c6,"Revisited The area of an Eastern King is 6080 in 2 and the California King is 6048 in 2  Review Questions  • Questions 1-12 are similar to Examples 3-5, 7-9."
R2642,C0841,C0021,Similarity,0.215,167,eb001d51e1004c299801599ed0e793c6,"Revisited The area of an Eastern King is 6080 in 2 and the California King is 6048 in 2  Review Questions  • Questions 1-12 are similar to Examples 3-5, 7-9."
R2643,C0841,C0051,Similarity,0.215,167,eb001d51e1004c299801599ed0e793c6,"Revisited The area of an Eastern King is 6080 in 2 and the California King is 6048 in 2  Review Questions  • Questions 1-12 are similar to Examples 3-5, 7-9."
R2644,C0841,C0052,Similarity,0.4041,167,eb001d51e1004c299801599ed0e793c6,"Revisited The area of an Eastern King is 6080 in 2 and the California King is 6048 in 2  Review Questions  • Questions 1-12 are similar to Examples 3-5, 7-9."
R2645,C0841,C0844,Similarity,0.684,167,eb001d51e1004c299801599ed0e793c6,"Revisited The area of an Eastern King is 6080 in 2 and the California King is 6048 in 2  Review Questions  • Questions 1-12 are similar to Examples 3-5, 7-9."
R2646,C0844,C0021,Similarity,0.215,167,eb001d51e1004c299801599ed0e793c6,"Revisited The area of an Eastern King is 6080 in 2 and the California King is 6048 in 2  Review Questions  • Questions 1-12 are similar to Examples 3-5, 7-9."
R2647,C0844,C0051,Similarity,0.2465,167,eb001d51e1004c299801599ed0e793c6,"Revisited The area of an Eastern King is 6080 in 2 and the California King is 6048 in 2  Review Questions  • Questions 1-12 are similar to Examples 3-5, 7-9."
R2648,C0844,C0052,Similarity,0.3636,167,eb001d51e1004c299801599ed0e793c6,"Revisited The area of an Eastern King is 6080 in 2 and the California King is 6048 in 2  Review Questions  • Questions 1-12 are similar to Examples 3-5, 7-9."
R2649,C0844,C0841,Similarity,0.684,167,eb001d51e1004c299801599ed0e793c6,"Revisited The area of an Eastern King is 6080 in 2 and the California King is 6048 in 2  Review Questions  • Questions 1-12 are similar to Examples 3-5, 7-9."
R2650,C0021,C0087,Application,0.375,167,eb001d51e1004c299801599ed0e793c6,Find the area and perimeter of a square with sides of length 12 in.
R2651,C0022,C0087,Application,0.401,167,eb001d51e1004c299801599ed0e793c6,Find the area and perimeter of a square with sides of length 12 in.
R2652,C0087,C0021,Application,0.375,167,eb001d51e1004c299801599ed0e793c6,Find the area and perimeter of a square with sides of length 12 in.
R2653,C0087,C0022,Application,0.401,167,eb001d51e1004c299801599ed0e793c6,Find the area and perimeter of a square with sides of length 12 in.
R2654,C0021,C0477,Application,0.4097,167,eb001d51e1004c299801599ed0e793c6,Find the area and perimeter of a rectangle with height of 9 cm and base of 16 cm.
R2655,C0022,C0477,Application,0.3309,167,eb001d51e1004c299801599ed0e793c6,Find the area and perimeter of a rectangle with height of 9 cm and base of 16 cm.
R2656,C0130,C0477,Application,0.3167,167,eb001d51e1004c299801599ed0e793c6,Find the area and perimeter of a rectangle with height of 9 cm and base of 16 cm.
R2657,C0477,C0021,Application,0.4097,167,eb001d51e1004c299801599ed0e793c6,Find the area and perimeter of a rectangle with height of 9 cm and base of 16 cm.
R2658,C0477,C0022,Application,0.3309,167,eb001d51e1004c299801599ed0e793c6,Find the area and perimeter of a rectangle with height of 9 cm and base of 16 cm.
R2659,C0477,C0130,Application,0.3167,167,eb001d51e1004c299801599ed0e793c6,Find the area and perimeter of a rectangle with height of 9 cm and base of 16 cm.
R2660,C0264,C0477,Application,0.2367,167,eb001d51e1004c299801599ed0e793c6,Find the area of a parallelogram with height of 20 m and base of 18 m.
R2661,C0477,C0264,Application,0.2367,167,eb001d51e1004c299801599ed0e793c6,Find the area of a parallelogram with height of 20 m and base of 18 m.
R2662,C0021,C0196,Application,0.375,168,6f1b6915e4f74403be225e206b569204,(c) Find the area of the entire shape (you will need to subtract the area of the small triangle in the  lower right-hand corner).
R2663,C0196,C0021,Application,0.375,168,6f1b6915e4f74403be225e206b569204,(c) Find the area of the entire shape (you will need to subtract the area of the small triangle in the  lower right-hand corner).
R2664,C0021,C0202,Application,0.375,168,6f1b6915e4f74403be225e206b569204,Find the area of one grey triangle.
R2665,C0202,C0021,Application,0.375,168,6f1b6915e4f74403be225e206b569204,Find the area of one grey triangle.
R2666,C0021,C0365,Application,0.295,168,5276f583c7de42adbafa676461731b5d,Find the area of AABC.
R2667,C0365,C0021,Application,0.295,168,5276f583c7de42adbafa676461731b5d,Find the area of AABC.
R2668,C0021,C0072,Application,0.375,168,5276f583c7de42adbafa676461731b5d,"If each side is x, find the area of AABC."
R2669,C0072,C0021,Application,0.375,168,5276f583c7de42adbafa676461731b5d,"If each side is x, find the area of AABC."
R2670,C0021,C0162,Application,0.375,168,5276f583c7de42adbafa676461731b5d,"Using your formula from #34, find the area of an equilateral triangle with 12 inch sides."
R2671,C0162,C0021,Application,0.375,168,5276f583c7de42adbafa676461731b5d,"Using your formula from #34, find the area of an equilateral triangle with 12 inch sides."
R2672,C0021,C0031,Application,0.2312,169,89a6540f2a064e1f80e43bdfa7f6d060,Review Queue  Find the area of the shaded regions in the figures below.
R2673,C0031,C0021,Application,0.2312,169,89a6540f2a064e1f80e43bdfa7f6d060,Review Queue  Find the area of the shaded regions in the figures below.
R2674,C0021,C0218,Application,0.3912,169,89a6540f2a064e1f80e43bdfa7f6d060,Find the area of the rhombus (including the circle).
R2675,C0021,C0584,Application,0.3923,169,89a6540f2a064e1f80e43bdfa7f6d060,Find the area of the rhombus (including the circle).
R2676,C0218,C0021,Application,0.3912,169,89a6540f2a064e1f80e43bdfa7f6d060,Find the area of the rhombus (including the circle).
R2677,C0218,C0584,Application,0.2376,169,89a6540f2a064e1f80e43bdfa7f6d060,Find the area of the rhombus (including the circle).
R2678,C0584,C0021,Application,0.3923,169,89a6540f2a064e1f80e43bdfa7f6d060,Find the area of the rhombus (including the circle).
R2679,C0584,C0218,Application,0.2376,169,89a6540f2a064e1f80e43bdfa7f6d060,Find the area of the rhombus (including the circle).
R2680,C0014,C0202,Prerequisite,0.2318,169,89a6540f2a064e1f80e43bdfa7f6d060,Area of a Trapezoid  Recall that a trapezoid is a quadrilateral with one pair of parallel sides.
R2681,C0014,C0611,Prerequisite,0.3,169,89a6540f2a064e1f80e43bdfa7f6d060,Area of a Trapezoid  Recall that a trapezoid is a quadrilateral with one pair of parallel sides.
R2682,C0021,C0202,Prerequisite,0.295,169,89a6540f2a064e1f80e43bdfa7f6d060,Area of a Trapezoid  Recall that a trapezoid is a quadrilateral with one pair of parallel sides.
R2683,C0021,C0611,Prerequisite,0.215,169,89a6540f2a064e1f80e43bdfa7f6d060,Area of a Trapezoid  Recall that a trapezoid is a quadrilateral with one pair of parallel sides.
R2684,C0172,C0202,Prerequisite,0.2294,169,89a6540f2a064e1f80e43bdfa7f6d060,Area of a Trapezoid  Recall that a trapezoid is a quadrilateral with one pair of parallel sides.
R2685,C0172,C0611,Prerequisite,0.267,169,89a6540f2a064e1f80e43bdfa7f6d060,Area of a Trapezoid  Recall that a trapezoid is a quadrilateral with one pair of parallel sides.
R2686,C0202,C0014,Prerequisite,0.2318,169,89a6540f2a064e1f80e43bdfa7f6d060,Area of a Trapezoid  Recall that a trapezoid is a quadrilateral with one pair of parallel sides.
R2687,C0202,C0021,Prerequisite,0.295,169,89a6540f2a064e1f80e43bdfa7f6d060,Area of a Trapezoid  Recall that a trapezoid is a quadrilateral with one pair of parallel sides.
R2688,C0202,C0172,Prerequisite,0.2294,169,89a6540f2a064e1f80e43bdfa7f6d060,Area of a Trapezoid  Recall that a trapezoid is a quadrilateral with one pair of parallel sides.
R2689,C0202,C0611,Prerequisite,0.2439,169,89a6540f2a064e1f80e43bdfa7f6d060,Area of a Trapezoid  Recall that a trapezoid is a quadrilateral with one pair of parallel sides.
R2690,C0611,C0014,Prerequisite,0.3,169,89a6540f2a064e1f80e43bdfa7f6d060,Area of a Trapezoid  Recall that a trapezoid is a quadrilateral with one pair of parallel sides.
R2691,C0611,C0021,Prerequisite,0.215,169,89a6540f2a064e1f80e43bdfa7f6d060,Area of a Trapezoid  Recall that a trapezoid is a quadrilateral with one pair of parallel sides.
R2692,C0611,C0172,Prerequisite,0.267,169,89a6540f2a064e1f80e43bdfa7f6d060,Area of a Trapezoid  Recall that a trapezoid is a quadrilateral with one pair of parallel sides.
R2693,C0611,C0202,Prerequisite,0.2439,169,89a6540f2a064e1f80e43bdfa7f6d060,Area of a Trapezoid  Recall that a trapezoid is a quadrilateral with one pair of parallel sides.
R2694,C0021,C0611,Application,0.375,169,89a6540f2a064e1f80e43bdfa7f6d060,"&1  To find the area of the trapezoid, make a copy of the trapezoid and then rotate the copy 180°."
R2695,C0611,C0021,Application,0.375,169,89a6540f2a064e1f80e43bdfa7f6d060,"&1  To find the area of the trapezoid, make a copy of the trapezoid and then rotate the copy 180°."
R2696,C0022,C0611,Application,0.2733,169,8d94a844196b47eca0004ea0a2201716,Example 2: Find the perimeter and area of the trapezoid.
R2697,C0611,C0022,Application,0.2733,169,8d94a844196b47eca0004ea0a2201716,Example 2: Find the perimeter and area of the trapezoid.
R2698,C0021,C0584,Prerequisite,0.3123,169,bbf7ad3d038e4498a23ae08e69fa8b9e,P = 8 + 4V2 + 16 + 4V2  P = 24 + 8 V2 w 35.3 units  A = -(4)(8 + 16)  A = 48 units 2  www.ckl2.org  514  Area of a Rhombus and Kite  Recall that a rhombus is an equilateral quadrilateral and a kite has adjacent congruent sides.
R2699,C0021,C0610,Prerequisite,0.2376,169,bbf7ad3d038e4498a23ae08e69fa8b9e,P = 8 + 4V2 + 16 + 4V2  P = 24 + 8 V2 w 35.3 units  A = -(4)(8 + 16)  A = 48 units 2  www.ckl2.org  514  Area of a Rhombus and Kite  Recall that a rhombus is an equilateral quadrilateral and a kite has adjacent congruent sides.
R2700,C0172,C0584,Prerequisite,0.2881,169,bbf7ad3d038e4498a23ae08e69fa8b9e,P = 8 + 4V2 + 16 + 4V2  P = 24 + 8 V2 w 35.3 units  A = -(4)(8 + 16)  A = 48 units 2  www.ckl2.org  514  Area of a Rhombus and Kite  Recall that a rhombus is an equilateral quadrilateral and a kite has adjacent congruent sides.
R2701,C0172,C0610,Prerequisite,0.84,169,bbf7ad3d038e4498a23ae08e69fa8b9e,P = 8 + 4V2 + 16 + 4V2  P = 24 + 8 V2 w 35.3 units  A = -(4)(8 + 16)  A = 48 units 2  www.ckl2.org  514  Area of a Rhombus and Kite  Recall that a rhombus is an equilateral quadrilateral and a kite has adjacent congruent sides.
R2702,C0584,C0021,Prerequisite,0.3123,169,bbf7ad3d038e4498a23ae08e69fa8b9e,P = 8 + 4V2 + 16 + 4V2  P = 24 + 8 V2 w 35.3 units  A = -(4)(8 + 16)  A = 48 units 2  www.ckl2.org  514  Area of a Rhombus and Kite  Recall that a rhombus is an equilateral quadrilateral and a kite has adjacent congruent sides.
R2703,C0584,C0172,Prerequisite,0.2881,169,bbf7ad3d038e4498a23ae08e69fa8b9e,P = 8 + 4V2 + 16 + 4V2  P = 24 + 8 V2 w 35.3 units  A = -(4)(8 + 16)  A = 48 units 2  www.ckl2.org  514  Area of a Rhombus and Kite  Recall that a rhombus is an equilateral quadrilateral and a kite has adjacent congruent sides.
R2704,C0584,C0610,Prerequisite,0.2881,169,bbf7ad3d038e4498a23ae08e69fa8b9e,P = 8 + 4V2 + 16 + 4V2  P = 24 + 8 V2 w 35.3 units  A = -(4)(8 + 16)  A = 48 units 2  www.ckl2.org  514  Area of a Rhombus and Kite  Recall that a rhombus is an equilateral quadrilateral and a kite has adjacent congruent sides.
R2705,C0610,C0021,Prerequisite,0.2376,169,bbf7ad3d038e4498a23ae08e69fa8b9e,P = 8 + 4V2 + 16 + 4V2  P = 24 + 8 V2 w 35.3 units  A = -(4)(8 + 16)  A = 48 units 2  www.ckl2.org  514  Area of a Rhombus and Kite  Recall that a rhombus is an equilateral quadrilateral and a kite has adjacent congruent sides.
R2706,C0610,C0172,Prerequisite,0.84,169,bbf7ad3d038e4498a23ae08e69fa8b9e,P = 8 + 4V2 + 16 + 4V2  P = 24 + 8 V2 w 35.3 units  A = -(4)(8 + 16)  A = 48 units 2  www.ckl2.org  514  Area of a Rhombus and Kite  Recall that a rhombus is an equilateral quadrilateral and a kite has adjacent congruent sides.
R2707,C0610,C0584,Prerequisite,0.2881,169,bbf7ad3d038e4498a23ae08e69fa8b9e,P = 8 + 4V2 + 16 + 4V2  P = 24 + 8 V2 w 35.3 units  A = -(4)(8 + 16)  A = 48 units 2  www.ckl2.org  514  Area of a Rhombus and Kite  Recall that a rhombus is an equilateral quadrilateral and a kite has adjacent congruent sides.
R2708,C0021,C0587,Application,0.215,169,779c2cf3f530433dae7f508fc47ea86e,"Example 3: Find the perimeter and area of the rhombi below,  a)"
R2709,C0022,C0587,Application,0.2744,169,779c2cf3f530433dae7f508fc47ea86e,"Example 3: Find the perimeter and area of the rhombi below,  a)"
R2710,C0587,C0021,Application,0.215,169,779c2cf3f530433dae7f508fc47ea86e,"Example 3: Find the perimeter and area of the rhombi below,  a)"
R2711,C0587,C0022,Application,0.2744,169,779c2cf3f530433dae7f508fc47ea86e,"Example 3: Find the perimeter and area of the rhombi below,  a)"
R2712,C0022,C0196,Application,0.2572,170,9ea250c6924843af9b24137de9c72f70,"a) To find the perimeter, you must find the length of each side, which would be the hypotenuse of one of  the four triangles."
R2713,C0022,C0202,Application,0.253,170,9ea250c6924843af9b24137de9c72f70,"a) To find the perimeter, you must find the length of each side, which would be the hypotenuse of one of  the four triangles."
R2714,C0022,C0448,Application,0.2287,170,9ea250c6924843af9b24137de9c72f70,"a) To find the perimeter, you must find the length of each side, which would be the hypotenuse of one of  the four triangles."
R2715,C0072,C0448,Application,0.295,170,9ea250c6924843af9b24137de9c72f70,"a) To find the perimeter, you must find the length of each side, which would be the hypotenuse of one of  the four triangles."
R2716,C0196,C0022,Application,0.2572,170,9ea250c6924843af9b24137de9c72f70,"a) To find the perimeter, you must find the length of each side, which would be the hypotenuse of one of  the four triangles."
R2717,C0196,C0202,Application,0.4489,170,9ea250c6924843af9b24137de9c72f70,"a) To find the perimeter, you must find the length of each side, which would be the hypotenuse of one of  the four triangles."
R2718,C0202,C0022,Application,0.253,170,9ea250c6924843af9b24137de9c72f70,"a) To find the perimeter, you must find the length of each side, which would be the hypotenuse of one of  the four triangles."
R2719,C0202,C0196,Application,0.4489,170,9ea250c6924843af9b24137de9c72f70,"a) To find the perimeter, you must find the length of each side, which would be the hypotenuse of one of  the four triangles."
R2720,C0202,C0448,Application,0.4047,170,9ea250c6924843af9b24137de9c72f70,"a) To find the perimeter, you must find the length of each side, which would be the hypotenuse of one of  the four triangles."
R2721,C0448,C0022,Application,0.2287,170,9ea250c6924843af9b24137de9c72f70,"a) To find the perimeter, you must find the length of each side, which would be the hypotenuse of one of  the four triangles."
R2722,C0448,C0072,Application,0.295,170,9ea250c6924843af9b24137de9c72f70,"a) To find the perimeter, you must find the length of each side, which would be the hypotenuse of one of  the four triangles."
R2723,C0448,C0202,Application,0.4047,170,9ea250c6924843af9b24137de9c72f70,"a) To find the perimeter, you must find the length of each side, which would be the hypotenuse of one of  the four triangles."
R2724,C0021,C0051,Application,0.295,170,7bfe29e088634df884f2bd3c71adf051,"Revisited To find the area of the rhombus, we need to find the length of the diagonals."
R2725,C0051,C0021,Application,0.295,170,7bfe29e088634df884f2bd3c71adf051,"Revisited To find the area of the rhombus, we need to find the length of the diagonals."
R2726,C0051,C0584,Application,0.2261,170,7bfe29e088634df884f2bd3c71adf051,"Revisited To find the area of the rhombus, we need to find the length of the diagonals."
R2727,C0584,C0051,Application,0.2261,170,7bfe29e088634df884f2bd3c71adf051,"Revisited To find the area of the rhombus, we need to find the length of the diagonals."
R2728,C0021,C0610,Application,0.3976,171,55fc8886aff149b4bc7ad223a41f5c77,Find the area of one kite.
R2729,C0202,C0610,Application,0.2294,171,55fc8886aff149b4bc7ad223a41f5c77,Find the area of one kite.
R2730,C0610,C0021,Application,0.3976,171,55fc8886aff149b4bc7ad223a41f5c77,Find the area of one kite.
R2731,C0610,C0202,Application,0.2294,171,55fc8886aff149b4bc7ad223a41f5c77,Find the area of one kite.
R2732,C0202,C0714,Similarity,0.215,171,7efdfe0cee384e51b19fa491eedbbfc1,"Then, divide your hand into 9 squares, like the one to the right, 2 inx2 in."
R2733,C0714,C0202,Similarity,0.215,171,7efdfe0cee384e51b19fa491eedbbfc1,"Then, divide your hand into 9 squares, like the one to the right, 2 inx2 in."
R2734,C0058,C0648,Part-of,0.4183,172,d088ea09667849c282015d82911c3213,"In fact, the ratio of any part of two  similar shapes (diagonals, medians, midsegments, altitudes, etc.) is the same as the scale factor."
R2735,C0648,C0058,Part-of,0.4183,172,d088ea09667849c282015d82911c3213,"In fact, the ratio of any part of two  similar shapes (diagonals, medians, midsegments, altitudes, etc.) is the same as the scale factor."
R2736,C0022,C0533,Application,0.2509,173,546e3fa5ac0f4563a4f5a63fa82daaac,"If the length of the altitude of a small triangle is 2 V3, find the perimeter of the large triangle."
R2737,C0533,C0022,Application,0.2509,173,546e3fa5ac0f4563a4f5a63fa82daaac,"If the length of the altitude of a small triangle is 2 V3, find the perimeter of the large triangle."
R2738,C0058,C0087,Application,0.3256,173,546e3fa5ac0f4563a4f5a63fa82daaac,Find the scale factor of the blue square and large square.
R2739,C0087,C0058,Application,0.3256,173,546e3fa5ac0f4563a4f5a63fa82daaac,Find the scale factor of the blue square and large square.
R2740,C0087,C0648,Application,0.3143,173,546e3fa5ac0f4563a4f5a63fa82daaac,Find the scale factor of the blue square and large square.
R2741,C0648,C0087,Application,0.3143,173,546e3fa5ac0f4563a4f5a63fa82daaac,Find the scale factor of the blue square and large square.
R2742,C0072,C0087,Application,0.315,173,8c9accf1202b49e58b32101109cd952e,"If the length of a side of the smaller square is 24  units, find the length of a side in the larger square."
R2743,C0087,C0072,Application,0.315,173,8c9accf1202b49e58b32101109cd952e,"If the length of a side of the smaller square is 24  units, find the length of a side in the larger square."
R2744,C0037,C0847,Application,0.2312,173,629aa558f1a0424eacffb159eb54a3e1,Learning Objectives  Find the circumference of a circle.
R2745,C0218,C0847,Application,0.3894,173,629aa558f1a0424eacffb159eb54a3e1,Learning Objectives  Find the circumference of a circle.
R2746,C0847,C0037,Application,0.2312,173,629aa558f1a0424eacffb159eb54a3e1,Learning Objectives  Find the circumference of a circle.
R2747,C0847,C0218,Application,0.3894,173,629aa558f1a0424eacffb159eb54a3e1,Learning Objectives  Find the circumference of a circle.
R2748,C0218,C0415,Application,0.215,174,63aed95d51e14cd485c2caee1b364ad4,"In order to find the circumference of a circle, we need to explore n (pi)."
R2749,C0415,C0218,Application,0.215,174,63aed95d51e14cd485c2caee1b364ad4,"In order to find the circumference of a circle, we need to explore n (pi)."
R2750,C0415,C0847,Application,0.215,174,63aed95d51e14cd485c2caee1b364ad4,"In order to find the circumference of a circle, we need to explore n (pi)."
R2751,C0847,C0415,Application,0.215,174,63aed95d51e14cd485c2caee1b364ad4,"In order to find the circumference of a circle, we need to explore n (pi)."
R2752,C0776,C0847,Application,0.375,174,759d8ce8987841598f152ebdb9d17d9f,Example 1: Find the circumference of a circle with a radius of 7 cm.
R2753,C0847,C0776,Application,0.375,174,759d8ce8987841598f152ebdb9d17d9f,Example 1: Find the circumference of a circle with a radius of 7 cm.
R2754,C0095,C0847,Prerequisite,0.375,175,baf52af3e7ac4d8eb3a54c17ecb22070,Arc Length: The length of an arc or a portion of a circle's circumference.
R2755,C0776,C0848,Application,0.215,175,462f6c7b66c240298f77fac93735170a,"To find the radius,  plug this into the circumference formula and solve for r."
R2756,C0847,C0848,Application,0.3,175,462f6c7b66c240298f77fac93735170a,"To find the radius,  plug this into the circumference formula and solve for r."
R2757,C0848,C0776,Application,0.215,175,462f6c7b66c240298f77fac93735170a,"To find the radius,  plug this into the circumference formula and solve for r."
R2758,C0848,C0847,Application,0.3,175,462f6c7b66c240298f77fac93735170a,"To find the radius,  plug this into the circumference formula and solve for r."
R2759,C0022,C0852,Application,0.215,176,708a2e945ed7478dbc066e112625255a,Find the perimeter of PQSR.
R2760,C0852,C0022,Application,0.215,176,708a2e945ed7478dbc066e112625255a,Find the perimeter of PQSR.
R2761,C0095,C0849,Application,0.2343,176,708a2e945ed7478dbc066e112625255a,Find the arc length of PQ in Q A.
R2762,C0849,C0095,Application,0.2343,176,708a2e945ed7478dbc066e112625255a,Find the arc length of PQ in Q A.
R2763,C0021,C0037,Application,0.375,176,e6ee78f760f74849bec35bc84f4877c2,"Learning Objectives  • Find the area of circles, sectors, and segments."
R2764,C0037,C0021,Application,0.375,176,e6ee78f760f74849bec35bc84f4877c2,"Learning Objectives  • Find the area of circles, sectors, and segments."
R2765,C0218,C0264,Similarity,0.215,176,e6ee78f760f74849bec35bc84f4877c2,533  www.ckl2.org  Now our circle looks like a parallelogram.
R2766,C0264,C0218,Similarity,0.215,176,e6ee78f760f74849bec35bc84f4877c2,533  www.ckl2.org  Now our circle looks like a parallelogram.
R2767,C0021,C0775,Application,0.295,176,cab88db32dea4563b826036e1cccfa6c,Example 1: Find the area of a circle with a diameter of 12 cm.
R2768,C0218,C0775,Application,0.4633,176,cab88db32dea4563b826036e1cccfa6c,Example 1: Find the area of a circle with a diameter of 12 cm.
R2769,C0775,C0021,Application,0.295,176,cab88db32dea4563b826036e1cccfa6c,Example 1: Find the area of a circle with a diameter of 12 cm.
R2770,C0775,C0218,Application,0.4633,176,cab88db32dea4563b826036e1cccfa6c,Example 1: Find the area of a circle with a diameter of 12 cm.
R2771,C0072,C0087,Similarity,0.395,177,7f843c2ca36d43cab4b217c395d05943,Solution: The diameter of the circle is the same as the length of a side of the square.
R2772,C0072,C0218,Similarity,0.215,177,7f843c2ca36d43cab4b217c395d05943,Solution: The diameter of the circle is the same as the length of a side of the square.
R2773,C0072,C0775,Similarity,0.215,177,7f843c2ca36d43cab4b217c395d05943,Solution: The diameter of the circle is the same as the length of a side of the square.
R2774,C0087,C0072,Similarity,0.395,177,7f843c2ca36d43cab4b217c395d05943,Solution: The diameter of the circle is the same as the length of a side of the square.
R2775,C0087,C0218,Similarity,0.2817,177,7f843c2ca36d43cab4b217c395d05943,Solution: The diameter of the circle is the same as the length of a side of the square.
R2776,C0087,C0775,Similarity,0.267,177,7f843c2ca36d43cab4b217c395d05943,Solution: The diameter of the circle is the same as the length of a side of the square.
R2777,C0218,C0072,Similarity,0.215,177,7f843c2ca36d43cab4b217c395d05943,Solution: The diameter of the circle is the same as the length of a side of the square.
R2778,C0218,C0087,Similarity,0.2817,177,7f843c2ca36d43cab4b217c395d05943,Solution: The diameter of the circle is the same as the length of a side of the square.
R2779,C0218,C0775,Similarity,0.3833,177,7f843c2ca36d43cab4b217c395d05943,Solution: The diameter of the circle is the same as the length of a side of the square.
R2780,C0775,C0072,Similarity,0.215,177,7f843c2ca36d43cab4b217c395d05943,Solution: The diameter of the circle is the same as the length of a side of the square.
R2781,C0775,C0087,Similarity,0.267,177,7f843c2ca36d43cab4b217c395d05943,Solution: The diameter of the circle is the same as the length of a side of the square.
R2782,C0775,C0218,Similarity,0.3833,177,7f843c2ca36d43cab4b217c395d05943,Solution: The diameter of the circle is the same as the length of a side of the square.
R2783,C0021,C0095,Application,0.215,177,fd072ec7bec94e888a55a7bf3d06a452,"www.ckl2.org 534  Area of a Sector: If r is the radius and AB is the arc bounding a sector, then A = Si™ • nr 2  Example 5: Find the area of the blue sector."
R2784,C0021,C0776,Application,0.375,177,fd072ec7bec94e888a55a7bf3d06a452,"www.ckl2.org 534  Area of a Sector: If r is the radius and AB is the arc bounding a sector, then A = Si™ • nr 2  Example 5: Find the area of the blue sector."
R2785,C0021,C0855,Application,0.401,177,fd072ec7bec94e888a55a7bf3d06a452,"www.ckl2.org 534  Area of a Sector: If r is the radius and AB is the arc bounding a sector, then A = Si™ • nr 2  Example 5: Find the area of the blue sector."
R2786,C0095,C0021,Application,0.215,177,fd072ec7bec94e888a55a7bf3d06a452,"www.ckl2.org 534  Area of a Sector: If r is the radius and AB is the arc bounding a sector, then A = Si™ • nr 2  Example 5: Find the area of the blue sector."
R2787,C0095,C0776,Application,0.3317,177,fd072ec7bec94e888a55a7bf3d06a452,"www.ckl2.org 534  Area of a Sector: If r is the radius and AB is the arc bounding a sector, then A = Si™ • nr 2  Example 5: Find the area of the blue sector."
R2788,C0095,C0855,Application,0.215,177,fd072ec7bec94e888a55a7bf3d06a452,"www.ckl2.org 534  Area of a Sector: If r is the radius and AB is the arc bounding a sector, then A = Si™ • nr 2  Example 5: Find the area of the blue sector."
R2789,C0776,C0021,Application,0.375,177,fd072ec7bec94e888a55a7bf3d06a452,"www.ckl2.org 534  Area of a Sector: If r is the radius and AB is the arc bounding a sector, then A = Si™ • nr 2  Example 5: Find the area of the blue sector."
R2790,C0776,C0095,Application,0.3317,177,fd072ec7bec94e888a55a7bf3d06a452,"www.ckl2.org 534  Area of a Sector: If r is the radius and AB is the arc bounding a sector, then A = Si™ • nr 2  Example 5: Find the area of the blue sector."
R2791,C0776,C0855,Application,0.3054,177,fd072ec7bec94e888a55a7bf3d06a452,"www.ckl2.org 534  Area of a Sector: If r is the radius and AB is the arc bounding a sector, then A = Si™ • nr 2  Example 5: Find the area of the blue sector."
R2792,C0855,C0021,Application,0.401,177,fd072ec7bec94e888a55a7bf3d06a452,"www.ckl2.org 534  Area of a Sector: If r is the radius and AB is the arc bounding a sector, then A = Si™ • nr 2  Example 5: Find the area of the blue sector."
R2793,C0855,C0095,Application,0.215,177,fd072ec7bec94e888a55a7bf3d06a452,"www.ckl2.org 534  Area of a Sector: If r is the radius and AB is the arc bounding a sector, then A = Si™ • nr 2  Example 5: Find the area of the blue sector."
R2794,C0855,C0776,Application,0.3054,177,fd072ec7bec94e888a55a7bf3d06a452,"www.ckl2.org 534  Area of a Sector: If r is the radius and AB is the arc bounding a sector, then A = Si™ • nr 2  Example 5: Find the area of the blue sector."
R2795,C0021,C0029,Part-of,0.215,177,2b501772c7194c87925a861956d921c5,"Adrcle = 16 2 7T = 2567T  A.„ /uare = (l6V2) 2 = 256-2 = 512  The area of the shaded region is 2567T - 512 « 292.25  Segments of a Circle  The last part of a circle that we can find the area of is called a segment, not to be confused with a line  segment."
R2796,C0021,C0029,Application,0.295,177,2b501772c7194c87925a861956d921c5,"Adrcle = 16 2 7T = 2567T  A.„ /uare = (l6V2) 2 = 256-2 = 512  The area of the shaded region is 2567T - 512 « 292.25  Segments of a Circle  The last part of a circle that we can find the area of is called a segment, not to be confused with a line  segment."
R2797,C0021,C0218,Part-of,0.3912,177,2b501772c7194c87925a861956d921c5,"Adrcle = 16 2 7T = 2567T  A.„ /uare = (l6V2) 2 = 256-2 = 512  The area of the shaded region is 2567T - 512 « 292.25  Segments of a Circle  The last part of a circle that we can find the area of is called a segment, not to be confused with a line  segment."
R2798,C0021,C0856,Part-of,0.2728,177,2b501772c7194c87925a861956d921c5,"Adrcle = 16 2 7T = 2567T  A.„ /uare = (l6V2) 2 = 256-2 = 512  The area of the shaded region is 2567T - 512 « 292.25  Segments of a Circle  The last part of a circle that we can find the area of is called a segment, not to be confused with a line  segment."
R2799,C0021,C0856,Application,0.4328,177,2b501772c7194c87925a861956d921c5,"Adrcle = 16 2 7T = 2567T  A.„ /uare = (l6V2) 2 = 256-2 = 512  The area of the shaded region is 2567T - 512 « 292.25  Segments of a Circle  The last part of a circle that we can find the area of is called a segment, not to be confused with a line  segment."
R2800,C0029,C0021,Part-of,0.215,177,2b501772c7194c87925a861956d921c5,"Adrcle = 16 2 7T = 2567T  A.„ /uare = (l6V2) 2 = 256-2 = 512  The area of the shaded region is 2567T - 512 « 292.25  Segments of a Circle  The last part of a circle that we can find the area of is called a segment, not to be confused with a line  segment."
R2801,C0029,C0021,Application,0.295,177,2b501772c7194c87925a861956d921c5,"Adrcle = 16 2 7T = 2567T  A.„ /uare = (l6V2) 2 = 256-2 = 512  The area of the shaded region is 2567T - 512 « 292.25  Segments of a Circle  The last part of a circle that we can find the area of is called a segment, not to be confused with a line  segment."
R2802,C0029,C0218,Application,0.4056,177,2b501772c7194c87925a861956d921c5,"Adrcle = 16 2 7T = 2567T  A.„ /uare = (l6V2) 2 = 256-2 = 512  The area of the shaded region is 2567T - 512 « 292.25  Segments of a Circle  The last part of a circle that we can find the area of is called a segment, not to be confused with a line  segment."
R2803,C0029,C0856,Part-of,0.453,177,2b501772c7194c87925a861956d921c5,"Adrcle = 16 2 7T = 2567T  A.„ /uare = (l6V2) 2 = 256-2 = 512  The area of the shaded region is 2567T - 512 « 292.25  Segments of a Circle  The last part of a circle that we can find the area of is called a segment, not to be confused with a line  segment."
R2804,C0218,C0021,Part-of,0.3912,177,2b501772c7194c87925a861956d921c5,"Adrcle = 16 2 7T = 2567T  A.„ /uare = (l6V2) 2 = 256-2 = 512  The area of the shaded region is 2567T - 512 « 292.25  Segments of a Circle  The last part of a circle that we can find the area of is called a segment, not to be confused with a line  segment."
R2805,C0218,C0029,Application,0.4056,177,2b501772c7194c87925a861956d921c5,"Adrcle = 16 2 7T = 2567T  A.„ /uare = (l6V2) 2 = 256-2 = 512  The area of the shaded region is 2567T - 512 « 292.25  Segments of a Circle  The last part of a circle that we can find the area of is called a segment, not to be confused with a line  segment."
R2806,C0218,C0856,Part-of,0.3409,177,2b501772c7194c87925a861956d921c5,"Adrcle = 16 2 7T = 2567T  A.„ /uare = (l6V2) 2 = 256-2 = 512  The area of the shaded region is 2567T - 512 « 292.25  Segments of a Circle  The last part of a circle that we can find the area of is called a segment, not to be confused with a line  segment."
R2807,C0218,C0856,Application,0.4209,177,2b501772c7194c87925a861956d921c5,"Adrcle = 16 2 7T = 2567T  A.„ /uare = (l6V2) 2 = 256-2 = 512  The area of the shaded region is 2567T - 512 « 292.25  Segments of a Circle  The last part of a circle that we can find the area of is called a segment, not to be confused with a line  segment."
R2808,C0856,C0021,Part-of,0.2728,177,2b501772c7194c87925a861956d921c5,"Adrcle = 16 2 7T = 2567T  A.„ /uare = (l6V2) 2 = 256-2 = 512  The area of the shaded region is 2567T - 512 « 292.25  Segments of a Circle  The last part of a circle that we can find the area of is called a segment, not to be confused with a line  segment."
R2809,C0856,C0021,Application,0.4328,177,2b501772c7194c87925a861956d921c5,"Adrcle = 16 2 7T = 2567T  A.„ /uare = (l6V2) 2 = 256-2 = 512  The area of the shaded region is 2567T - 512 « 292.25  Segments of a Circle  The last part of a circle that we can find the area of is called a segment, not to be confused with a line  segment."
R2810,C0856,C0029,Part-of,0.453,177,2b501772c7194c87925a861956d921c5,"Adrcle = 16 2 7T = 2567T  A.„ /uare = (l6V2) 2 = 256-2 = 512  The area of the shaded region is 2567T - 512 « 292.25  Segments of a Circle  The last part of a circle that we can find the area of is called a segment, not to be confused with a line  segment."
R2811,C0856,C0218,Part-of,0.3409,177,2b501772c7194c87925a861956d921c5,"Adrcle = 16 2 7T = 2567T  A.„ /uare = (l6V2) 2 = 256-2 = 512  The area of the shaded region is 2567T - 512 « 292.25  Segments of a Circle  The last part of a circle that we can find the area of is called a segment, not to be confused with a line  segment."
R2812,C0856,C0218,Application,0.4209,177,2b501772c7194c87925a861956d921c5,"Adrcle = 16 2 7T = 2567T  A.„ /uare = (l6V2) 2 = 256-2 = 512  The area of the shaded region is 2567T - 512 « 292.25  Segments of a Circle  The last part of a circle that we can find the area of is called a segment, not to be confused with a line  segment."
R2813,C0855,C0856,Application,0.4709,178,4b60ca51a56e441d88e09c2107121d3b,16/r  90tt  36  10/r  24tt  35tt  60  Find the area of the blue sector or segment in QA.
R2814,C0856,C0855,Application,0.4709,178,4b60ca51a56e441d88e09c2107121d3b,16/r  90tt  36  10/r  24tt  35tt  60  Find the area of the blue sector or segment in QA.
R2815,C0028,C0855,Application,0.2637,178,4b60ca51a56e441d88e09c2107121d3b,( 60tt \  /5 ij \  Find the central angle of each blue sector.
R2816,C0795,C0855,Application,0.215,178,4b60ca51a56e441d88e09c2107121d3b,( 60tt \  /5 ij \  Find the central angle of each blue sector.
R2817,C0855,C0028,Application,0.2637,178,4b60ca51a56e441d88e09c2107121d3b,( 60tt \  /5 ij \  Find the central angle of each blue sector.
R2818,C0855,C0795,Application,0.215,178,4b60ca51a56e441d88e09c2107121d3b,( 60tt \  /5 ij \  Find the central angle of each blue sector.
R2819,C0019,C0021,Application,0.215,178,173ead2bca7746628fefde7ae2f93b1d,Find the area of the right triangle.
R2820,C0021,C0019,Application,0.215,178,173ead2bca7746628fefde7ae2f93b1d,Find the area of the right triangle.
R2821,C0021,C0052,Application,0.295,179,5871d6edf0934090b815aa42c5238236,Area of a Sector: A = ^ • nr 2  • Segment of a Circle  Review Questions  Find the area and perimeter of the following figures.
R2822,C0022,C0052,Application,0.215,179,5871d6edf0934090b815aa42c5238236,Area of a Sector: A = ^ • nr 2  • Segment of a Circle  Review Questions  Find the area and perimeter of the following figures.
R2823,C0022,C0218,Application,0.2376,179,5871d6edf0934090b815aa42c5238236,Area of a Sector: A = ^ • nr 2  • Segment of a Circle  Review Questions  Find the area and perimeter of the following figures.
R2824,C0022,C0855,Application,0.2456,179,5871d6edf0934090b815aa42c5238236,Area of a Sector: A = ^ • nr 2  • Segment of a Circle  Review Questions  Find the area and perimeter of the following figures.
R2825,C0022,C0856,Application,0.3621,179,5871d6edf0934090b815aa42c5238236,Area of a Sector: A = ^ • nr 2  • Segment of a Circle  Review Questions  Find the area and perimeter of the following figures.
R2826,C0052,C0021,Application,0.295,179,5871d6edf0934090b815aa42c5238236,Area of a Sector: A = ^ • nr 2  • Segment of a Circle  Review Questions  Find the area and perimeter of the following figures.
R2827,C0052,C0022,Application,0.215,179,5871d6edf0934090b815aa42c5238236,Area of a Sector: A = ^ • nr 2  • Segment of a Circle  Review Questions  Find the area and perimeter of the following figures.
R2828,C0052,C0218,Application,0.2485,179,5871d6edf0934090b815aa42c5238236,Area of a Sector: A = ^ • nr 2  • Segment of a Circle  Review Questions  Find the area and perimeter of the following figures.
R2829,C0052,C0855,Application,0.241,179,5871d6edf0934090b815aa42c5238236,Area of a Sector: A = ^ • nr 2  • Segment of a Circle  Review Questions  Find the area and perimeter of the following figures.
R2830,C0052,C0856,Application,0.215,179,5871d6edf0934090b815aa42c5238236,Area of a Sector: A = ^ • nr 2  • Segment of a Circle  Review Questions  Find the area and perimeter of the following figures.
R2831,C0218,C0022,Application,0.2376,179,5871d6edf0934090b815aa42c5238236,Area of a Sector: A = ^ • nr 2  • Segment of a Circle  Review Questions  Find the area and perimeter of the following figures.
R2832,C0218,C0052,Application,0.2485,179,5871d6edf0934090b815aa42c5238236,Area of a Sector: A = ^ • nr 2  • Segment of a Circle  Review Questions  Find the area and perimeter of the following figures.
R2833,C0218,C0855,Application,0.2762,179,5871d6edf0934090b815aa42c5238236,Area of a Sector: A = ^ • nr 2  • Segment of a Circle  Review Questions  Find the area and perimeter of the following figures.
R2834,C0855,C0022,Application,0.2456,179,5871d6edf0934090b815aa42c5238236,Area of a Sector: A = ^ • nr 2  • Segment of a Circle  Review Questions  Find the area and perimeter of the following figures.
R2835,C0855,C0052,Application,0.241,179,5871d6edf0934090b815aa42c5238236,Area of a Sector: A = ^ • nr 2  • Segment of a Circle  Review Questions  Find the area and perimeter of the following figures.
R2836,C0855,C0218,Application,0.2762,179,5871d6edf0934090b815aa42c5238236,Area of a Sector: A = ^ • nr 2  • Segment of a Circle  Review Questions  Find the area and perimeter of the following figures.
R2837,C0856,C0022,Application,0.3621,179,5871d6edf0934090b815aa42c5238236,Area of a Sector: A = ^ • nr 2  • Segment of a Circle  Review Questions  Find the area and perimeter of the following figures.
R2838,C0856,C0052,Application,0.215,179,5871d6edf0934090b815aa42c5238236,Area of a Sector: A = ^ • nr 2  • Segment of a Circle  Review Questions  Find the area and perimeter of the following figures.
R2839,C0021,C0847,Application,0.295,179,5871d6edf0934090b815aa42c5238236,Find the area and circumference of a circle with radius 17.
R2840,C0847,C0021,Application,0.295,179,5871d6edf0934090b815aa42c5238236,Find the area and circumference of a circle with radius 17.
R2841,C0775,C0847,Application,0.215,179,5871d6edf0934090b815aa42c5238236,Find the area and circumference of a circle with diameter 30.
R2842,C0847,C0775,Application,0.215,179,5871d6edf0934090b815aa42c5238236,Find the area and circumference of a circle with diameter 30.
R2843,C0722,C0021,Prerequisite,0.42,179,e83115e74d5f41c49a2586b7ee97d23d,"Then, we will find the surface area and  volume of prisms, cylinders, pyramids, cones, and spheres."
R2844,C0876,C0218,Prerequisite,0.3908,179,e83115e74d5f41c49a2586b7ee97d23d,"Then, we will find the surface area and  volume of prisms, cylinders, pyramids, cones, and spheres."
R2845,C0889,C0218,Prerequisite,0.4039,179,e83115e74d5f41c49a2586b7ee97d23d,"Then, we will find the surface area and  volume of prisms, cylinders, pyramids, cones, and spheres."
R2846,C0021,C0023,Application,0.506,179,e83115e74d5f41c49a2586b7ee97d23d,"Then, we will find the surface area and  volume of prisms, cylinders, pyramids, cones, and spheres."
R2847,C0021,C0024,Application,0.4893,179,e83115e74d5f41c49a2586b7ee97d23d,"Then, we will find the surface area and  volume of prisms, cylinders, pyramids, cones, and spheres."
R2848,C0023,C0021,Application,0.506,179,e83115e74d5f41c49a2586b7ee97d23d,"Then, we will find the surface area and  volume of prisms, cylinders, pyramids, cones, and spheres."
R2849,C0023,C0024,Application,0.4448,179,e83115e74d5f41c49a2586b7ee97d23d,"Then, we will find the surface area and  volume of prisms, cylinders, pyramids, cones, and spheres."
R2850,C0024,C0021,Application,0.4893,179,e83115e74d5f41c49a2586b7ee97d23d,"Then, we will find the surface area and  volume of prisms, cylinders, pyramids, cones, and spheres."
R2851,C0024,C0023,Application,0.4448,179,e83115e74d5f41c49a2586b7ee97d23d,"Then, we will find the surface area and  volume of prisms, cylinders, pyramids, cones, and spheres."
R2852,C0164,C0206,Application,0.4812,180,2d011691559e498baea445bb4aeabafc,"If the solid is a polyhedron, name it and  find the number of faces, edges and vertices each has."
R2853,C0164,C0858,Application,0.215,180,2d011691559e498baea445bb4aeabafc,"If the solid is a polyhedron, name it and  find the number of faces, edges and vertices each has."
R2854,C0206,C0164,Application,0.4812,180,2d011691559e498baea445bb4aeabafc,"If the solid is a polyhedron, name it and  find the number of faces, edges and vertices each has."
R2855,C0206,C0858,Application,0.215,180,2d011691559e498baea445bb4aeabafc,"If the solid is a polyhedron, name it and  find the number of faces, edges and vertices each has."
R2856,C0858,C0164,Application,0.215,180,2d011691559e498baea445bb4aeabafc,"If the solid is a polyhedron, name it and  find the number of faces, edges and vertices each has."
R2857,C0858,C0206,Application,0.215,180,2d011691559e498baea445bb4aeabafc,"If the solid is a polyhedron, name it and  find the number of faces, edges and vertices each has."
R2858,C0164,C0722,Application,0.2535,180,5f32a87c944c40d595892a2e43f568c1,"Example 2: Find the number of faces, vertices, and edges in the octagonal prism."
R2859,C0164,C0896,Application,0.215,180,5f32a87c944c40d595892a2e43f568c1,"Example 2: Find the number of faces, vertices, and edges in the octagonal prism."
R2860,C0206,C0722,Application,0.2358,180,5f32a87c944c40d595892a2e43f568c1,"Example 2: Find the number of faces, vertices, and edges in the octagonal prism."
R2861,C0206,C0896,Application,0.215,180,5f32a87c944c40d595892a2e43f568c1,"Example 2: Find the number of faces, vertices, and edges in the octagonal prism."
R2862,C0722,C0164,Application,0.2535,180,5f32a87c944c40d595892a2e43f568c1,"Example 2: Find the number of faces, vertices, and edges in the octagonal prism."
R2863,C0722,C0206,Application,0.2358,180,5f32a87c944c40d595892a2e43f568c1,"Example 2: Find the number of faces, vertices, and edges in the octagonal prism."
R2864,C0722,C0896,Application,0.3178,180,5f32a87c944c40d595892a2e43f568c1,"Example 2: Find the number of faces, vertices, and edges in the octagonal prism."
R2865,C0896,C0164,Application,0.215,180,5f32a87c944c40d595892a2e43f568c1,"Example 2: Find the number of faces, vertices, and edges in the octagonal prism."
R2866,C0896,C0206,Application,0.215,180,5f32a87c944c40d595892a2e43f568c1,"Example 2: Find the number of faces, vertices, and edges in the octagonal prism."
R2867,C0896,C0722,Application,0.3178,180,5f32a87c944c40d595892a2e43f568c1,"Example 2: Find the number of faces, vertices, and edges in the octagonal prism."
R2868,C0873,C0026,Prerequisite,0.4368,181,25cf41f3253b4de0924757aeaf73b2c5,"o  regular  tetrahedron  ^#  cube regular regular regular  octahedron dodecagon icosahedron  Cross-Sections  One way to ""view"" a three-dimensional figure in a two-dimensional plane, like in this text, is to use  cross-sections."
R2869,C0026,C0059,Similarity,0.3167,181,25cf41f3253b4de0924757aeaf73b2c5,"o  regular  tetrahedron  ^#  cube regular regular regular  octahedron dodecagon icosahedron  Cross-Sections  One way to ""view"" a three-dimensional figure in a two-dimensional plane, like in this text, is to use  cross-sections."
R2870,C0026,C0174,Similarity,0.84,181,25cf41f3253b4de0924757aeaf73b2c5,"o  regular  tetrahedron  ^#  cube regular regular regular  octahedron dodecagon icosahedron  Cross-Sections  One way to ""view"" a three-dimensional figure in a two-dimensional plane, like in this text, is to use  cross-sections."
R2871,C0026,C0202,Similarity,0.2417,181,25cf41f3253b4de0924757aeaf73b2c5,"o  regular  tetrahedron  ^#  cube regular regular regular  octahedron dodecagon icosahedron  Cross-Sections  One way to ""view"" a three-dimensional figure in a two-dimensional plane, like in this text, is to use  cross-sections."
R2872,C0026,C0605,Similarity,0.241,181,25cf41f3253b4de0924757aeaf73b2c5,"o  regular  tetrahedron  ^#  cube regular regular regular  octahedron dodecagon icosahedron  Cross-Sections  One way to ""view"" a three-dimensional figure in a two-dimensional plane, like in this text, is to use  cross-sections."
R2873,C0026,C0869,Similarity,0.84,181,25cf41f3253b4de0924757aeaf73b2c5,"o  regular  tetrahedron  ^#  cube regular regular regular  octahedron dodecagon icosahedron  Cross-Sections  One way to ""view"" a three-dimensional figure in a two-dimensional plane, like in this text, is to use  cross-sections."
R2874,C0026,C0883,Similarity,0.2786,181,25cf41f3253b4de0924757aeaf73b2c5,"o  regular  tetrahedron  ^#  cube regular regular regular  octahedron dodecagon icosahedron  Cross-Sections  One way to ""view"" a three-dimensional figure in a two-dimensional plane, like in this text, is to use  cross-sections."
R2875,C0059,C0026,Similarity,0.3167,181,25cf41f3253b4de0924757aeaf73b2c5,"o  regular  tetrahedron  ^#  cube regular regular regular  octahedron dodecagon icosahedron  Cross-Sections  One way to ""view"" a three-dimensional figure in a two-dimensional plane, like in this text, is to use  cross-sections."
R2876,C0059,C0174,Similarity,0.2367,181,25cf41f3253b4de0924757aeaf73b2c5,"o  regular  tetrahedron  ^#  cube regular regular regular  octahedron dodecagon icosahedron  Cross-Sections  One way to ""view"" a three-dimensional figure in a two-dimensional plane, like in this text, is to use  cross-sections."
R2877,C0059,C0605,Similarity,0.215,181,25cf41f3253b4de0924757aeaf73b2c5,"o  regular  tetrahedron  ^#  cube regular regular regular  octahedron dodecagon icosahedron  Cross-Sections  One way to ""view"" a three-dimensional figure in a two-dimensional plane, like in this text, is to use  cross-sections."
R2878,C0059,C0869,Similarity,0.2367,181,25cf41f3253b4de0924757aeaf73b2c5,"o  regular  tetrahedron  ^#  cube regular regular regular  octahedron dodecagon icosahedron  Cross-Sections  One way to ""view"" a three-dimensional figure in a two-dimensional plane, like in this text, is to use  cross-sections."
R2879,C0059,C0883,Similarity,0.255,181,25cf41f3253b4de0924757aeaf73b2c5,"o  regular  tetrahedron  ^#  cube regular regular regular  octahedron dodecagon icosahedron  Cross-Sections  One way to ""view"" a three-dimensional figure in a two-dimensional plane, like in this text, is to use  cross-sections."
R2880,C0174,C0026,Similarity,0.84,181,25cf41f3253b4de0924757aeaf73b2c5,"o  regular  tetrahedron  ^#  cube regular regular regular  octahedron dodecagon icosahedron  Cross-Sections  One way to ""view"" a three-dimensional figure in a two-dimensional plane, like in this text, is to use  cross-sections."
R2881,C0174,C0059,Similarity,0.2367,181,25cf41f3253b4de0924757aeaf73b2c5,"o  regular  tetrahedron  ^#  cube regular regular regular  octahedron dodecagon icosahedron  Cross-Sections  One way to ""view"" a three-dimensional figure in a two-dimensional plane, like in this text, is to use  cross-sections."
R2882,C0174,C0202,Similarity,0.2417,181,25cf41f3253b4de0924757aeaf73b2c5,"o  regular  tetrahedron  ^#  cube regular regular regular  octahedron dodecagon icosahedron  Cross-Sections  One way to ""view"" a three-dimensional figure in a two-dimensional plane, like in this text, is to use  cross-sections."
R2883,C0174,C0605,Similarity,0.241,181,25cf41f3253b4de0924757aeaf73b2c5,"o  regular  tetrahedron  ^#  cube regular regular regular  octahedron dodecagon icosahedron  Cross-Sections  One way to ""view"" a three-dimensional figure in a two-dimensional plane, like in this text, is to use  cross-sections."
R2884,C0174,C0869,Similarity,0.84,181,25cf41f3253b4de0924757aeaf73b2c5,"o  regular  tetrahedron  ^#  cube regular regular regular  octahedron dodecagon icosahedron  Cross-Sections  One way to ""view"" a three-dimensional figure in a two-dimensional plane, like in this text, is to use  cross-sections."
R2885,C0174,C0883,Similarity,0.2786,181,25cf41f3253b4de0924757aeaf73b2c5,"o  regular  tetrahedron  ^#  cube regular regular regular  octahedron dodecagon icosahedron  Cross-Sections  One way to ""view"" a three-dimensional figure in a two-dimensional plane, like in this text, is to use  cross-sections."
R2886,C0202,C0026,Similarity,0.2417,181,25cf41f3253b4de0924757aeaf73b2c5,"o  regular  tetrahedron  ^#  cube regular regular regular  octahedron dodecagon icosahedron  Cross-Sections  One way to ""view"" a three-dimensional figure in a two-dimensional plane, like in this text, is to use  cross-sections."
R2887,C0202,C0174,Similarity,0.2417,181,25cf41f3253b4de0924757aeaf73b2c5,"o  regular  tetrahedron  ^#  cube regular regular regular  octahedron dodecagon icosahedron  Cross-Sections  One way to ""view"" a three-dimensional figure in a two-dimensional plane, like in this text, is to use  cross-sections."
R2888,C0202,C0605,Similarity,0.215,181,25cf41f3253b4de0924757aeaf73b2c5,"o  regular  tetrahedron  ^#  cube regular regular regular  octahedron dodecagon icosahedron  Cross-Sections  One way to ""view"" a three-dimensional figure in a two-dimensional plane, like in this text, is to use  cross-sections."
R2889,C0202,C0869,Similarity,0.2417,181,25cf41f3253b4de0924757aeaf73b2c5,"o  regular  tetrahedron  ^#  cube regular regular regular  octahedron dodecagon icosahedron  Cross-Sections  One way to ""view"" a three-dimensional figure in a two-dimensional plane, like in this text, is to use  cross-sections."
R2890,C0202,C0883,Similarity,0.2329,181,25cf41f3253b4de0924757aeaf73b2c5,"o  regular  tetrahedron  ^#  cube regular regular regular  octahedron dodecagon icosahedron  Cross-Sections  One way to ""view"" a three-dimensional figure in a two-dimensional plane, like in this text, is to use  cross-sections."
R2891,C0605,C0026,Similarity,0.241,181,25cf41f3253b4de0924757aeaf73b2c5,"o  regular  tetrahedron  ^#  cube regular regular regular  octahedron dodecagon icosahedron  Cross-Sections  One way to ""view"" a three-dimensional figure in a two-dimensional plane, like in this text, is to use  cross-sections."
R2892,C0605,C0059,Similarity,0.215,181,25cf41f3253b4de0924757aeaf73b2c5,"o  regular  tetrahedron  ^#  cube regular regular regular  octahedron dodecagon icosahedron  Cross-Sections  One way to ""view"" a three-dimensional figure in a two-dimensional plane, like in this text, is to use  cross-sections."
R2893,C0605,C0174,Similarity,0.241,181,25cf41f3253b4de0924757aeaf73b2c5,"o  regular  tetrahedron  ^#  cube regular regular regular  octahedron dodecagon icosahedron  Cross-Sections  One way to ""view"" a three-dimensional figure in a two-dimensional plane, like in this text, is to use  cross-sections."
R2894,C0605,C0202,Similarity,0.215,181,25cf41f3253b4de0924757aeaf73b2c5,"o  regular  tetrahedron  ^#  cube regular regular regular  octahedron dodecagon icosahedron  Cross-Sections  One way to ""view"" a three-dimensional figure in a two-dimensional plane, like in this text, is to use  cross-sections."
R2895,C0605,C0869,Similarity,0.241,181,25cf41f3253b4de0924757aeaf73b2c5,"o  regular  tetrahedron  ^#  cube regular regular regular  octahedron dodecagon icosahedron  Cross-Sections  One way to ""view"" a three-dimensional figure in a two-dimensional plane, like in this text, is to use  cross-sections."
R2896,C0605,C0883,Similarity,0.215,181,25cf41f3253b4de0924757aeaf73b2c5,"o  regular  tetrahedron  ^#  cube regular regular regular  octahedron dodecagon icosahedron  Cross-Sections  One way to ""view"" a three-dimensional figure in a two-dimensional plane, like in this text, is to use  cross-sections."
R2897,C0869,C0026,Similarity,0.84,181,25cf41f3253b4de0924757aeaf73b2c5,"o  regular  tetrahedron  ^#  cube regular regular regular  octahedron dodecagon icosahedron  Cross-Sections  One way to ""view"" a three-dimensional figure in a two-dimensional plane, like in this text, is to use  cross-sections."
R2898,C0869,C0059,Similarity,0.2367,181,25cf41f3253b4de0924757aeaf73b2c5,"o  regular  tetrahedron  ^#  cube regular regular regular  octahedron dodecagon icosahedron  Cross-Sections  One way to ""view"" a three-dimensional figure in a two-dimensional plane, like in this text, is to use  cross-sections."
R2899,C0869,C0174,Similarity,0.84,181,25cf41f3253b4de0924757aeaf73b2c5,"o  regular  tetrahedron  ^#  cube regular regular regular  octahedron dodecagon icosahedron  Cross-Sections  One way to ""view"" a three-dimensional figure in a two-dimensional plane, like in this text, is to use  cross-sections."
R2900,C0869,C0202,Similarity,0.2417,181,25cf41f3253b4de0924757aeaf73b2c5,"o  regular  tetrahedron  ^#  cube regular regular regular  octahedron dodecagon icosahedron  Cross-Sections  One way to ""view"" a three-dimensional figure in a two-dimensional plane, like in this text, is to use  cross-sections."
R2901,C0869,C0605,Similarity,0.241,181,25cf41f3253b4de0924757aeaf73b2c5,"o  regular  tetrahedron  ^#  cube regular regular regular  octahedron dodecagon icosahedron  Cross-Sections  One way to ""view"" a three-dimensional figure in a two-dimensional plane, like in this text, is to use  cross-sections."
R2902,C0869,C0883,Similarity,0.2786,181,25cf41f3253b4de0924757aeaf73b2c5,"o  regular  tetrahedron  ^#  cube regular regular regular  octahedron dodecagon icosahedron  Cross-Sections  One way to ""view"" a three-dimensional figure in a two-dimensional plane, like in this text, is to use  cross-sections."
R2903,C0883,C0026,Similarity,0.2786,181,25cf41f3253b4de0924757aeaf73b2c5,"o  regular  tetrahedron  ^#  cube regular regular regular  octahedron dodecagon icosahedron  Cross-Sections  One way to ""view"" a three-dimensional figure in a two-dimensional plane, like in this text, is to use  cross-sections."
R2904,C0883,C0059,Similarity,0.255,181,25cf41f3253b4de0924757aeaf73b2c5,"o  regular  tetrahedron  ^#  cube regular regular regular  octahedron dodecagon icosahedron  Cross-Sections  One way to ""view"" a three-dimensional figure in a two-dimensional plane, like in this text, is to use  cross-sections."
R2905,C0883,C0174,Similarity,0.2786,181,25cf41f3253b4de0924757aeaf73b2c5,"o  regular  tetrahedron  ^#  cube regular regular regular  octahedron dodecagon icosahedron  Cross-Sections  One way to ""view"" a three-dimensional figure in a two-dimensional plane, like in this text, is to use  cross-sections."
R2906,C0883,C0202,Similarity,0.2329,181,25cf41f3253b4de0924757aeaf73b2c5,"o  regular  tetrahedron  ^#  cube regular regular regular  octahedron dodecagon icosahedron  Cross-Sections  One way to ""view"" a three-dimensional figure in a two-dimensional plane, like in this text, is to use  cross-sections."
R2907,C0883,C0605,Similarity,0.215,181,25cf41f3253b4de0924757aeaf73b2c5,"o  regular  tetrahedron  ^#  cube regular regular regular  octahedron dodecagon icosahedron  Cross-Sections  One way to ""view"" a three-dimensional figure in a two-dimensional plane, like in this text, is to use  cross-sections."
R2908,C0883,C0869,Similarity,0.2786,181,25cf41f3253b4de0924757aeaf73b2c5,"o  regular  tetrahedron  ^#  cube regular regular regular  octahedron dodecagon icosahedron  Cross-Sections  One way to ""view"" a three-dimensional figure in a two-dimensional plane, like in this text, is to use  cross-sections."
R2909,C0021,C0722,Application,0.42,183,0c44625d854044b9b6877b3778c71502,Learning Objectives  • Find the surface area of a prism and cylinder.
R2910,C0021,C0876,Application,0.4893,183,0c44625d854044b9b6877b3778c71502,Learning Objectives  • Find the surface area of a prism and cylinder.
R2911,C0023,C0037,Application,0.3908,183,0c44625d854044b9b6877b3778c71502,Learning Objectives  • Find the surface area of a prism and cylinder.
R2912,C0023,C0722,Application,0.4373,183,0c44625d854044b9b6877b3778c71502,Learning Objectives  • Find the surface area of a prism and cylinder.
R2913,C0023,C0876,Application,0.4448,183,0c44625d854044b9b6877b3778c71502,Learning Objectives  • Find the surface area of a prism and cylinder.
R2914,C0037,C0023,Application,0.3908,183,0c44625d854044b9b6877b3778c71502,Learning Objectives  • Find the surface area of a prism and cylinder.
R2915,C0037,C0722,Application,0.2431,183,0c44625d854044b9b6877b3778c71502,Learning Objectives  • Find the surface area of a prism and cylinder.
R2916,C0037,C0876,Application,0.2521,183,0c44625d854044b9b6877b3778c71502,Learning Objectives  • Find the surface area of a prism and cylinder.
R2917,C0722,C0021,Application,0.42,183,0c44625d854044b9b6877b3778c71502,Learning Objectives  • Find the surface area of a prism and cylinder.
R2918,C0722,C0023,Application,0.4373,183,0c44625d854044b9b6877b3778c71502,Learning Objectives  • Find the surface area of a prism and cylinder.
R2919,C0722,C0037,Application,0.2431,183,0c44625d854044b9b6877b3778c71502,Learning Objectives  • Find the surface area of a prism and cylinder.
R2920,C0722,C0876,Application,0.3816,183,0c44625d854044b9b6877b3778c71502,Learning Objectives  • Find the surface area of a prism and cylinder.
R2921,C0876,C0021,Application,0.4893,183,0c44625d854044b9b6877b3778c71502,Learning Objectives  • Find the surface area of a prism and cylinder.
R2922,C0876,C0023,Application,0.4448,183,0c44625d854044b9b6877b3778c71502,Learning Objectives  • Find the surface area of a prism and cylinder.
R2923,C0876,C0037,Application,0.2521,183,0c44625d854044b9b6877b3778c71502,Learning Objectives  • Find the surface area of a prism and cylinder.
R2924,C0876,C0722,Application,0.3816,183,0c44625d854044b9b6877b3778c71502,Learning Objectives  • Find the surface area of a prism and cylinder.
R2925,C0021,C0448,Application,0.2376,183,b0346487e55840018cd842dad4d828e7,"To find the surface area, we need to find the length of the  hypotenuse of the base because it is the width of one of the lateral faces."
R2926,C0023,C0202,Application,0.2308,183,b0346487e55840018cd842dad4d828e7,"To find the surface area, we need to find the length of the  hypotenuse of the base because it is the width of one of the lateral faces."
R2927,C0023,C0448,Application,0.2336,183,b0346487e55840018cd842dad4d828e7,"To find the surface area, we need to find the length of the  hypotenuse of the base because it is the width of one of the lateral faces."
R2928,C0023,C0477,Application,0.401,183,b0346487e55840018cd842dad4d828e7,"To find the surface area, we need to find the length of the  hypotenuse of the base because it is the width of one of the lateral faces."
R2929,C0202,C0023,Application,0.2308,183,b0346487e55840018cd842dad4d828e7,"To find the surface area, we need to find the length of the  hypotenuse of the base because it is the width of one of the lateral faces."
R2930,C0202,C0477,Application,0.2535,183,b0346487e55840018cd842dad4d828e7,"To find the surface area, we need to find the length of the  hypotenuse of the base because it is the width of one of the lateral faces."
R2931,C0448,C0021,Application,0.2376,183,b0346487e55840018cd842dad4d828e7,"To find the surface area, we need to find the length of the  hypotenuse of the base because it is the width of one of the lateral faces."
R2932,C0448,C0023,Application,0.2336,183,b0346487e55840018cd842dad4d828e7,"To find the surface area, we need to find the length of the  hypotenuse of the base because it is the width of one of the lateral faces."
R2933,C0448,C0477,Application,0.2826,183,b0346487e55840018cd842dad4d828e7,"To find the surface area, we need to find the length of the  hypotenuse of the base because it is the width of one of the lateral faces."
R2934,C0477,C0023,Application,0.401,183,b0346487e55840018cd842dad4d828e7,"To find the surface area, we need to find the length of the  hypotenuse of the base because it is the width of one of the lateral faces."
R2935,C0477,C0202,Application,0.2535,183,b0346487e55840018cd842dad4d828e7,"To find the surface area, we need to find the length of the  hypotenuse of the base because it is the width of one of the lateral faces."
R2936,C0477,C0448,Application,0.2826,183,b0346487e55840018cd842dad4d828e7,"To find the surface area, we need to find the length of the  hypotenuse of the base because it is the width of one of the lateral faces."
R2937,C0202,C0876,Similarity,0.2329,183,b0346487e55840018cd842dad4d828e7,"A cylinder can also be oblique, like the one on the far right."
R2938,C0876,C0202,Similarity,0.2329,183,b0346487e55840018cd842dad4d828e7,"A cylinder can also be oblique, like the one on the far right."
R2939,C0021,C0878,Application,0.325,183,b0346487e55840018cd842dad4d828e7,radius  height  radius  height  Surface Area of a Right Cylinder  Let's find the net of a right cylinder.
R2940,C0023,C0776,Application,0.395,183,b0346487e55840018cd842dad4d828e7,radius  height  radius  height  Surface Area of a Right Cylinder  Let's find the net of a right cylinder.
R2941,C0023,C0878,Application,0.338,183,b0346487e55840018cd842dad4d828e7,radius  height  radius  height  Surface Area of a Right Cylinder  Let's find the net of a right cylinder.
R2942,C0776,C0023,Application,0.395,183,b0346487e55840018cd842dad4d828e7,radius  height  radius  height  Surface Area of a Right Cylinder  Let's find the net of a right cylinder.
R2943,C0776,C0876,Application,0.215,183,b0346487e55840018cd842dad4d828e7,radius  height  radius  height  Surface Area of a Right Cylinder  Let's find the net of a right cylinder.
R2944,C0776,C0878,Application,0.2376,183,b0346487e55840018cd842dad4d828e7,radius  height  radius  height  Surface Area of a Right Cylinder  Let's find the net of a right cylinder.
R2945,C0876,C0776,Application,0.215,183,b0346487e55840018cd842dad4d828e7,radius  height  radius  height  Surface Area of a Right Cylinder  Let's find the net of a right cylinder.
R2946,C0876,C0878,Application,0.3575,183,b0346487e55840018cd842dad4d828e7,radius  height  radius  height  Surface Area of a Right Cylinder  Let's find the net of a right cylinder.
R2947,C0878,C0021,Application,0.325,183,b0346487e55840018cd842dad4d828e7,radius  height  radius  height  Surface Area of a Right Cylinder  Let's find the net of a right cylinder.
R2948,C0878,C0023,Application,0.338,183,b0346487e55840018cd842dad4d828e7,radius  height  radius  height  Surface Area of a Right Cylinder  Let's find the net of a right cylinder.
R2949,C0878,C0776,Application,0.2376,183,b0346487e55840018cd842dad4d828e7,radius  height  radius  height  Surface Area of a Right Cylinder  Let's find the net of a right cylinder.
R2950,C0878,C0876,Application,0.3575,183,b0346487e55840018cd842dad4d828e7,radius  height  radius  height  Surface Area of a Right Cylinder  Let's find the net of a right cylinder.
R2951,C0045,C0059,Similarity,0.4166,184,b59299129b8c44bc951dfff3db3db02f,• Questions 25-30 use the Pythagorean Theorem and are similar to Examples 1-3.
R2952,C0045,C0347,Similarity,0.4223,184,b59299129b8c44bc951dfff3db3db02f,• Questions 25-30 use the Pythagorean Theorem and are similar to Examples 1-3.
R2953,C0059,C0045,Similarity,0.4166,184,b59299129b8c44bc951dfff3db3db02f,• Questions 25-30 use the Pythagorean Theorem and are similar to Examples 1-3.
R2954,C0059,C0347,Similarity,0.3923,184,b59299129b8c44bc951dfff3db3db02f,• Questions 25-30 use the Pythagorean Theorem and are similar to Examples 1-3.
R2955,C0347,C0045,Similarity,0.4223,184,b59299129b8c44bc951dfff3db3db02f,• Questions 25-30 use the Pythagorean Theorem and are similar to Examples 1-3.
R2956,C0347,C0059,Similarity,0.3923,184,b59299129b8c44bc951dfff3db3db02f,• Questions 25-30 use the Pythagorean Theorem and are similar to Examples 1-3.
R2957,C0021,C0067,Application,0.295,185,1a0e4d3e628e4f0097e08b06bf4d153a,"R  18  Algebra Connection Find the value of x, given the surface area."
R2958,C0021,C0246,Application,0.295,185,1a0e4d3e628e4f0097e08b06bf4d153a,"R  18  Algebra Connection Find the value of x, given the surface area."
R2959,C0023,C0067,Application,0.3366,185,1a0e4d3e628e4f0097e08b06bf4d153a,"R  18  Algebra Connection Find the value of x, given the surface area."
R2960,C0023,C0246,Application,0.321,185,1a0e4d3e628e4f0097e08b06bf4d153a,"R  18  Algebra Connection Find the value of x, given the surface area."
R2961,C0067,C0021,Application,0.295,185,1a0e4d3e628e4f0097e08b06bf4d153a,"R  18  Algebra Connection Find the value of x, given the surface area."
R2962,C0067,C0023,Application,0.3366,185,1a0e4d3e628e4f0097e08b06bf4d153a,"R  18  Algebra Connection Find the value of x, given the surface area."
R2963,C0067,C0246,Application,0.3198,185,1a0e4d3e628e4f0097e08b06bf4d153a,"R  18  Algebra Connection Find the value of x, given the surface area."
R2964,C0246,C0021,Application,0.295,185,1a0e4d3e628e4f0097e08b06bf4d153a,"R  18  Algebra Connection Find the value of x, given the surface area."
R2965,C0246,C0023,Application,0.321,185,1a0e4d3e628e4f0097e08b06bf4d153a,"R  18  Algebra Connection Find the value of x, given the surface area."
R2966,C0246,C0067,Application,0.3198,185,1a0e4d3e628e4f0097e08b06bf4d153a,"R  18  Algebra Connection Find the value of x, given the surface area."
R2967,C0722,C0862,Similarity,0.84,185,1a0e4d3e628e4f0097e08b06bf4d153a,The barn is shaped like a pentagonal prism with dimensions  shown in feet.
R2968,C0862,C0722,Similarity,0.84,185,1a0e4d3e628e4f0097e08b06bf4d153a,The barn is shaped like a pentagonal prism with dimensions  shown in feet.
R2969,C0021,C0325,Application,0.215,185,1a0e4d3e628e4f0097e08b06bf4d153a,(HINT: Find the area of two congruent  trapezoids for each side)  30.
R2970,C0072,C0325,Application,0.2386,185,1a0e4d3e628e4f0097e08b06bf4d153a,(HINT: Find the area of two congruent  trapezoids for each side)  30.
R2971,C0325,C0021,Application,0.215,185,1a0e4d3e628e4f0097e08b06bf4d153a,(HINT: Find the area of two congruent  trapezoids for each side)  30.
R2972,C0325,C0072,Application,0.2386,185,1a0e4d3e628e4f0097e08b06bf4d153a,(HINT: Find the area of two congruent  trapezoids for each side)  30.
R2973,C0087,C0112,Application,0.3099,185,6f5a870278bf4d7aa75ba70fc3b9f62a,Example 1: Find the slant height of the square pyramid.
R2974,C0087,C0900,Application,0.215,185,6f5a870278bf4d7aa75ba70fc3b9f62a,Example 1: Find the slant height of the square pyramid.
R2975,C0112,C0087,Application,0.3099,185,6f5a870278bf4d7aa75ba70fc3b9f62a,Example 1: Find the slant height of the square pyramid.
R2976,C0112,C0900,Application,0.4812,185,6f5a870278bf4d7aa75ba70fc3b9f62a,Example 1: Find the slant height of the square pyramid.
R2977,C0900,C0087,Application,0.215,185,6f5a870278bf4d7aa75ba70fc3b9f62a,Example 1: Find the slant height of the square pyramid.
R2978,C0900,C0112,Application,0.4812,185,6f5a870278bf4d7aa75ba70fc3b9f62a,Example 1: Find the slant height of the square pyramid.
R2979,C0021,C0112,Application,0.4417,185,48d0ec06a55142248d164b8ebc90d1f9,"8 2 + 24 2 = I 2  640 = I 2  1= V640 = 8VlO  Surface Area of a Regular Pyramid  Using the slant height, which is labeled /, the area of each triangular face is A  Example 2: Find the surface area of the pyramid from Example 1."
R2980,C0021,C0881,Application,0.3617,185,48d0ec06a55142248d164b8ebc90d1f9,"8 2 + 24 2 = I 2  640 = I 2  1= V640 = 8VlO  Surface Area of a Regular Pyramid  Using the slant height, which is labeled /, the area of each triangular face is A  Example 2: Find the surface area of the pyramid from Example 1."
R2981,C0021,C0883,Application,0.4525,185,48d0ec06a55142248d164b8ebc90d1f9,"8 2 + 24 2 = I 2  640 = I 2  1= V640 = 8VlO  Surface Area of a Regular Pyramid  Using the slant height, which is labeled /, the area of each triangular face is A  Example 2: Find the surface area of the pyramid from Example 1."
R2982,C0021,C0900,Application,0.26,185,48d0ec06a55142248d164b8ebc90d1f9,"8 2 + 24 2 = I 2  640 = I 2  1= V640 = 8VlO  Surface Area of a Regular Pyramid  Using the slant height, which is labeled /, the area of each triangular face is A  Example 2: Find the surface area of the pyramid from Example 1."
R2983,C0023,C0112,Application,0.3978,185,48d0ec06a55142248d164b8ebc90d1f9,"8 2 + 24 2 = I 2  640 = I 2  1= V640 = 8VlO  Surface Area of a Regular Pyramid  Using the slant height, which is labeled /, the area of each triangular face is A  Example 2: Find the surface area of the pyramid from Example 1."
R2984,C0023,C0881,Application,0.3178,185,48d0ec06a55142248d164b8ebc90d1f9,"8 2 + 24 2 = I 2  640 = I 2  1= V640 = 8VlO  Surface Area of a Regular Pyramid  Using the slant height, which is labeled /, the area of each triangular face is A  Example 2: Find the surface area of the pyramid from Example 1."
R2985,C0023,C0883,Application,0.472,185,48d0ec06a55142248d164b8ebc90d1f9,"8 2 + 24 2 = I 2  640 = I 2  1= V640 = 8VlO  Surface Area of a Regular Pyramid  Using the slant height, which is labeled /, the area of each triangular face is A  Example 2: Find the surface area of the pyramid from Example 1."
R2986,C0023,C0900,Application,0.26,185,48d0ec06a55142248d164b8ebc90d1f9,"8 2 + 24 2 = I 2  640 = I 2  1= V640 = 8VlO  Surface Area of a Regular Pyramid  Using the slant height, which is labeled /, the area of each triangular face is A  Example 2: Find the surface area of the pyramid from Example 1."
R2987,C0112,C0021,Application,0.4417,185,48d0ec06a55142248d164b8ebc90d1f9,"8 2 + 24 2 = I 2  640 = I 2  1= V640 = 8VlO  Surface Area of a Regular Pyramid  Using the slant height, which is labeled /, the area of each triangular face is A  Example 2: Find the surface area of the pyramid from Example 1."
R2988,C0112,C0023,Application,0.3978,185,48d0ec06a55142248d164b8ebc90d1f9,"8 2 + 24 2 = I 2  640 = I 2  1= V640 = 8VlO  Surface Area of a Regular Pyramid  Using the slant height, which is labeled /, the area of each triangular face is A  Example 2: Find the surface area of the pyramid from Example 1."
R2989,C0112,C0881,Application,1.0,185,48d0ec06a55142248d164b8ebc90d1f9,"8 2 + 24 2 = I 2  640 = I 2  1= V640 = 8VlO  Surface Area of a Regular Pyramid  Using the slant height, which is labeled /, the area of each triangular face is A  Example 2: Find the surface area of the pyramid from Example 1."
R2990,C0112,C0883,Application,0.5233,185,48d0ec06a55142248d164b8ebc90d1f9,"8 2 + 24 2 = I 2  640 = I 2  1= V640 = 8VlO  Surface Area of a Regular Pyramid  Using the slant height, which is labeled /, the area of each triangular face is A  Example 2: Find the surface area of the pyramid from Example 1."
R2991,C0881,C0021,Application,0.3617,185,48d0ec06a55142248d164b8ebc90d1f9,"8 2 + 24 2 = I 2  640 = I 2  1= V640 = 8VlO  Surface Area of a Regular Pyramid  Using the slant height, which is labeled /, the area of each triangular face is A  Example 2: Find the surface area of the pyramid from Example 1."
R2992,C0881,C0023,Application,0.3178,185,48d0ec06a55142248d164b8ebc90d1f9,"8 2 + 24 2 = I 2  640 = I 2  1= V640 = 8VlO  Surface Area of a Regular Pyramid  Using the slant height, which is labeled /, the area of each triangular face is A  Example 2: Find the surface area of the pyramid from Example 1."
R2993,C0881,C0112,Application,1.0,185,48d0ec06a55142248d164b8ebc90d1f9,"8 2 + 24 2 = I 2  640 = I 2  1= V640 = 8VlO  Surface Area of a Regular Pyramid  Using the slant height, which is labeled /, the area of each triangular face is A  Example 2: Find the surface area of the pyramid from Example 1."
R2994,C0881,C0883,Application,0.5233,185,48d0ec06a55142248d164b8ebc90d1f9,"8 2 + 24 2 = I 2  640 = I 2  1= V640 = 8VlO  Surface Area of a Regular Pyramid  Using the slant height, which is labeled /, the area of each triangular face is A  Example 2: Find the surface area of the pyramid from Example 1."
R2995,C0881,C0900,Application,0.3212,185,48d0ec06a55142248d164b8ebc90d1f9,"8 2 + 24 2 = I 2  640 = I 2  1= V640 = 8VlO  Surface Area of a Regular Pyramid  Using the slant height, which is labeled /, the area of each triangular face is A  Example 2: Find the surface area of the pyramid from Example 1."
R2996,C0883,C0021,Application,0.4525,185,48d0ec06a55142248d164b8ebc90d1f9,"8 2 + 24 2 = I 2  640 = I 2  1= V640 = 8VlO  Surface Area of a Regular Pyramid  Using the slant height, which is labeled /, the area of each triangular face is A  Example 2: Find the surface area of the pyramid from Example 1."
R2997,C0883,C0023,Application,0.472,185,48d0ec06a55142248d164b8ebc90d1f9,"8 2 + 24 2 = I 2  640 = I 2  1= V640 = 8VlO  Surface Area of a Regular Pyramid  Using the slant height, which is labeled /, the area of each triangular face is A  Example 2: Find the surface area of the pyramid from Example 1."
R2998,C0883,C0112,Application,0.5233,185,48d0ec06a55142248d164b8ebc90d1f9,"8 2 + 24 2 = I 2  640 = I 2  1= V640 = 8VlO  Surface Area of a Regular Pyramid  Using the slant height, which is labeled /, the area of each triangular face is A  Example 2: Find the surface area of the pyramid from Example 1."
R2999,C0883,C0881,Application,0.5233,185,48d0ec06a55142248d164b8ebc90d1f9,"8 2 + 24 2 = I 2  640 = I 2  1= V640 = 8VlO  Surface Area of a Regular Pyramid  Using the slant height, which is labeled /, the area of each triangular face is A  Example 2: Find the surface area of the pyramid from Example 1."
R3000,C0883,C0900,Application,0.26,185,48d0ec06a55142248d164b8ebc90d1f9,"8 2 + 24 2 = I 2  640 = I 2  1= V640 = 8VlO  Surface Area of a Regular Pyramid  Using the slant height, which is labeled /, the area of each triangular face is A  Example 2: Find the surface area of the pyramid from Example 1."
R3001,C0900,C0021,Application,0.26,185,48d0ec06a55142248d164b8ebc90d1f9,"8 2 + 24 2 = I 2  640 = I 2  1= V640 = 8VlO  Surface Area of a Regular Pyramid  Using the slant height, which is labeled /, the area of each triangular face is A  Example 2: Find the surface area of the pyramid from Example 1."
R3002,C0900,C0023,Application,0.26,185,48d0ec06a55142248d164b8ebc90d1f9,"8 2 + 24 2 = I 2  640 = I 2  1= V640 = 8VlO  Surface Area of a Regular Pyramid  Using the slant height, which is labeled /, the area of each triangular face is A  Example 2: Find the surface area of the pyramid from Example 1."
R3003,C0900,C0881,Application,0.3212,185,48d0ec06a55142248d164b8ebc90d1f9,"8 2 + 24 2 = I 2  640 = I 2  1= V640 = 8VlO  Surface Area of a Regular Pyramid  Using the slant height, which is labeled /, the area of each triangular face is A  Example 2: Find the surface area of the pyramid from Example 1."
R3004,C0900,C0883,Application,0.26,185,48d0ec06a55142248d164b8ebc90d1f9,"8 2 + 24 2 = I 2  640 = I 2  1= V640 = 8VlO  Surface Area of a Regular Pyramid  Using the slant height, which is labeled /, the area of each triangular face is A  Example 2: Find the surface area of the pyramid from Example 1."
R3005,C0021,C0863,Application,0.26,185,159c4993c9ec4a2bb33c4cea0388db3f,Example 3: Find the area of the regular triangular pyramid.
R3006,C0112,C0863,Application,0.3087,185,159c4993c9ec4a2bb33c4cea0388db3f,Example 3: Find the area of the regular triangular pyramid.
R3007,C0863,C0021,Application,0.26,185,159c4993c9ec4a2bb33c4cea0388db3f,Example 3: Find the area of the regular triangular pyramid.
R3008,C0863,C0112,Application,0.3087,185,159c4993c9ec4a2bb33c4cea0388db3f,Example 3: Find the area of the regular triangular pyramid.
R3009,C0863,C0883,Application,0.3016,185,159c4993c9ec4a2bb33c4cea0388db3f,Example 3: Find the area of the regular triangular pyramid.
R3010,C0883,C0863,Application,0.3016,185,159c4993c9ec4a2bb33c4cea0388db3f,Example 3: Find the area of the regular triangular pyramid.
R3011,C0112,C0882,Similarity,0.26,186,21073f27c9164be284cd5ded9b1098fc,"A cone has a slant height, just like a pyramid."
R3012,C0112,C0900,Similarity,0.4812,186,21073f27c9164be284cd5ded9b1098fc,"A cone has a slant height, just like a pyramid."
R3013,C0882,C0112,Similarity,0.26,186,21073f27c9164be284cd5ded9b1098fc,"A cone has a slant height, just like a pyramid."
R3014,C0882,C0900,Similarity,0.26,186,21073f27c9164be284cd5ded9b1098fc,"A cone has a slant height, just like a pyramid."
R3015,C0900,C0112,Similarity,0.4812,186,21073f27c9164be284cd5ded9b1098fc,"A cone has a slant height, just like a pyramid."
R3016,C0900,C0882,Similarity,0.26,186,21073f27c9164be284cd5ded9b1098fc,"A cone has a slant height, just like a pyramid."
R3017,C0112,C0202,Application,0.2439,186,213305c8e23d40cb8e1e63ed5637a470,"Find the slant height, /, of one lateral face in each pyramid or of the cone."
R3018,C0112,C0882,Application,0.42,186,213305c8e23d40cb8e1e63ed5637a470,"Find the slant height, /, of one lateral face in each pyramid or of the cone."
R3019,C0112,C0899,Application,0.3689,186,213305c8e23d40cb8e1e63ed5637a470,"Find the slant height, /, of one lateral face in each pyramid or of the cone."
R3020,C0202,C0112,Application,0.2439,186,213305c8e23d40cb8e1e63ed5637a470,"Find the slant height, /, of one lateral face in each pyramid or of the cone."
R3021,C0202,C0882,Application,0.215,186,213305c8e23d40cb8e1e63ed5637a470,"Find the slant height, /, of one lateral face in each pyramid or of the cone."
R3022,C0202,C0899,Application,0.215,186,213305c8e23d40cb8e1e63ed5637a470,"Find the slant height, /, of one lateral face in each pyramid or of the cone."
R3023,C0202,C0900,Application,0.215,186,213305c8e23d40cb8e1e63ed5637a470,"Find the slant height, /, of one lateral face in each pyramid or of the cone."
R3024,C0882,C0112,Application,0.42,186,213305c8e23d40cb8e1e63ed5637a470,"Find the slant height, /, of one lateral face in each pyramid or of the cone."
R3025,C0882,C0202,Application,0.215,186,213305c8e23d40cb8e1e63ed5637a470,"Find the slant height, /, of one lateral face in each pyramid or of the cone."
R3026,C0882,C0899,Application,0.26,186,213305c8e23d40cb8e1e63ed5637a470,"Find the slant height, /, of one lateral face in each pyramid or of the cone."
R3027,C0882,C0900,Application,0.34,186,213305c8e23d40cb8e1e63ed5637a470,"Find the slant height, /, of one lateral face in each pyramid or of the cone."
R3028,C0899,C0112,Application,0.3689,186,213305c8e23d40cb8e1e63ed5637a470,"Find the slant height, /, of one lateral face in each pyramid or of the cone."
R3029,C0899,C0202,Application,0.215,186,213305c8e23d40cb8e1e63ed5637a470,"Find the slant height, /, of one lateral face in each pyramid or of the cone."
R3030,C0899,C0882,Application,0.26,186,213305c8e23d40cb8e1e63ed5637a470,"Find the slant height, /, of one lateral face in each pyramid or of the cone."
R3031,C0899,C0900,Application,0.32,186,213305c8e23d40cb8e1e63ed5637a470,"Find the slant height, /, of one lateral face in each pyramid or of the cone."
R3032,C0900,C0202,Application,0.215,186,213305c8e23d40cb8e1e63ed5637a470,"Find the slant height, /, of one lateral face in each pyramid or of the cone."
R3033,C0900,C0882,Application,0.34,186,213305c8e23d40cb8e1e63ed5637a470,"Find the slant height, /, of one lateral face in each pyramid or of the cone."
R3034,C0900,C0899,Application,0.32,186,213305c8e23d40cb8e1e63ed5637a470,"Find the slant height, /, of one lateral face in each pyramid or of the cone."
R3035,C0021,C0899,Application,0.3178,187,0de541a15695486bbb6d295870d33325,Find the area of a lateral face of the regular pyramid.
R3036,C0881,C0899,Application,0.2889,187,0de541a15695486bbb6d295870d33325,Find the area of a lateral face of the regular pyramid.
R3037,C0883,C0899,Application,0.26,187,0de541a15695486bbb6d295870d33325,Find the area of a lateral face of the regular pyramid.
R3038,C0899,C0021,Application,0.3178,187,0de541a15695486bbb6d295870d33325,Find the area of a lateral face of the regular pyramid.
R3039,C0899,C0881,Application,0.2889,187,0de541a15695486bbb6d295870d33325,Find the area of a lateral face of the regular pyramid.
R3040,C0899,C0883,Application,0.26,187,0de541a15695486bbb6d295870d33325,Find the area of a lateral face of the regular pyramid.
R3041,C0060,C0202,Application,0.2808,187,0de541a15695486bbb6d295870d33325,(a) Find the height of one of the faces if the edge length is 6 units.
R3042,C0060,C0708,Application,0.335,187,0de541a15695486bbb6d295870d33325,(a) Find the height of one of the faces if the edge length is 6 units.
R3043,C0202,C0060,Application,0.2808,187,0de541a15695486bbb6d295870d33325,(a) Find the height of one of the faces if the edge length is 6 units.
R3044,C0202,C0708,Application,0.253,187,0de541a15695486bbb6d295870d33325,(a) Find the height of one of the faces if the edge length is 6 units.
R3045,C0708,C0060,Application,0.335,187,0de541a15695486bbb6d295870d33325,(a) Find the height of one of the faces if the edge length is 6 units.
R3046,C0708,C0202,Application,0.253,187,0de541a15695486bbb6d295870d33325,(a) Find the height of one of the faces if the edge length is 6 units.
R3047,C0021,C0866,Application,0.26,187,0de541a15695486bbb6d295870d33325,(c) Find the total surface area of the regular tetrahedron.
R3048,C0023,C0866,Application,0.2826,187,0de541a15695486bbb6d295870d33325,(c) Find the total surface area of the regular tetrahedron.
R3049,C0866,C0021,Application,0.26,187,0de541a15695486bbb6d295870d33325,(c) Find the total surface area of the regular tetrahedron.
R3050,C0866,C0023,Application,0.2826,187,0de541a15695486bbb6d295870d33325,(c) Find the total surface area of the regular tetrahedron.
R3051,C0866,C0883,Application,0.3518,187,0de541a15695486bbb6d295870d33325,(c) Find the total surface area of the regular tetrahedron.
R3052,C0883,C0866,Application,0.3518,187,0de541a15695486bbb6d295870d33325,(c) Find the total surface area of the regular tetrahedron.
R3053,C0021,C0874,Application,0.34,187,0de541a15695486bbb6d295870d33325,Find the lateral area of the cone portion (include the 4 inch cut off top of the cone).
R3054,C0021,C0882,Application,0.34,187,0de541a15695486bbb6d295870d33325,Find the lateral area of the cone portion (include the 4 inch cut off top of the cone).
R3055,C0874,C0021,Application,0.34,187,0de541a15695486bbb6d295870d33325,Find the lateral area of the cone portion (include the 4 inch cut off top of the cone).
R3056,C0874,C0882,Application,0.26,187,0de541a15695486bbb6d295870d33325,Find the lateral area of the cone portion (include the 4 inch cut off top of the cone).
R3057,C0882,C0021,Application,0.34,187,0de541a15695486bbb6d295870d33325,Find the lateral area of the cone portion (include the 4 inch cut off top of the cone).
R3058,C0882,C0874,Application,0.26,187,0de541a15695486bbb6d295870d33325,Find the lateral area of the cone portion (include the 4 inch cut off top of the cone).
R3059,C0023,C0882,Application,0.26,187,cc04f33f3b364fdfbe6e43c2d158642a,Combine your answers from #27 and #30 to find the entire surface area of the traffic cone.
R3060,C0882,C0023,Application,0.26,187,cc04f33f3b364fdfbe6e43c2d158642a,Combine your answers from #27 and #30 to find the entire surface area of the traffic cone.
R3061,C0024,C0037,Application,0.3321,188,4395b1a68f96484da63b0a686a4324bc,Learning Objectives  • Find the volume of prisms and cylinders.
R3062,C0037,C0024,Application,0.3321,188,4395b1a68f96484da63b0a686a4324bc,Learning Objectives  • Find the volume of prisms and cylinders.
R3063,C0024,C0605,Application,0.295,188,4395b1a68f96484da63b0a686a4324bc,"For example, if we wanted  to find the volume of a cube with 9 inch sides, it would be 9 3 = 729 in 3 ."
R3064,C0024,C0704,Application,0.2497,188,4395b1a68f96484da63b0a686a4324bc,"For example, if we wanted  to find the volume of a cube with 9 inch sides, it would be 9 3 = 729 in 3 ."
R3065,C0605,C0024,Application,0.295,188,4395b1a68f96484da63b0a686a4324bc,"For example, if we wanted  to find the volume of a cube with 9 inch sides, it would be 9 3 = 729 in 3 ."
R3066,C0605,C0704,Application,0.26,188,4395b1a68f96484da63b0a686a4324bc,"For example, if we wanted  to find the volume of a cube with 9 inch sides, it would be 9 3 = 729 in 3 ."
R3067,C0704,C0024,Application,0.2497,188,4395b1a68f96484da63b0a686a4324bc,"For example, if we wanted  to find the volume of a cube with 9 inch sides, it would be 9 3 = 729 in 3 ."
R3068,C0704,C0605,Application,0.26,188,4395b1a68f96484da63b0a686a4324bc,"For example, if we wanted  to find the volume of a cube with 9 inch sides, it would be 9 3 = 729 in 3 ."
R3069,C0024,C0722,Application,0.4616,188,0d993250be944f238fdffde71f871fd6,Example 1: Find the volume of the right rectangular prism below.
R3070,C0024,C0870,Application,0.3016,188,0d993250be944f238fdffde71f871fd6,Example 1: Find the volume of the right rectangular prism below.
R3071,C0722,C0024,Application,0.4616,188,0d993250be944f238fdffde71f871fd6,Example 1: Find the volume of the right rectangular prism below.
R3072,C0722,C0870,Application,0.84,188,0d993250be944f238fdffde71f871fd6,Example 1: Find the volume of the right rectangular prism below.
R3073,C0870,C0024,Application,0.3016,188,0d993250be944f238fdffde71f871fd6,Example 1: Find the volume of the right rectangular prism below.
R3074,C0870,C0722,Application,0.84,188,0d993250be944f238fdffde71f871fd6,Example 1: Find the volume of the right rectangular prism below.
R3075,C0021,C0206,Similarity,0.215,188,6185eba00a234b15bf04d36da1b5276e,Each layer in Example 1 is the same as the area of the base and the number of layers is the same as the  height.
R3076,C0021,C0477,Similarity,0.4097,188,6185eba00a234b15bf04d36da1b5276e,Each layer in Example 1 is the same as the area of the base and the number of layers is the same as the  height.
R3077,C0206,C0021,Similarity,0.215,188,6185eba00a234b15bf04d36da1b5276e,Each layer in Example 1 is the same as the area of the base and the number of layers is the same as the  height.
R3078,C0206,C0477,Similarity,0.2893,188,6185eba00a234b15bf04d36da1b5276e,Each layer in Example 1 is the same as the area of the base and the number of layers is the same as the  height.
R3079,C0477,C0021,Similarity,0.4097,188,6185eba00a234b15bf04d36da1b5276e,Each layer in Example 1 is the same as the area of the base and the number of layers is the same as the  height.
R3080,C0477,C0206,Similarity,0.2893,188,6185eba00a234b15bf04d36da1b5276e,Each layer in Example 1 is the same as the area of the base and the number of layers is the same as the  height.
R3081,C0024,C0196,Application,0.3158,188,0b512584527a4c04bb24eadaca41f234,"So, to find the volume of a prism, you would first find the area of  the base and then multiply it by the height."
R3082,C0024,C0477,Application,0.4443,188,0b512584527a4c04bb24eadaca41f234,"So, to find the volume of a prism, you would first find the area of  the base and then multiply it by the height."
R3083,C0196,C0024,Application,0.3158,188,0b512584527a4c04bb24eadaca41f234,"So, to find the volume of a prism, you would first find the area of  the base and then multiply it by the height."
R3084,C0196,C0477,Application,0.2602,188,0b512584527a4c04bb24eadaca41f234,"So, to find the volume of a prism, you would first find the area of  the base and then multiply it by the height."
R3085,C0196,C0722,Application,0.2303,188,0b512584527a4c04bb24eadaca41f234,"So, to find the volume of a prism, you would first find the area of  the base and then multiply it by the height."
R3086,C0477,C0024,Application,0.4443,188,0b512584527a4c04bb24eadaca41f234,"So, to find the volume of a prism, you would first find the area of  the base and then multiply it by the height."
R3087,C0477,C0196,Application,0.2602,188,0b512584527a4c04bb24eadaca41f234,"So, to find the volume of a prism, you would first find the area of  the base and then multiply it by the height."
R3088,C0477,C0722,Application,0.3958,188,0b512584527a4c04bb24eadaca41f234,"So, to find the volume of a prism, you would first find the area of  the base and then multiply it by the height."
R3089,C0722,C0196,Application,0.2303,188,0b512584527a4c04bb24eadaca41f234,"So, to find the volume of a prism, you would first find the area of  the base and then multiply it by the height."
R3090,C0722,C0477,Application,0.3958,188,0b512584527a4c04bb24eadaca41f234,"So, to find the volume of a prism, you would first find the area of  the base and then multiply it by the height."
R3091,C0072,C0202,Prerequisite,0.42,188,769987e262ec4b65b7f17700a764fb39,Oblique Prisms  Recall that oblique prisms are prisms that lean to one side and the height is outside the prism.
R3092,C0072,C0722,Prerequisite,0.215,188,769987e262ec4b65b7f17700a764fb39,Oblique Prisms  Recall that oblique prisms are prisms that lean to one side and the height is outside the prism.
R3093,C0072,C0877,Prerequisite,0.2456,188,769987e262ec4b65b7f17700a764fb39,Oblique Prisms  Recall that oblique prisms are prisms that lean to one side and the height is outside the prism.
R3094,C0202,C0072,Prerequisite,0.42,188,769987e262ec4b65b7f17700a764fb39,Oblique Prisms  Recall that oblique prisms are prisms that lean to one side and the height is outside the prism.
R3095,C0202,C0722,Prerequisite,0.2431,188,769987e262ec4b65b7f17700a764fb39,Oblique Prisms  Recall that oblique prisms are prisms that lean to one side and the height is outside the prism.
R3096,C0202,C0877,Prerequisite,0.2707,188,769987e262ec4b65b7f17700a764fb39,Oblique Prisms  Recall that oblique prisms are prisms that lean to one side and the height is outside the prism.
R3097,C0722,C0072,Prerequisite,0.215,188,769987e262ec4b65b7f17700a764fb39,Oblique Prisms  Recall that oblique prisms are prisms that lean to one side and the height is outside the prism.
R3098,C0722,C0202,Prerequisite,0.2431,188,769987e262ec4b65b7f17700a764fb39,Oblique Prisms  Recall that oblique prisms are prisms that lean to one side and the height is outside the prism.
R3099,C0722,C0877,Prerequisite,0.3,188,769987e262ec4b65b7f17700a764fb39,Oblique Prisms  Recall that oblique prisms are prisms that lean to one side and the height is outside the prism.
R3100,C0877,C0072,Prerequisite,0.2456,188,769987e262ec4b65b7f17700a764fb39,Oblique Prisms  Recall that oblique prisms are prisms that lean to one side and the height is outside the prism.
R3101,C0877,C0202,Prerequisite,0.2707,188,769987e262ec4b65b7f17700a764fb39,Oblique Prisms  Recall that oblique prisms are prisms that lean to one side and the height is outside the prism.
R3102,C0877,C0722,Prerequisite,0.3,188,769987e262ec4b65b7f17700a764fb39,Oblique Prisms  Recall that oblique prisms are prisms that lean to one side and the height is outside the prism.
R3103,C0021,C0877,Application,0.26,188,5b7ca487ce944f8891ed1c75ab03b5c3,Example 4: Find the area of the oblique prism below.
R3104,C0722,C0877,Application,0.38,188,5b7ca487ce944f8891ed1c75ab03b5c3,Example 4: Find the area of the oblique prism below.
R3105,C0877,C0021,Application,0.26,188,5b7ca487ce944f8891ed1c75ab03b5c3,Example 4: Find the area of the oblique prism below.
R3106,C0877,C0722,Application,0.38,188,5b7ca487ce944f8891ed1c75ab03b5c3,Example 4: Find the area of the oblique prism below.
R3107,C0024,C0059,Application,0.3017,189,7666dfe536324386a32455de3fcda752,"B = -(9)(8 + 4) = 9(6) = 54 cm 2  V = 54(15) = 810 cm 3  Volume of a Cylinder  If we use the formula for the volume of a prism, V = Bh, we can find the volume of a cylinder."
R3108,C0024,C0876,Application,1.0,189,7666dfe536324386a32455de3fcda752,"B = -(9)(8 + 4) = 9(6) = 54 cm 2  V = 54(15) = 810 cm 3  Volume of a Cylinder  If we use the formula for the volume of a prism, V = Bh, we can find the volume of a cylinder."
R3109,C0059,C0024,Application,0.3017,189,7666dfe536324386a32455de3fcda752,"B = -(9)(8 + 4) = 9(6) = 54 cm 2  V = 54(15) = 810 cm 3  Volume of a Cylinder  If we use the formula for the volume of a prism, V = Bh, we can find the volume of a cylinder."
R3110,C0059,C0722,Application,0.2386,189,7666dfe536324386a32455de3fcda752,"B = -(9)(8 + 4) = 9(6) = 54 cm 2  V = 54(15) = 810 cm 3  Volume of a Cylinder  If we use the formula for the volume of a prism, V = Bh, we can find the volume of a cylinder."
R3111,C0059,C0876,Application,0.3017,189,7666dfe536324386a32455de3fcda752,"B = -(9)(8 + 4) = 9(6) = 54 cm 2  V = 54(15) = 810 cm 3  Volume of a Cylinder  If we use the formula for the volume of a prism, V = Bh, we can find the volume of a cylinder."
R3112,C0722,C0059,Application,0.2386,189,7666dfe536324386a32455de3fcda752,"B = -(9)(8 + 4) = 9(6) = 54 cm 2  V = 54(15) = 810 cm 3  Volume of a Cylinder  If we use the formula for the volume of a prism, V = Bh, we can find the volume of a cylinder."
R3113,C0876,C0024,Application,1.0,189,7666dfe536324386a32455de3fcda752,"B = -(9)(8 + 4) = 9(6) = 54 cm 2  V = 54(15) = 810 cm 3  Volume of a Cylinder  If we use the formula for the volume of a prism, V = Bh, we can find the volume of a cylinder."
R3114,C0876,C0059,Application,0.3017,189,7666dfe536324386a32455de3fcda752,"B = -(9)(8 + 4) = 9(6) = 54 cm 2  V = 54(15) = 810 cm 3  Volume of a Cylinder  If we use the formula for the volume of a prism, V = Bh, we can find the volume of a cylinder."
R3115,C0278,C0459,Similarity,0.2521,189,16b5fab913e640519bbd3184359831db,"Revisited Even though it doesn't look like it, the trapezoid is the base of this prism."
R3116,C0278,C0477,Similarity,0.215,189,16b5fab913e640519bbd3184359831db,"Revisited Even though it doesn't look like it, the trapezoid is the base of this prism."
R3117,C0278,C0611,Similarity,0.215,189,16b5fab913e640519bbd3184359831db,"Revisited Even though it doesn't look like it, the trapezoid is the base of this prism."
R3118,C0278,C0722,Similarity,0.2329,189,16b5fab913e640519bbd3184359831db,"Revisited Even though it doesn't look like it, the trapezoid is the base of this prism."
R3119,C0459,C0278,Similarity,0.2521,189,16b5fab913e640519bbd3184359831db,"Revisited Even though it doesn't look like it, the trapezoid is the base of this prism."
R3120,C0459,C0477,Similarity,0.3278,189,16b5fab913e640519bbd3184359831db,"Revisited Even though it doesn't look like it, the trapezoid is the base of this prism."
R3121,C0459,C0611,Similarity,0.2303,189,16b5fab913e640519bbd3184359831db,"Revisited Even though it doesn't look like it, the trapezoid is the base of this prism."
R3122,C0459,C0722,Similarity,0.2299,189,16b5fab913e640519bbd3184359831db,"Revisited Even though it doesn't look like it, the trapezoid is the base of this prism."
R3123,C0477,C0278,Similarity,0.215,189,16b5fab913e640519bbd3184359831db,"Revisited Even though it doesn't look like it, the trapezoid is the base of this prism."
R3124,C0477,C0459,Similarity,0.3278,189,16b5fab913e640519bbd3184359831db,"Revisited Even though it doesn't look like it, the trapezoid is the base of this prism."
R3125,C0477,C0611,Similarity,0.2367,189,16b5fab913e640519bbd3184359831db,"Revisited Even though it doesn't look like it, the trapezoid is the base of this prism."
R3126,C0477,C0722,Similarity,0.3958,189,16b5fab913e640519bbd3184359831db,"Revisited Even though it doesn't look like it, the trapezoid is the base of this prism."
R3127,C0611,C0278,Similarity,0.215,189,16b5fab913e640519bbd3184359831db,"Revisited Even though it doesn't look like it, the trapezoid is the base of this prism."
R3128,C0611,C0459,Similarity,0.2303,189,16b5fab913e640519bbd3184359831db,"Revisited Even though it doesn't look like it, the trapezoid is the base of this prism."
R3129,C0611,C0477,Similarity,0.2367,189,16b5fab913e640519bbd3184359831db,"Revisited Even though it doesn't look like it, the trapezoid is the base of this prism."
R3130,C0611,C0722,Similarity,0.215,189,16b5fab913e640519bbd3184359831db,"Revisited Even though it doesn't look like it, the trapezoid is the base of this prism."
R3131,C0722,C0278,Similarity,0.2329,189,16b5fab913e640519bbd3184359831db,"Revisited Even though it doesn't look like it, the trapezoid is the base of this prism."
R3132,C0722,C0459,Similarity,0.2299,189,16b5fab913e640519bbd3184359831db,"Revisited Even though it doesn't look like it, the trapezoid is the base of this prism."
R3133,C0722,C0477,Similarity,0.3958,189,16b5fab913e640519bbd3184359831db,"Revisited Even though it doesn't look like it, the trapezoid is the base of this prism."
R3134,C0722,C0611,Similarity,0.215,189,16b5fab913e640519bbd3184359831db,"Revisited Even though it doesn't look like it, the trapezoid is the base of this prism."
R3135,C0024,C0772,Application,0.2376,190,d9d44ab27379407c8dcc1a2e88bb3161,Find the volume of the cylinder in the center.
R3136,C0772,C0024,Application,0.2376,190,d9d44ab27379407c8dcc1a2e88bb3161,Find the volume of the cylinder in the center.
R3137,C0772,C0876,Application,0.2376,190,d9d44ab27379407c8dcc1a2e88bb3161,Find the volume of the cylinder in the center.
R3138,C0876,C0772,Application,0.2376,190,d9d44ab27379407c8dcc1a2e88bb3161,Find the volume of the cylinder in the center.
R3139,C0024,C0087,Application,0.2343,190,d91feb78b3504921bc0190e54dbea417,Find the volume of a square prism with 8 inch base edges and a 12 inch height.
R3140,C0087,C0024,Application,0.2343,190,d91feb78b3504921bc0190e54dbea417,Find the volume of a square prism with 8 inch base edges and a 12 inch height.
R3141,C0087,C0477,Application,0.36,190,d91feb78b3504921bc0190e54dbea417,Find the volume of a square prism with 8 inch base edges and a 12 inch height.
R3142,C0087,C0722,Application,0.2294,190,d91feb78b3504921bc0190e54dbea417,Find the volume of a square prism with 8 inch base edges and a 12 inch height.
R3143,C0477,C0087,Application,0.36,190,d91feb78b3504921bc0190e54dbea417,Find the volume of a square prism with 8 inch base edges and a 12 inch height.
R3144,C0722,C0087,Application,0.2294,190,d91feb78b3504921bc0190e54dbea417,Find the volume of a square prism with 8 inch base edges and a 12 inch height.
R3145,C0024,C0775,Application,0.215,190,d91feb78b3504921bc0190e54dbea417,Find the volume of a cylinder with a diameter of 8 inches and a height of 12 inches.
R3146,C0775,C0024,Application,0.215,190,d91feb78b3504921bc0190e54dbea417,Find the volume of a cylinder with a diameter of 8 inches and a height of 12 inches.
R3147,C0775,C0876,Application,0.215,190,d91feb78b3504921bc0190e54dbea417,Find the volume of a cylinder with a diameter of 8 inches and a height of 12 inches.
R3148,C0876,C0775,Application,0.215,190,d91feb78b3504921bc0190e54dbea417,Find the volume of a cylinder with a diameter of 8 inches and a height of 12 inches.
R3149,C0023,C0087,Application,0.2497,190,d91feb78b3504921bc0190e54dbea417,Find the surface area of a square pyramid with 10 inch base edges and a height of 12 inches.
R3150,C0087,C0023,Application,0.2497,190,d91feb78b3504921bc0190e54dbea417,Find the surface area of a square pyramid with 10 inch base edges and a height of 12 inches.
R3151,C0112,C0477,Application,0.2367,190,d91feb78b3504921bc0190e54dbea417,Find the surface area of a square pyramid with 10 inch base edges and a height of 12 inches.
R3152,C0477,C0112,Application,0.2367,190,d91feb78b3504921bc0190e54dbea417,Find the surface area of a square pyramid with 10 inch base edges and a height of 12 inches.
R3153,C0024,C0112,Similarity,0.3033,190,d91feb78b3504921bc0190e54dbea417,581  www.cki2.0rg  Volume of a Pyramid  The volume of a pyramid is closely related to the volume of a prism with the same sized base.
R3154,C0024,C0477,Similarity,0.4443,190,d91feb78b3504921bc0190e54dbea417,581  www.cki2.0rg  Volume of a Pyramid  The volume of a pyramid is closely related to the volume of a prism with the same sized base.
R3155,C0024,C0722,Similarity,0.4616,190,d91feb78b3504921bc0190e54dbea417,581  www.cki2.0rg  Volume of a Pyramid  The volume of a pyramid is closely related to the volume of a prism with the same sized base.
R3156,C0112,C0024,Similarity,0.3033,190,d91feb78b3504921bc0190e54dbea417,581  www.cki2.0rg  Volume of a Pyramid  The volume of a pyramid is closely related to the volume of a prism with the same sized base.
R3157,C0112,C0477,Similarity,0.3167,190,d91feb78b3504921bc0190e54dbea417,581  www.cki2.0rg  Volume of a Pyramid  The volume of a pyramid is closely related to the volume of a prism with the same sized base.
R3158,C0112,C0722,Similarity,0.3087,190,d91feb78b3504921bc0190e54dbea417,581  www.cki2.0rg  Volume of a Pyramid  The volume of a pyramid is closely related to the volume of a prism with the same sized base.
R3159,C0477,C0024,Similarity,0.4443,190,d91feb78b3504921bc0190e54dbea417,581  www.cki2.0rg  Volume of a Pyramid  The volume of a pyramid is closely related to the volume of a prism with the same sized base.
R3160,C0477,C0112,Similarity,0.3167,190,d91feb78b3504921bc0190e54dbea417,581  www.cki2.0rg  Volume of a Pyramid  The volume of a pyramid is closely related to the volume of a prism with the same sized base.
R3161,C0722,C0024,Similarity,0.4616,190,d91feb78b3504921bc0190e54dbea417,581  www.cki2.0rg  Volume of a Pyramid  The volume of a pyramid is closely related to the volume of a prism with the same sized base.
R3162,C0722,C0112,Similarity,0.3087,190,d91feb78b3504921bc0190e54dbea417,581  www.cki2.0rg  Volume of a Pyramid  The volume of a pyramid is closely related to the volume of a prism with the same sized base.
R3163,C0024,C0112,Application,0.4633,190,3a46ee7b54db47159350fe7377baa8fb,Example 1: Find the volume of the pyramid.
R3164,C0112,C0024,Application,0.4633,190,3a46ee7b54db47159350fe7377baa8fb,Example 1: Find the volume of the pyramid.
R3165,C0024,C0882,Application,0.4673,191,46e5a71de59a493eaabf3429b8c31aa6,Example 5: Find the volume of the cone.
R3166,C0882,C0024,Application,0.4673,191,46e5a71de59a493eaabf3429b8c31aa6,Example 5: Find the volume of the cone.
R3167,C0024,C0881,Application,0.3033,192,3725d14e3df2451c935a82d4538ef7e3,Find the volume of each regular pyramid and right cone.
R3168,C0024,C0883,Application,0.3706,192,3725d14e3df2451c935a82d4538ef7e3,Find the volume of each regular pyramid and right cone.
R3169,C0024,C0884,Application,0.26,192,3725d14e3df2451c935a82d4538ef7e3,Find the volume of each regular pyramid and right cone.
R3170,C0112,C0884,Application,0.372,192,3725d14e3df2451c935a82d4538ef7e3,Find the volume of each regular pyramid and right cone.
R3171,C0881,C0024,Application,0.3033,192,3725d14e3df2451c935a82d4538ef7e3,Find the volume of each regular pyramid and right cone.
R3172,C0881,C0882,Application,0.26,192,3725d14e3df2451c935a82d4538ef7e3,Find the volume of each regular pyramid and right cone.
R3173,C0881,C0884,Application,0.372,192,3725d14e3df2451c935a82d4538ef7e3,Find the volume of each regular pyramid and right cone.
R3174,C0882,C0881,Application,0.26,192,3725d14e3df2451c935a82d4538ef7e3,Find the volume of each regular pyramid and right cone.
R3175,C0882,C0883,Application,0.3073,192,3725d14e3df2451c935a82d4538ef7e3,Find the volume of each regular pyramid and right cone.
R3176,C0882,C0884,Application,0.3343,192,3725d14e3df2451c935a82d4538ef7e3,Find the volume of each regular pyramid and right cone.
R3177,C0883,C0024,Application,0.3706,192,3725d14e3df2451c935a82d4538ef7e3,Find the volume of each regular pyramid and right cone.
R3178,C0883,C0882,Application,0.3073,192,3725d14e3df2451c935a82d4538ef7e3,Find the volume of each regular pyramid and right cone.
R3179,C0883,C0884,Application,0.32,192,3725d14e3df2451c935a82d4538ef7e3,Find the volume of each regular pyramid and right cone.
R3180,C0884,C0024,Application,0.26,192,3725d14e3df2451c935a82d4538ef7e3,Find the volume of each regular pyramid and right cone.
R3181,C0884,C0112,Application,0.372,192,3725d14e3df2451c935a82d4538ef7e3,Find the volume of each regular pyramid and right cone.
R3182,C0884,C0881,Application,0.372,192,3725d14e3df2451c935a82d4538ef7e3,Find the volume of each regular pyramid and right cone.
R3183,C0884,C0882,Application,0.3343,192,3725d14e3df2451c935a82d4538ef7e3,Find the volume of each regular pyramid and right cone.
R3184,C0884,C0883,Application,0.32,192,3725d14e3df2451c935a82d4538ef7e3,Find the volume of each regular pyramid and right cone.
R3185,C0021,C0889,Application,0.506,192,5259406735c9494798b7f1be327c71f4,Learning Objectives  • Find the surface area of a sphere.
R3186,C0023,C0889,Application,0.5745,192,5259406735c9494798b7f1be327c71f4,Learning Objectives  • Find the surface area of a sphere.
R3187,C0037,C0889,Application,0.2653,192,5259406735c9494798b7f1be327c71f4,Learning Objectives  • Find the surface area of a sphere.
R3188,C0889,C0021,Application,0.506,192,5259406735c9494798b7f1be327c71f4,Learning Objectives  • Find the surface area of a sphere.
R3189,C0889,C0023,Application,0.5745,192,5259406735c9494798b7f1be327c71f4,Learning Objectives  • Find the surface area of a sphere.
R3190,C0889,C0037,Application,0.2653,192,5259406735c9494798b7f1be327c71f4,Learning Objectives  • Find the surface area of a sphere.
R3191,C0024,C0889,Application,0.5021,192,5259406735c9494798b7f1be327c71f4,• Find the volume of a sphere.
R3192,C0889,C0024,Application,0.5021,192,5259406735c9494798b7f1be327c71f4,• Find the volume of a sphere.
R3193,C0024,C0218,Application,0.2308,192,5259406735c9494798b7f1be327c71f4,Find the volume of a cylinder with the circle from #2 as the base and a height of 5 cm.
R3194,C0218,C0024,Application,0.2308,192,5259406735c9494798b7f1be327c71f4,Find the volume of a cylinder with the circle from #2 as the base and a height of 5 cm.
R3195,C0218,C0477,Application,0.2312,192,5259406735c9494798b7f1be327c71f4,Find the volume of a cylinder with the circle from #2 as the base and a height of 5 cm.
R3196,C0218,C0876,Application,0.2308,192,5259406735c9494798b7f1be327c71f4,Find the volume of a cylinder with the circle from #2 as the base and a height of 5 cm.
R3197,C0477,C0218,Application,0.2312,192,5259406735c9494798b7f1be327c71f4,Find the volume of a cylinder with the circle from #2 as the base and a height of 5 cm.
R3198,C0477,C0876,Application,0.2843,192,5259406735c9494798b7f1be327c71f4,Find the volume of a cylinder with the circle from #2 as the base and a height of 5 cm.
R3199,C0876,C0218,Application,0.3908,192,5259406735c9494798b7f1be327c71f4,Find the volume of a cylinder with the circle from #2 as the base and a height of 5 cm.
R3200,C0876,C0477,Application,0.2843,192,5259406735c9494798b7f1be327c71f4,Find the volume of a cylinder with the circle from #2 as the base and a height of 5 cm.
R3201,C0021,C0127,Application,0.215,192,5259406735c9494798b7f1be327c71f4,"Find the radius  of a bowling ball, its surface area and volume."
R3202,C0023,C0127,Application,0.215,192,5259406735c9494798b7f1be327c71f4,"Find the radius  of a bowling ball, its surface area and volume."
R3203,C0024,C0127,Application,0.215,192,5259406735c9494798b7f1be327c71f4,"Find the radius  of a bowling ball, its surface area and volume."
R3204,C0024,C0776,Application,0.375,192,5259406735c9494798b7f1be327c71f4,"Find the radius  of a bowling ball, its surface area and volume."
R3205,C0127,C0021,Application,0.215,192,5259406735c9494798b7f1be327c71f4,"Find the radius  of a bowling ball, its surface area and volume."
R3206,C0127,C0023,Application,0.215,192,5259406735c9494798b7f1be327c71f4,"Find the radius  of a bowling ball, its surface area and volume."
R3207,C0127,C0024,Application,0.215,192,5259406735c9494798b7f1be327c71f4,"Find the radius  of a bowling ball, its surface area and volume."
R3208,C0127,C0776,Application,0.215,192,5259406735c9494798b7f1be327c71f4,"Find the radius  of a bowling ball, its surface area and volume."
R3209,C0776,C0024,Application,0.375,192,5259406735c9494798b7f1be327c71f4,"Find the radius  of a bowling ball, its surface area and volume."
R3210,C0776,C0127,Application,0.215,192,5259406735c9494798b7f1be327c71f4,"Find the radius  of a bowling ball, its surface area and volume."
R3211,C0776,C0889,Application,0.375,193,29b372643c9c436692dddf5ce08dd488,Example 2: Find the surface area of a sphere with a radius of 14 feet.
R3212,C0889,C0776,Application,0.375,193,29b372643c9c436692dddf5ce08dd488,Example 2: Find the surface area of a sphere with a radius of 14 feet.
R3213,C0218,C0889,Similarity,0.2439,194,c0405be47e064f2cb8b686c1f6dab612,List all the parts of a sphere that are the same as a circle.
R3214,C0889,C0218,Similarity,0.4039,194,c0405be47e064f2cb8b686c1f6dab612,List all the parts of a sphere that are the same as a circle.
R3215,C0023,C0891,Application,0.2817,195,d9106535db9d4ebbbc226b886d41d4fb,Learning Objectives  • Find the relationship between similar solids and their surface areas and volumes.
R3216,C0037,C0891,Application,0.215,195,d9106535db9d4ebbbc226b886d41d4fb,Learning Objectives  • Find the relationship between similar solids and their surface areas and volumes.
R3217,C0891,C0023,Application,0.2817,195,d9106535db9d4ebbbc226b886d41d4fb,Learning Objectives  • Find the relationship between similar solids and their surface areas and volumes.
R3218,C0891,C0037,Application,0.215,195,d9106535db9d4ebbbc226b886d41d4fb,Learning Objectives  • Find the relationship between similar solids and their surface areas and volumes.
R3219,C0285,C0891,Prerequisite,0.215,195,d9106535db9d4ebbbc226b886d41d4fb,Similar Solids  Recall that two shapes are similar if all the corresponding angles are congruent and the corresponding sides  are proportional.
R3220,C0891,C0285,Prerequisite,0.215,195,d9106535db9d4ebbbc226b886d41d4fb,Similar Solids  Recall that two shapes are similar if all the corresponding angles are congruent and the corresponding sides  are proportional.
R3221,C0021,C0058,Application,0.215,195,dda3265f15fc4df390e73ef82a62663a,"Solution: First, we need to take the square root of the area ratio to find the scale factor, J-^  up a proportion to find h."
R3222,C0021,C0648,Application,0.215,195,dda3265f15fc4df390e73ef82a62663a,"Solution: First, we need to take the square root of the area ratio to find the scale factor, J-^  up a proportion to find h."
R3223,C0058,C0021,Application,0.215,195,dda3265f15fc4df390e73ef82a62663a,"Solution: First, we need to take the square root of the area ratio to find the scale factor, J-^  up a proportion to find h."
R3224,C0648,C0021,Application,0.215,195,dda3265f15fc4df390e73ef82a62663a,"Solution: First, we need to take the square root of the area ratio to find the scale factor, J-^  up a proportion to find h."
R3225,C0024,C0882,Similarity,0.4673,197,1ce8a6439f184fa9af46f472d3175507,A cone has a volume of 15n and is similar to another larger cone.
R3226,C0882,C0024,Similarity,0.4673,197,1ce8a6439f184fa9af46f472d3175507,A cone has a volume of 15n and is similar to another larger cone.
R3227,C0072,C0107,Application,0.215,198,777c2d5e17764a3488256a96206e4e28,Find the slope of each side of the quadrilateral in #2.
R3228,C0072,C0172,Application,0.215,198,777c2d5e17764a3488256a96206e4e28,Find the slope of each side of the quadrilateral in #2.
R3229,C0107,C0072,Application,0.215,198,777c2d5e17764a3488256a96206e4e28,Find the slope of each side of the quadrilateral in #2.
R3230,C0107,C0172,Application,0.295,198,777c2d5e17764a3488256a96206e4e28,Find the slope of each side of the quadrilateral in #2.
R3231,C0172,C0072,Application,0.215,198,777c2d5e17764a3488256a96206e4e28,Find the slope of each side of the quadrilateral in #2.
R3232,C0172,C0107,Application,0.295,198,777c2d5e17764a3488256a96206e4e28,Find the slope of each side of the quadrilateral in #2.
R3233,C0556,C0902,Similarity,0.3878,199,225b3073b8d24dc7805ca30082aae099,www.ckl2.org  610  Rotational Symmetry  Rotational Symmetry: When a figure can be rotated (less that 180°) and it looks like it did before the  rotation.
R3234,C0556,C0905,Similarity,0.26,199,225b3073b8d24dc7805ca30082aae099,www.ckl2.org  610  Rotational Symmetry  Rotational Symmetry: When a figure can be rotated (less that 180°) and it looks like it did before the  rotation.
R3235,C0902,C0556,Similarity,0.3878,199,225b3073b8d24dc7805ca30082aae099,www.ckl2.org  610  Rotational Symmetry  Rotational Symmetry: When a figure can be rotated (less that 180°) and it looks like it did before the  rotation.
R3236,C0902,C0905,Similarity,0.3497,199,225b3073b8d24dc7805ca30082aae099,www.ckl2.org  610  Rotational Symmetry  Rotational Symmetry: When a figure can be rotated (less that 180°) and it looks like it did before the  rotation.
R3237,C0905,C0556,Similarity,0.26,199,225b3073b8d24dc7805ca30082aae099,www.ckl2.org  610  Rotational Symmetry  Rotational Symmetry: When a figure can be rotated (less that 180°) and it looks like it did before the  rotation.
R3238,C0905,C0902,Similarity,0.3497,199,225b3073b8d24dc7805ca30082aae099,www.ckl2.org  610  Rotational Symmetry  Rotational Symmetry: When a figure can be rotated (less that 180°) and it looks like it did before the  rotation.
R3239,C0028,C0206,Application,0.3321,200,9edbea096fe8421faa86a31c9463c8d3,"To find the angle of rotation, divide 360° by the total number of  5."
R3240,C0028,C0557,Application,0.215,200,9edbea096fe8421faa86a31c9463c8d3,"To find the angle of rotation, divide 360° by the total number of  5."
R3241,C0028,C0714,Application,0.215,200,9edbea096fe8421faa86a31c9463c8d3,"To find the angle of rotation, divide 360° by the total number of  5."
R3242,C0028,C0905,Application,0.3891,200,9edbea096fe8421faa86a31c9463c8d3,"To find the angle of rotation, divide 360° by the total number of  5."
R3243,C0206,C0028,Application,0.3321,200,9edbea096fe8421faa86a31c9463c8d3,"To find the angle of rotation, divide 360° by the total number of  5."
R3244,C0206,C0714,Application,0.215,200,9edbea096fe8421faa86a31c9463c8d3,"To find the angle of rotation, divide 360° by the total number of  5."
R3245,C0206,C0905,Application,0.3176,200,9edbea096fe8421faa86a31c9463c8d3,"To find the angle of rotation, divide 360° by the total number of  5."
R3246,C0557,C0028,Application,0.215,200,9edbea096fe8421faa86a31c9463c8d3,"To find the angle of rotation, divide 360° by the total number of  5."
R3247,C0557,C0714,Application,0.215,200,9edbea096fe8421faa86a31c9463c8d3,"To find the angle of rotation, divide 360° by the total number of  5."
R3248,C0557,C0905,Application,0.215,200,9edbea096fe8421faa86a31c9463c8d3,"To find the angle of rotation, divide 360° by the total number of  5."
R3249,C0714,C0028,Application,0.215,200,9edbea096fe8421faa86a31c9463c8d3,"To find the angle of rotation, divide 360° by the total number of  5."
R3250,C0714,C0206,Application,0.215,200,9edbea096fe8421faa86a31c9463c8d3,"To find the angle of rotation, divide 360° by the total number of  5."
R3251,C0714,C0557,Application,0.215,200,9edbea096fe8421faa86a31c9463c8d3,"To find the angle of rotation, divide 360° by the total number of  5."
R3252,C0714,C0905,Application,0.215,200,9edbea096fe8421faa86a31c9463c8d3,"To find the angle of rotation, divide 360° by the total number of  5."
R3253,C0905,C0028,Application,0.3891,200,9edbea096fe8421faa86a31c9463c8d3,"To find the angle of rotation, divide 360° by the total number of  5."
R3254,C0905,C0206,Application,0.3176,200,9edbea096fe8421faa86a31c9463c8d3,"To find the angle of rotation, divide 360° by the total number of  5."
R3255,C0905,C0557,Application,0.215,200,9edbea096fe8421faa86a31c9463c8d3,"To find the angle of rotation, divide 360° by the total number of  5."
R3256,C0905,C0714,Application,0.215,200,9edbea096fe8421faa86a31c9463c8d3,"To find the angle of rotation, divide 360° by the total number of  5."
R3257,C0910,C0912,Application,0.2808,201,17ed27cd4d6549f5b2309de9ff842c51,"Find the image after the translation (x,y)  3)."
R3258,C0912,C0910,Application,0.2808,201,17ed27cd4d6549f5b2309de9ff842c51,"Find the image after the translation (x,y)  3)."
R3259,C0910,C0914,Application,0.3052,201,0f72d38235f64b3c9c613910607f0e0b,Example 2: Find the translation rule for ATRI to AT'RT.
R3260,C0914,C0910,Application,0.3052,201,0f72d38235f64b3c9c613910607f0e0b,Example 2: Find the translation rule for ATRI to AT'RT.
R3261,C0164,C0910,Application,0.2336,202,cbc7c79c61c1405eabdec41820d1652a,"Find the vertices of AA'5'C, given the  translation rules below."
R3262,C0246,C0910,Application,0.2358,202,cbc7c79c61c1405eabdec41820d1652a,"Find the vertices of AA'5'C, given the  translation rules below."
R3263,C0910,C0164,Application,0.2336,202,cbc7c79c61c1405eabdec41820d1652a,"Find the vertices of AA'5'C, given the  translation rules below."
R3264,C0910,C0246,Application,0.2358,202,cbc7c79c61c1405eabdec41820d1652a,"Find the vertices of AA'5'C, given the  translation rules below."
R3265,C0027,C0266,Similarity,0.215,203,d8c5e7177d41421db6a98c2743c7785c,o  1  •  W  %  -  2  \  /  2  4  s  1  3  ^  From these examples we have learned that if a point is on the line of reflection then the image is  the same as the preimage.
R3266,C0027,C0911,Similarity,0.215,203,d8c5e7177d41421db6a98c2743c7785c,o  1  •  W  %  -  2  \  /  2  4  s  1  3  ^  From these examples we have learned that if a point is on the line of reflection then the image is  the same as the preimage.
R3267,C0027,C0912,Similarity,0.215,203,d8c5e7177d41421db6a98c2743c7785c,o  1  •  W  %  -  2  \  /  2  4  s  1  3  ^  From these examples we have learned that if a point is on the line of reflection then the image is  the same as the preimage.
R3268,C0029,C0266,Similarity,0.2623,203,d8c5e7177d41421db6a98c2743c7785c,o  1  •  W  %  -  2  \  /  2  4  s  1  3  ^  From these examples we have learned that if a point is on the line of reflection then the image is  the same as the preimage.
R3269,C0029,C0911,Similarity,0.2456,203,d8c5e7177d41421db6a98c2743c7785c,o  1  •  W  %  -  2  \  /  2  4  s  1  3  ^  From these examples we have learned that if a point is on the line of reflection then the image is  the same as the preimage.
R3270,C0029,C0912,Similarity,0.2439,203,d8c5e7177d41421db6a98c2743c7785c,o  1  •  W  %  -  2  \  /  2  4  s  1  3  ^  From these examples we have learned that if a point is on the line of reflection then the image is  the same as the preimage.
R3271,C0266,C0027,Similarity,0.215,203,d8c5e7177d41421db6a98c2743c7785c,o  1  •  W  %  -  2  \  /  2  4  s  1  3  ^  From these examples we have learned that if a point is on the line of reflection then the image is  the same as the preimage.
R3272,C0266,C0029,Similarity,0.2623,203,d8c5e7177d41421db6a98c2743c7785c,o  1  •  W  %  -  2  \  /  2  4  s  1  3  ^  From these examples we have learned that if a point is on the line of reflection then the image is  the same as the preimage.
R3273,C0266,C0911,Similarity,0.3518,203,d8c5e7177d41421db6a98c2743c7785c,o  1  •  W  %  -  2  \  /  2  4  s  1  3  ^  From these examples we have learned that if a point is on the line of reflection then the image is  the same as the preimage.
R3274,C0266,C0912,Similarity,0.3147,203,d8c5e7177d41421db6a98c2743c7785c,o  1  •  W  %  -  2  \  /  2  4  s  1  3  ^  From these examples we have learned that if a point is on the line of reflection then the image is  the same as the preimage.
R3275,C0911,C0027,Similarity,0.215,203,d8c5e7177d41421db6a98c2743c7785c,o  1  •  W  %  -  2  \  /  2  4  s  1  3  ^  From these examples we have learned that if a point is on the line of reflection then the image is  the same as the preimage.
R3276,C0911,C0029,Similarity,0.2456,203,d8c5e7177d41421db6a98c2743c7785c,o  1  •  W  %  -  2  \  /  2  4  s  1  3  ^  From these examples we have learned that if a point is on the line of reflection then the image is  the same as the preimage.
R3277,C0911,C0266,Similarity,0.3518,203,d8c5e7177d41421db6a98c2743c7785c,o  1  •  W  %  -  2  \  /  2  4  s  1  3  ^  From these examples we have learned that if a point is on the line of reflection then the image is  the same as the preimage.
R3278,C0911,C0912,Similarity,0.56,203,d8c5e7177d41421db6a98c2743c7785c,o  1  •  W  %  -  2  \  /  2  4  s  1  3  ^  From these examples we have learned that if a point is on the line of reflection then the image is  the same as the preimage.
R3279,C0912,C0027,Similarity,0.215,203,d8c5e7177d41421db6a98c2743c7785c,o  1  •  W  %  -  2  \  /  2  4  s  1  3  ^  From these examples we have learned that if a point is on the line of reflection then the image is  the same as the preimage.
R3280,C0912,C0029,Similarity,0.2439,203,d8c5e7177d41421db6a98c2743c7785c,o  1  •  W  %  -  2  \  /  2  4  s  1  3  ^  From these examples we have learned that if a point is on the line of reflection then the image is  the same as the preimage.
R3281,C0912,C0266,Similarity,0.3147,203,d8c5e7177d41421db6a98c2743c7785c,o  1  •  W  %  -  2  \  /  2  4  s  1  3  ^  From these examples we have learned that if a point is on the line of reflection then the image is  the same as the preimage.
R3282,C0912,C0911,Similarity,0.56,203,d8c5e7177d41421db6a98c2743c7785c,o  1  •  W  %  -  2  \  /  2  4  s  1  3  ^  From these examples we have learned that if a point is on the line of reflection then the image is  the same as the preimage.
R3283,C0109,C0127,Application,0.215,203,7704febcc51b46868ffb8e0c0c0975dd,"If the image does not intersect the preimage, find the midpoint between the preimage and its image."
R3284,C0109,C0911,Application,0.2475,203,7704febcc51b46868ffb8e0c0c0975dd,"If the image does not intersect the preimage, find the midpoint between the preimage and its image."
R3285,C0109,C0912,Application,0.2456,203,7704febcc51b46868ffb8e0c0c0975dd,"If the image does not intersect the preimage, find the midpoint between the preimage and its image."
R3286,C0127,C0109,Application,0.215,203,7704febcc51b46868ffb8e0c0c0975dd,"If the image does not intersect the preimage, find the midpoint between the preimage and its image."
R3287,C0127,C0911,Application,0.215,203,7704febcc51b46868ffb8e0c0c0975dd,"If the image does not intersect the preimage, find the midpoint between the preimage and its image."
R3288,C0127,C0912,Application,0.215,203,7704febcc51b46868ffb8e0c0c0975dd,"If the image does not intersect the preimage, find the midpoint between the preimage and its image."
R3289,C0911,C0109,Application,0.2475,203,7704febcc51b46868ffb8e0c0c0975dd,"If the image does not intersect the preimage, find the midpoint between the preimage and its image."
R3290,C0911,C0127,Application,0.215,203,7704febcc51b46868ffb8e0c0c0975dd,"If the image does not intersect the preimage, find the midpoint between the preimage and its image."
R3291,C0911,C0912,Application,0.56,203,7704febcc51b46868ffb8e0c0c0975dd,"If the image does not intersect the preimage, find the midpoint between the preimage and its image."
R3292,C0912,C0109,Application,0.2456,203,7704febcc51b46868ffb8e0c0c0975dd,"If the image does not intersect the preimage, find the midpoint between the preimage and its image."
R3293,C0912,C0127,Application,0.215,203,7704febcc51b46868ffb8e0c0c0975dd,"If the image does not intersect the preimage, find the midpoint between the preimage and its image."
R3294,C0912,C0911,Application,0.56,203,7704febcc51b46868ffb8e0c0c0975dd,"If the image does not intersect the preimage, find the midpoint between the preimage and its image."
R3295,C0029,C0196,Similarity,0.3143,204,8642f2bca08d414fb85cb158006678f0,You can reflect the trapezoid over this line just like we did in  Example 6.
R3296,C0029,C0611,Similarity,0.3,204,8642f2bca08d414fb85cb158006678f0,You can reflect the trapezoid over this line just like we did in  Example 6.
R3297,C0196,C0029,Similarity,0.3143,204,8642f2bca08d414fb85cb158006678f0,You can reflect the trapezoid over this line just like we did in  Example 6.
R3298,C0196,C0611,Similarity,0.215,204,8642f2bca08d414fb85cb158006678f0,You can reflect the trapezoid over this line just like we did in  Example 6.
R3299,C0611,C0029,Similarity,0.3,204,8642f2bca08d414fb85cb158006678f0,You can reflect the trapezoid over this line just like we did in  Example 6.
R3300,C0611,C0196,Similarity,0.215,204,8642f2bca08d414fb85cb158006678f0,You can reflect the trapezoid over this line just like we did in  Example 6.
R3301,C0017,C0029,Application,0.2535,204,d35101e05e5045d6bd6854dddcc64b5b,y = x  www.ckl2.org  632  *  td *—  8  *  -Z^Z -  Ml -IS -4 -\\-7\  7l (i J 1D  -Z J-  i^r  -6 — ™ f-  Find the line of reflection the blue triangle (preimage) and the red triangle (image) .
R3302,C0017,C0266,Application,0.2509,204,d35101e05e5045d6bd6854dddcc64b5b,y = x  www.ckl2.org  632  *  td *—  8  *  -Z^Z -  Ml -IS -4 -\\-7\  7l (i J 1D  -Z J-  i^r  -6 — ™ f-  Find the line of reflection the blue triangle (preimage) and the red triangle (image) .
R3303,C0017,C0911,Application,0.2602,204,d35101e05e5045d6bd6854dddcc64b5b,y = x  www.ckl2.org  632  *  td *—  8  *  -Z^Z -  Ml -IS -4 -\\-7\  7l (i J 1D  -Z J-  i^r  -6 — ™ f-  Find the line of reflection the blue triangle (preimage) and the red triangle (image) .
R3304,C0017,C0912,Application,0.2358,204,d35101e05e5045d6bd6854dddcc64b5b,y = x  www.ckl2.org  632  *  td *—  8  *  -Z^Z -  Ml -IS -4 -\\-7\  7l (i J 1D  -Z J-  i^r  -6 — ™ f-  Find the line of reflection the blue triangle (preimage) and the red triangle (image) .
R3305,C0029,C0017,Application,0.2535,204,d35101e05e5045d6bd6854dddcc64b5b,y = x  www.ckl2.org  632  *  td *—  8  *  -Z^Z -  Ml -IS -4 -\\-7\  7l (i J 1D  -Z J-  i^r  -6 — ™ f-  Find the line of reflection the blue triangle (preimage) and the red triangle (image) .
R3306,C0029,C0266,Application,0.3423,204,d35101e05e5045d6bd6854dddcc64b5b,y = x  www.ckl2.org  632  *  td *—  8  *  -Z^Z -  Ml -IS -4 -\\-7\  7l (i J 1D  -Z J-  i^r  -6 — ™ f-  Find the line of reflection the blue triangle (preimage) and the red triangle (image) .
R3307,C0029,C0911,Application,0.3256,204,d35101e05e5045d6bd6854dddcc64b5b,y = x  www.ckl2.org  632  *  td *—  8  *  -Z^Z -  Ml -IS -4 -\\-7\  7l (i J 1D  -Z J-  i^r  -6 — ™ f-  Find the line of reflection the blue triangle (preimage) and the red triangle (image) .
R3308,C0029,C0912,Application,0.3239,204,d35101e05e5045d6bd6854dddcc64b5b,y = x  www.ckl2.org  632  *  td *—  8  *  -Z^Z -  Ml -IS -4 -\\-7\  7l (i J 1D  -Z J-  i^r  -6 — ™ f-  Find the line of reflection the blue triangle (preimage) and the red triangle (image) .
R3309,C0266,C0017,Application,0.2509,204,d35101e05e5045d6bd6854dddcc64b5b,y = x  www.ckl2.org  632  *  td *—  8  *  -Z^Z -  Ml -IS -4 -\\-7\  7l (i J 1D  -Z J-  i^r  -6 — ™ f-  Find the line of reflection the blue triangle (preimage) and the red triangle (image) .
R3310,C0266,C0029,Application,0.3423,204,d35101e05e5045d6bd6854dddcc64b5b,y = x  www.ckl2.org  632  *  td *—  8  *  -Z^Z -  Ml -IS -4 -\\-7\  7l (i J 1D  -Z J-  i^r  -6 — ™ f-  Find the line of reflection the blue triangle (preimage) and the red triangle (image) .
R3311,C0266,C0911,Application,0.4318,204,d35101e05e5045d6bd6854dddcc64b5b,y = x  www.ckl2.org  632  *  td *—  8  *  -Z^Z -  Ml -IS -4 -\\-7\  7l (i J 1D  -Z J-  i^r  -6 — ™ f-  Find the line of reflection the blue triangle (preimage) and the red triangle (image) .
R3312,C0266,C0912,Application,0.3947,204,d35101e05e5045d6bd6854dddcc64b5b,y = x  www.ckl2.org  632  *  td *—  8  *  -Z^Z -  Ml -IS -4 -\\-7\  7l (i J 1D  -Z J-  i^r  -6 — ™ f-  Find the line of reflection the blue triangle (preimage) and the red triangle (image) .
R3313,C0911,C0017,Application,0.2602,204,d35101e05e5045d6bd6854dddcc64b5b,y = x  www.ckl2.org  632  *  td *—  8  *  -Z^Z -  Ml -IS -4 -\\-7\  7l (i J 1D  -Z J-  i^r  -6 — ™ f-  Find the line of reflection the blue triangle (preimage) and the red triangle (image) .
R3314,C0911,C0029,Application,0.3256,204,d35101e05e5045d6bd6854dddcc64b5b,y = x  www.ckl2.org  632  *  td *—  8  *  -Z^Z -  Ml -IS -4 -\\-7\  7l (i J 1D  -Z J-  i^r  -6 — ™ f-  Find the line of reflection the blue triangle (preimage) and the red triangle (image) .
R3315,C0911,C0266,Application,0.4318,204,d35101e05e5045d6bd6854dddcc64b5b,y = x  www.ckl2.org  632  *  td *—  8  *  -Z^Z -  Ml -IS -4 -\\-7\  7l (i J 1D  -Z J-  i^r  -6 — ™ f-  Find the line of reflection the blue triangle (preimage) and the red triangle (image) .
R3316,C0912,C0017,Application,0.2358,204,d35101e05e5045d6bd6854dddcc64b5b,y = x  www.ckl2.org  632  *  td *—  8  *  -Z^Z -  Ml -IS -4 -\\-7\  7l (i J 1D  -Z J-  i^r  -6 — ™ f-  Find the line of reflection the blue triangle (preimage) and the red triangle (image) .
R3317,C0912,C0029,Application,0.3239,204,d35101e05e5045d6bd6854dddcc64b5b,y = x  www.ckl2.org  632  *  td *—  8  *  -Z^Z -  Ml -IS -4 -\\-7\  7l (i J 1D  -Z J-  i^r  -6 — ™ f-  Find the line of reflection the blue triangle (preimage) and the red triangle (image) .
R3318,C0912,C0266,Application,0.3947,204,d35101e05e5045d6bd6854dddcc64b5b,y = x  www.ckl2.org  632  *  td *—  8  *  -Z^Z -  Ml -IS -4 -\\-7\  7l (i J 1D  -Z J-  i^r  -6 — ™ f-  Find the line of reflection the blue triangle (preimage) and the red triangle (image) .
R3319,C0202,C0266,Similarity,0.4075,204,d35101e05e5045d6bd6854dddcc64b5b,What one transformation would be the same as this double reflection?
R3320,C0202,C0925,Similarity,0.375,204,d35101e05e5045d6bd6854dddcc64b5b,What one transformation would be the same as this double reflection?
R3321,C0266,C0202,Similarity,0.4075,204,d35101e05e5045d6bd6854dddcc64b5b,What one transformation would be the same as this double reflection?
R3322,C0266,C0925,Similarity,0.4417,204,d35101e05e5045d6bd6854dddcc64b5b,What one transformation would be the same as this double reflection?
R3323,C0925,C0202,Similarity,0.375,204,d35101e05e5045d6bd6854dddcc64b5b,What one transformation would be the same as this double reflection?
R3324,C0925,C0266,Similarity,0.4417,204,d35101e05e5045d6bd6854dddcc64b5b,What one transformation would be the same as this double reflection?
R3325,C0026,C0037,Application,0.228,205,a92817a15689466ebf0b7b3a02b26d05,Learning Objectives  • Find the image of a figure in a rotation in a coordinate plane.
R3326,C0026,C0905,Application,0.2299,205,a92817a15689466ebf0b7b3a02b26d05,Learning Objectives  • Find the image of a figure in a rotation in a coordinate plane.
R3327,C0026,C0912,Application,0.2343,205,a92817a15689466ebf0b7b3a02b26d05,Learning Objectives  • Find the image of a figure in a rotation in a coordinate plane.
R3328,C0037,C0026,Application,0.228,205,a92817a15689466ebf0b7b3a02b26d05,Learning Objectives  • Find the image of a figure in a rotation in a coordinate plane.
R3329,C0037,C0113,Application,0.2874,205,a92817a15689466ebf0b7b3a02b26d05,Learning Objectives  • Find the image of a figure in a rotation in a coordinate plane.
R3330,C0037,C0905,Application,0.2294,205,a92817a15689466ebf0b7b3a02b26d05,Learning Objectives  • Find the image of a figure in a rotation in a coordinate plane.
R3331,C0037,C0912,Application,0.2336,205,a92817a15689466ebf0b7b3a02b26d05,Learning Objectives  • Find the image of a figure in a rotation in a coordinate plane.
R3332,C0113,C0037,Application,0.2874,205,a92817a15689466ebf0b7b3a02b26d05,Learning Objectives  • Find the image of a figure in a rotation in a coordinate plane.
R3333,C0113,C0905,Application,0.3226,205,a92817a15689466ebf0b7b3a02b26d05,Learning Objectives  • Find the image of a figure in a rotation in a coordinate plane.
R3334,C0113,C0912,Application,0.235,205,a92817a15689466ebf0b7b3a02b26d05,Learning Objectives  • Find the image of a figure in a rotation in a coordinate plane.
R3335,C0905,C0026,Application,0.2299,205,a92817a15689466ebf0b7b3a02b26d05,Learning Objectives  • Find the image of a figure in a rotation in a coordinate plane.
R3336,C0905,C0037,Application,0.2294,205,a92817a15689466ebf0b7b3a02b26d05,Learning Objectives  • Find the image of a figure in a rotation in a coordinate plane.
R3337,C0905,C0113,Application,0.3226,205,a92817a15689466ebf0b7b3a02b26d05,Learning Objectives  • Find the image of a figure in a rotation in a coordinate plane.
R3338,C0905,C0912,Application,0.3626,205,a92817a15689466ebf0b7b3a02b26d05,Learning Objectives  • Find the image of a figure in a rotation in a coordinate plane.
R3339,C0912,C0026,Application,0.2343,205,a92817a15689466ebf0b7b3a02b26d05,Learning Objectives  • Find the image of a figure in a rotation in a coordinate plane.
R3340,C0912,C0037,Application,0.2336,205,a92817a15689466ebf0b7b3a02b26d05,Learning Objectives  • Find the image of a figure in a rotation in a coordinate plane.
R3341,C0912,C0113,Application,0.235,205,a92817a15689466ebf0b7b3a02b26d05,Learning Objectives  • Find the image of a figure in a rotation in a coordinate plane.
R3342,C0912,C0905,Application,0.3626,205,a92817a15689466ebf0b7b3a02b26d05,Learning Objectives  • Find the image of a figure in a rotation in a coordinate plane.
R3343,C0028,C0772,Application,0.2609,205,a92817a15689466ebf0b7b3a02b26d05,Find the  center of rotation and the angle of rotation for each image.
R3344,C0028,C0912,Application,0.2329,205,a92817a15689466ebf0b7b3a02b26d05,Find the  center of rotation and the angle of rotation for each image.
R3345,C0772,C0028,Application,0.2609,205,a92817a15689466ebf0b7b3a02b26d05,Find the  center of rotation and the angle of rotation for each image.
R3346,C0772,C0905,Application,0.2509,205,a92817a15689466ebf0b7b3a02b26d05,Find the  center of rotation and the angle of rotation for each image.
R3347,C0772,C0912,Application,0.2645,205,a92817a15689466ebf0b7b3a02b26d05,Find the  center of rotation and the angle of rotation for each image.
R3348,C0905,C0772,Application,0.2509,205,a92817a15689466ebf0b7b3a02b26d05,Find the  center of rotation and the angle of rotation for each image.
R3349,C0912,C0028,Application,0.2329,205,a92817a15689466ebf0b7b3a02b26d05,Find the  center of rotation and the angle of rotation for each image.
R3350,C0912,C0772,Application,0.2645,205,a92817a15689466ebf0b7b3a02b26d05,Find the  center of rotation and the angle of rotation for each image.
R3351,C0127,C0905,Similarity,0.215,206,0857b44eb2d340a9b158cb7f84d13cd7,"90° Rotation  Similar to the 180° rotation, the image of a 90° will be the same distance away from the origin as its  preimage, but rotated 90°."
R3352,C0127,C0911,Similarity,0.295,206,0857b44eb2d340a9b158cb7f84d13cd7,"90° Rotation  Similar to the 180° rotation, the image of a 90° will be the same distance away from the origin as its  preimage, but rotated 90°."
R3353,C0127,C0912,Similarity,0.295,206,0857b44eb2d340a9b158cb7f84d13cd7,"90° Rotation  Similar to the 180° rotation, the image of a 90° will be the same distance away from the origin as its  preimage, but rotated 90°."
R3354,C0905,C0127,Similarity,0.215,206,0857b44eb2d340a9b158cb7f84d13cd7,"90° Rotation  Similar to the 180° rotation, the image of a 90° will be the same distance away from the origin as its  preimage, but rotated 90°."
R3355,C0905,C0911,Similarity,0.2836,206,0857b44eb2d340a9b158cb7f84d13cd7,"90° Rotation  Similar to the 180° rotation, the image of a 90° will be the same distance away from the origin as its  preimage, but rotated 90°."
R3356,C0905,C0912,Similarity,0.4426,206,0857b44eb2d340a9b158cb7f84d13cd7,"90° Rotation  Similar to the 180° rotation, the image of a 90° will be the same distance away from the origin as its  preimage, but rotated 90°."
R3357,C0911,C0127,Similarity,0.295,206,0857b44eb2d340a9b158cb7f84d13cd7,"90° Rotation  Similar to the 180° rotation, the image of a 90° will be the same distance away from the origin as its  preimage, but rotated 90°."
R3358,C0911,C0905,Similarity,0.2836,206,0857b44eb2d340a9b158cb7f84d13cd7,"90° Rotation  Similar to the 180° rotation, the image of a 90° will be the same distance away from the origin as its  preimage, but rotated 90°."
R3359,C0912,C0127,Similarity,0.295,206,0857b44eb2d340a9b158cb7f84d13cd7,"90° Rotation  Similar to the 180° rotation, the image of a 90° will be the same distance away from the origin as its  preimage, but rotated 90°."
R3360,C0912,C0905,Similarity,0.4426,206,0857b44eb2d340a9b158cb7f84d13cd7,"90° Rotation  Similar to the 180° rotation, the image of a 90° will be the same distance away from the origin as its  preimage, but rotated 90°."
R3361,C0252,C0905,Application,0.215,206,3c51dce2a09d4d87a20402a855962b94,Example 6: Find the coordinates of ABCD after a 270° rotation.
R3362,C0905,C0252,Application,0.215,206,3c51dce2a09d4d87a20402a855962b94,Example 6: Find the coordinates of ABCD after a 270° rotation.
R3363,C0266,C0415,Similarity,0.215,208,19aaf7277ad2443ab7fac3649db2b6d2,"-3  2 i  I i  )  B 1  D*  /l  e  n  -U  Solution: Unlike a glide reflection, order matters."
R3364,C0266,C0921,Similarity,0.2749,208,19aaf7277ad2443ab7fac3649db2b6d2,"-3  2 i  I i  )  B 1  D*  /l  e  n  -U  Solution: Unlike a glide reflection, order matters."
R3365,C0415,C0266,Similarity,0.215,208,19aaf7277ad2443ab7fac3649db2b6d2,"-3  2 i  I i  )  B 1  D*  /l  e  n  -U  Solution: Unlike a glide reflection, order matters."
R3366,C0415,C0921,Similarity,0.215,208,19aaf7277ad2443ab7fac3649db2b6d2,"-3  2 i  I i  )  B 1  D*  /l  e  n  -U  Solution: Unlike a glide reflection, order matters."
R3367,C0921,C0266,Similarity,0.2749,208,19aaf7277ad2443ab7fac3649db2b6d2,"-3  2 i  I i  )  B 1  D*  /l  e  n  -U  Solution: Unlike a glide reflection, order matters."
R3368,C0921,C0415,Similarity,0.215,208,19aaf7277ad2443ab7fac3649db2b6d2,"-3  2 i  I i  )  B 1  D*  /l  e  n  -U  Solution: Unlike a glide reflection, order matters."
R3369,C0014,C0266,Similarity,0.4223,209,25ae6a159bf9439995b4786ca9f8058e,The  double reflection is the same as a translation that is double the distance between the parallel lines.
R3370,C0014,C0281,Similarity,0.3976,209,25ae6a159bf9439995b4786ca9f8058e,The  double reflection is the same as a translation that is double the distance between the parallel lines.
R3371,C0014,C0910,Similarity,0.435,209,25ae6a159bf9439995b4786ca9f8058e,The  double reflection is the same as a translation that is double the distance between the parallel lines.
R3372,C0014,C0925,Similarity,0.295,209,25ae6a159bf9439995b4786ca9f8058e,The  double reflection is the same as a translation that is double the distance between the parallel lines.
R3373,C0266,C0014,Similarity,0.4223,209,25ae6a159bf9439995b4786ca9f8058e,The  double reflection is the same as a translation that is double the distance between the parallel lines.
R3374,C0266,C0281,Similarity,0.4695,209,25ae6a159bf9439995b4786ca9f8058e,The  double reflection is the same as a translation that is double the distance between the parallel lines.
R3375,C0266,C0910,Similarity,0.4559,209,25ae6a159bf9439995b4786ca9f8058e,The  double reflection is the same as a translation that is double the distance between the parallel lines.
R3376,C0281,C0014,Similarity,0.3976,209,25ae6a159bf9439995b4786ca9f8058e,The  double reflection is the same as a translation that is double the distance between the parallel lines.
R3377,C0281,C0266,Similarity,0.4695,209,25ae6a159bf9439995b4786ca9f8058e,The  double reflection is the same as a translation that is double the distance between the parallel lines.
R3378,C0281,C0910,Similarity,0.4109,209,25ae6a159bf9439995b4786ca9f8058e,The  double reflection is the same as a translation that is double the distance between the parallel lines.
R3379,C0281,C0925,Similarity,0.4592,209,25ae6a159bf9439995b4786ca9f8058e,The  double reflection is the same as a translation that is double the distance between the parallel lines.
R3380,C0910,C0014,Similarity,0.435,209,25ae6a159bf9439995b4786ca9f8058e,The  double reflection is the same as a translation that is double the distance between the parallel lines.
R3381,C0910,C0266,Similarity,0.4559,209,25ae6a159bf9439995b4786ca9f8058e,The  double reflection is the same as a translation that is double the distance between the parallel lines.
R3382,C0910,C0281,Similarity,0.4109,209,25ae6a159bf9439995b4786ca9f8058e,The  double reflection is the same as a translation that is double the distance between the parallel lines.
R3383,C0910,C0925,Similarity,0.56,209,25ae6a159bf9439995b4786ca9f8058e,The  double reflection is the same as a translation that is double the distance between the parallel lines.
R3384,C0925,C0014,Similarity,0.295,209,25ae6a159bf9439995b4786ca9f8058e,The  double reflection is the same as a translation that is double the distance between the parallel lines.
R3385,C0925,C0281,Similarity,0.4592,209,25ae6a159bf9439995b4786ca9f8058e,The  double reflection is the same as a translation that is double the distance between the parallel lines.
R3386,C0925,C0910,Similarity,0.56,209,25ae6a159bf9439995b4786ca9f8058e,The  double reflection is the same as a translation that is double the distance between the parallel lines.
R3387,C0014,C0045,Similarity,0.3285,209,25ae6a159bf9439995b4786ca9f8058e,"(x,y) -> (x,y-W)  Reflections over Parallel Lines Theorem: The composition of two reflections over parallel lines that  are h units apart, it is the same as a translation of 2h units."
R3388,C0014,C0922,Similarity,0.3659,209,25ae6a159bf9439995b4786ca9f8058e,"(x,y) -> (x,y-W)  Reflections over Parallel Lines Theorem: The composition of two reflections over parallel lines that  are h units apart, it is the same as a translation of 2h units."
R3389,C0045,C0014,Similarity,0.3285,209,25ae6a159bf9439995b4786ca9f8058e,"(x,y) -> (x,y-W)  Reflections over Parallel Lines Theorem: The composition of two reflections over parallel lines that  are h units apart, it is the same as a translation of 2h units."
R3390,C0045,C0281,Similarity,0.295,209,25ae6a159bf9439995b4786ca9f8058e,"(x,y) -> (x,y-W)  Reflections over Parallel Lines Theorem: The composition of two reflections over parallel lines that  are h units apart, it is the same as a translation of 2h units."
R3391,C0045,C0910,Similarity,0.3528,209,25ae6a159bf9439995b4786ca9f8058e,"(x,y) -> (x,y-W)  Reflections over Parallel Lines Theorem: The composition of two reflections over parallel lines that  are h units apart, it is the same as a translation of 2h units."
R3392,C0045,C0922,Similarity,0.3789,209,25ae6a159bf9439995b4786ca9f8058e,"(x,y) -> (x,y-W)  Reflections over Parallel Lines Theorem: The composition of two reflections over parallel lines that  are h units apart, it is the same as a translation of 2h units."
R3393,C0281,C0045,Similarity,0.295,209,25ae6a159bf9439995b4786ca9f8058e,"(x,y) -> (x,y-W)  Reflections over Parallel Lines Theorem: The composition of two reflections over parallel lines that  are h units apart, it is the same as a translation of 2h units."
R3394,C0281,C0922,Similarity,0.3366,209,25ae6a159bf9439995b4786ca9f8058e,"(x,y) -> (x,y-W)  Reflections over Parallel Lines Theorem: The composition of two reflections over parallel lines that  are h units apart, it is the same as a translation of 2h units."
R3395,C0910,C0045,Similarity,0.3528,209,25ae6a159bf9439995b4786ca9f8058e,"(x,y) -> (x,y-W)  Reflections over Parallel Lines Theorem: The composition of two reflections over parallel lines that  are h units apart, it is the same as a translation of 2h units."
R3396,C0910,C0922,Similarity,0.6364,209,25ae6a159bf9439995b4786ca9f8058e,"(x,y) -> (x,y-W)  Reflections over Parallel Lines Theorem: The composition of two reflections over parallel lines that  are h units apart, it is the same as a translation of 2h units."
R3397,C0922,C0014,Similarity,0.3659,209,25ae6a159bf9439995b4786ca9f8058e,"(x,y) -> (x,y-W)  Reflections over Parallel Lines Theorem: The composition of two reflections over parallel lines that  are h units apart, it is the same as a translation of 2h units."
R3398,C0922,C0045,Similarity,0.3789,209,25ae6a159bf9439995b4786ca9f8058e,"(x,y) -> (x,y-W)  Reflections over Parallel Lines Theorem: The composition of two reflections over parallel lines that  are h units apart, it is the same as a translation of 2h units."
R3399,C0922,C0281,Similarity,0.3366,209,25ae6a159bf9439995b4786ca9f8058e,"(x,y) -> (x,y-W)  Reflections over Parallel Lines Theorem: The composition of two reflections over parallel lines that  are h units apart, it is the same as a translation of 2h units."
R3400,C0922,C0910,Similarity,0.6364,209,25ae6a159bf9439995b4786ca9f8058e,"(x,y) -> (x,y-W)  Reflections over Parallel Lines Theorem: The composition of two reflections over parallel lines that  are h units apart, it is the same as a translation of 2h units."
R3401,C0202,C0910,Similarity,0.2431,209,c36c7a1afb74429289f97b35d57458cc,Determine which one translation this double reflection would be the same as.
R3402,C0910,C0202,Similarity,0.2431,209,c36c7a1afb74429289f97b35d57458cc,Determine which one translation this double reflection would be the same as.
R3403,C0045,C0266,Similarity,0.2465,209,15b7caa02a984e3b932ac5cf90b12472,"Solution: From the Reflections over Parallel Lines Theorem, we know that this double reflection is going  to be the same as a single translation of 2(l-(— 5)) or 12 units."
R3404,C0045,C0925,Similarity,0.215,209,15b7caa02a984e3b932ac5cf90b12472,"Solution: From the Reflections over Parallel Lines Theorem, we know that this double reflection is going  to be the same as a single translation of 2(l-(— 5)) or 12 units."
R3405,C0266,C0045,Similarity,0.2465,209,15b7caa02a984e3b932ac5cf90b12472,"Solution: From the Reflections over Parallel Lines Theorem, we know that this double reflection is going  to be the same as a single translation of 2(l-(— 5)) or 12 units."
R3406,C0266,C0922,Similarity,0.28,209,15b7caa02a984e3b932ac5cf90b12472,"Solution: From the Reflections over Parallel Lines Theorem, we know that this double reflection is going  to be the same as a single translation of 2(l-(— 5)) or 12 units."
R3407,C0922,C0266,Similarity,0.28,209,15b7caa02a984e3b932ac5cf90b12472,"Solution: From the Reflections over Parallel Lines Theorem, we know that this double reflection is going  to be the same as a single translation of 2(l-(— 5)) or 12 units."
R3408,C0922,C0925,Similarity,0.3633,209,15b7caa02a984e3b932ac5cf90b12472,"Solution: From the Reflections over Parallel Lines Theorem, we know that this double reflection is going  to be the same as a single translation of 2(l-(— 5)) or 12 units."
R3409,C0925,C0045,Similarity,0.215,209,15b7caa02a984e3b932ac5cf90b12472,"Solution: From the Reflections over Parallel Lines Theorem, we know that this double reflection is going  to be the same as a single translation of 2(l-(— 5)) or 12 units."
R3410,C0925,C0922,Similarity,0.3633,209,15b7caa02a984e3b932ac5cf90b12472,"Solution: From the Reflections over Parallel Lines Theorem, we know that this double reflection is going  to be the same as a single translation of 2(l-(— 5)) or 12 units."
R3411,C0202,C0266,Application,0.4075,209,a1a7b37b1e904ec6910ee1744ad0bd25,"Find the coordinates  of aD""E""F"" and the one transformation this double reflection is the same as."
R3412,C0202,C0925,Application,0.375,209,a1a7b37b1e904ec6910ee1744ad0bd25,"Find the coordinates  of aD""E""F"" and the one transformation this double reflection is the same as."
R3413,C0266,C0202,Application,0.4075,209,a1a7b37b1e904ec6910ee1744ad0bd25,"Find the coordinates  of aD""E""F"" and the one transformation this double reflection is the same as."
R3414,C0266,C0925,Application,0.4417,209,a1a7b37b1e904ec6910ee1744ad0bd25,"Find the coordinates  of aD""E""F"" and the one transformation this double reflection is the same as."
R3415,C0925,C0202,Application,0.375,209,a1a7b37b1e904ec6910ee1744ad0bd25,"Find the coordinates  of aD""E""F"" and the one transformation this double reflection is the same as."
R3416,C0925,C0266,Application,0.4417,209,a1a7b37b1e904ec6910ee1744ad0bd25,"Find the coordinates  of aD""E""F"" and the one transformation this double reflection is the same as."
R3417,C0278,C0279,Similarity,0.3652,210,93b156029ccb4234a3dc6208d6f5e612,It should look like this:  (Patty paper could be used here).
R3418,C0279,C0278,Similarity,0.3652,210,93b156029ccb4234a3dc6208d6f5e612,It should look like this:  (Patty paper could be used here).
R3419,C0045,C0905,Similarity,0.2291,210,fb66111a5d7a456994a2989c1570b938,"Solution: From the theorem above, this is the same as a rotation of 2 • 79° = 178°."
R3420,C0905,C0045,Similarity,0.2291,210,fb66111a5d7a456994a2989c1570b938,"Solution: From the theorem above, this is the same as a rotation of 2 • 79° = 178°."
R3421,C0014,C0202,Similarity,0.3118,210,fb66111a5d7a456994a2989c1570b938,What one transformation is the same as a reflection over two parallel lines?
R3422,C0202,C0014,Similarity,0.3118,210,fb66111a5d7a456994a2989c1570b938,What one transformation is the same as a reflection over two parallel lines?
R3423,C0202,C0281,Similarity,0.2308,210,fb66111a5d7a456994a2989c1570b938,What one transformation is the same as a reflection over two parallel lines?
R3424,C0281,C0202,Similarity,0.2308,210,fb66111a5d7a456994a2989c1570b938,What one transformation is the same as a reflection over two parallel lines?
R3425,C0202,C0924,Similarity,0.2637,210,fb66111a5d7a456994a2989c1570b938,What one transformation is the same as a reflection over two intersecting lines?
R3426,C0266,C0924,Similarity,0.28,210,fb66111a5d7a456994a2989c1570b938,What one transformation is the same as a reflection over two intersecting lines?
R3427,C0924,C0202,Similarity,0.2637,210,fb66111a5d7a456994a2989c1570b938,What one transformation is the same as a reflection over two intersecting lines?
R3428,C0924,C0266,Similarity,0.28,210,fb66111a5d7a456994a2989c1570b938,What one transformation is the same as a reflection over two intersecting lines?
